ID,Domain,Name,Max Rate
6738,"verizon.com","Verizon","6.5%"
6739,"philo.com","Philo","$13.00"
6744,"89thandmadison.com","89th + Madison","3.9%"
6745,"525america.com","525 America","3.3%"
6754,"drop.com","Drop","1.3%"
6765,"ravpower.com","RAVPower","7.8%"
6767,"memorycross.com","Memory Cross Inc.","9.8%"
6768,"enjoyflowers.com","Enjoy Flowers","6.5%"
6771,"80eighty.com","80eighty, llc","6.5%"
6781,"idratherbewithmydog.net","I'd Rather Be With My Dog","0.7%"
6782,"rothys.com","Rothy’s","2.6%"
6787,"jegs.com","JEGS","1.3%"
6789,"showersplus.com","ShowersPlus.com","6.5%"
6793,"ilovedooney.com","ILoveDooney","1.3%"
6795,"misook.com","Misook","0.7%"
6796,"betteryourhealth.com","Natural Vitality","6.5%"
6796,"naturalvitality.com","Natural Vitality","6.5%"
6798,"pureology.com","Pureology","3.9%"
6799,"instacart.com","Instacart","$3.25"
6805,"capri-blue.com","Capri-Blue","4.2%"
6820,"pikolinos.com","PIKOLINOS","9.8%"
6823,"kutfromthekloth.com","kut from the kloth","13%"
6827,"graflantz.com","Graf Lantz","4.6%"
6853,"zerobreeze.com","Zero Breeze","3.3%"
6858,"diyanu.com","D'iyanu","3.3%"
6867,"anypromo.com","AnyPromo","1.3%"
6868,"shoppingbookmarks.com","ShoppingBookmarks.com","3.3%"
6881,"sharkninja.com","Shark Clean","2.6%"
6881,"sharkclean.com","Shark Clean","2.6%"
6898,"fusereel.com","Fuse Reel","9.8%"
6901,"lyfefuel.com","LYFE Fuel","5.2%"
6918,"sunshinejewelry.com","Sunshine Jewelry","11.4%"
6919,"jrroses.com","Jrroses.com","6.5%"
6922,"magicworldonline.com","MagicWorldOnline","3.3%"
6936,"jrenee.com","J Renee","4.6%"
6938,"ingridandisabel.com","Ingrid & Isabel","3.9%"
6966,"wetnwildbeauty.com","Wet n Wild","3.9%"
6967,"teamzealios.com","Zealios","13%"
6969,"karenkane.com","Karen Kane","1.3%"
7004,"sferra.com","SFERRA Fine Linens","2.6%"
7005,"joyoshare.com","Joyoshare","39%"
7007,"us.zadig-et-voltaire.com","Zadig & Voltaire","7.8%"
7007,"zadig-et-voltaire.com","Zadig & Voltaire","7.8%"
7021,"xpandlaces.com","Xpand Inc.","6.5%"
7031,"hipstiks.com","Hipstik® Legwear","9.8%"
7035,"maddafella.com","Madda Fella","5.2%"
7036,"arhaus.com","Arhaus","1.3%"
7043,"americanblinds.com","American Blinds","1.3%"
7047,"truereligionbrandjeans.com","True Religion","2.6%"
7047,"truereligion.com","True Religion","2.6%"
7052,"genietraveler.com","Genie Traveler","13%"
7053,"vitalsleep.com","VitalSleep","9.8%"
7059,"english4today.com","English4Today","13%"
7067,"alwayswebhosting.com","AlwaysWebHosting.com","$16.25"
7072,"iloveantix.com","Antix Clothing","13%"
7077,"beekshop.com","beek","2.6%"
7082,"us.nakedwines.com","NakedWines.com","$16.25"
7082,"nakedwines.com","NakedWines.com","$16.25"
7084,"campusprotein.com","Campus Protein","6.5%"
7142,"herbivorebotanicals.com","Herbivore Botanicals","3.9%"
7144,"borghese.com","Borghese","2.6%"
7145,"physiciansformula.com","Physicians Formula","3.9%"
7146,"eccobella.com","Ecco Bella","13%"
7156,"paddywax.com","Paddywax","6.5%"
7168,"kimerakoffee.com","Kimera Koffee","9.8%"
7170,"tubbytodd.com","Tubby Todd Bath Co","2%"
7174,"cprtestcenter.com","CPR Test Center","6.5%"
7189,"kbeads.com","Kbeads","3.3%"
7194,"gearinfusion.com","Gear Infusion","6.5%"
7199,"mingwang.com","Ming Wang Knits","3.9%"
7199,"mingwangknits.com","Ming Wang Knits","3.9%"
7201,"beebeecraft.com","Beebeecraft","3.3%"
7210,"couponsurfer.com","Coupon Surfer","$0.13"
7213,"hostned.com","HostNed Web Hosting","$13.00"
7221,"footcardigan.com","Foot Cardigan","0.7%"
7229,"easysmx.com","EasySMX Co., Ltd","6.5%"
7240,"stickershoppe.com","StickerShoppe.com","6.5%"
7242,"russellorganics.com","Russell Organics, LLC","6.5%"
7276,"mukhayoga.com","Mukha Yoga","5.2%"
7277,"gobiheat.com","Gobi Heat","3.9%"
7282,"swansonvitamins.com","Swanson Health","2%"
7283,"sullenclothing.com","Sullen Clothing","9.8%"
7330,"diabetesstore.com","Diabetes Store","5.2%"
7688,"golfavenue.com","Golf Avenue","1.3%"
7693,"kindsnacks.com","KIND Snacks","3.3%"
7695,"vennskincare.com","VENN Skincare","5.2%"
7696,"nextmar.com","Zeelool","3.9%"
7696,"zeelool-de.com","Zeelool","7.2%"
7696,"zeelool.com","Zeelool","3.9%"
7700,"beachsissi.com","www.beachsissi.com","4.6%"
7710,"kentfaith.com","K&F Concept","6.5%"
7711,"roddandgunn.com","Rodd & Gunn","1.3%"
7715,"boundarysupply.com","Boundary Supply","13%"
7721,"proenzaschouler.com","Proenza Schouler LLC","0.5%"
7736,"elietahari.com","Elie Tahari","3.9%"
7742,"lasfit.com","Lasfit","0.3%"
7745,"dailygreatness.co","Daily Greatness","6.5%"
7750,"smithhonig.com","SmithHönig","2.6%"
7750,"boholuxehome.com","SmithHönig","2.6%"
7752,"prodigygame.com","Prodigy","16.3%"
7757,"clarksbotanicals.com","Clarks Botanicals","3.3%"
7765,"sideshow.com","Sideshow","0.7%"
7766,"evanevanstours.com","Evan Evans Tours","4.6%"
7767,"1password.com","1Password","20.8%"
7771,"wherelight.com","Wherelight","6.5%"
7772,"dansko.com","Dansko","3.9%"
7774,"minimioche.com","Mini Mioche","3.3%"
7775,"stellamccartney.com","Stella McCartney","2.6%"
7780,"cashmereinlove.com","Cashmere in Love","5.2%"
7782,"niccolohotels.com","Niccolo Hotels","2.6%"
7784,"oneplus.com","OnePlus","2%"
7786,"simpletire.com","SimpleTire","2%"
7787,"flattummyco.com","Flat Tummy Co","3.9%"
7796,"tesvor.com","TESVOR","5.2%"
7801,"compex.com","Compex","3.9%"
7803,"theory.com","Theory Apparel","1%"
7810,"allbirds.com","Allbirds","2.6%"
7818,"focusfactor.com","Focus Factor","3.9%"
7819,"scripts.affilired.com","Delphinus","5.9%"
7819,"delphinusworld.com","Delphinus","5.9%"
7861,"vince.com","Vince","1.3%"
7862,"culturekings.com","Culture Kings","2%"
7874,"natracure.com","NatraCure","6.5%"
7877,"fifthroom.com","Fifthroom.com","6.5%"
7880,"shop.dometic.com","Dometic","3.3%"
7880,"dometic.com","Dometic","3.3%"
7882,"ashampoo.com","Ashampoo","19.5%"
7888,"trekbikes.com","Trek Bicycle","3.3%"
7890,"logitechg.com","Logitech G","2.6%"
7891,"matadorup.com","Matador","0.7%"
7891,"matadorequipment.com","Matador","0.7%"
7927,"scalahosting.com","Scala Hosting","$195.00"
8005,"cottonon.com","Cotton On","2%"
8022,"kissmyketo.com","Kiss My Keto","7.8%"
8023,"logomaker.com","LogoMix","9.8%"
8029,"heatholders.com","Heat Holders","1.6%"
8038,"moxdirect.com","MOXXOR","6.5%"
8042,"taylorstitch.com","Taylor Stitch","2.6%"
8047,"maps.com","MAPS.com","6.5%"
8102,"wineonsale.com","Wine On Sale","3.3%"
8106,"jambu.com","Jambu","4.6%"
8114,"edreams.net","eDreams","3.9%"
8163,"johnrobshaw.com","John Robshaw","3.3%"
8168,"hamiltonbeach.com","Hamilton Beach","7.8%"
8174,"vinylmeplease.com","Vinyl Me, Please","4.6%"
8185,"ooni.com","Ooni","6.5%"
8187,"jumperthreads.com","JUMPER Premium Threads","5.2%"
8241,"skinnydiplondon.com","Skinnydip","9.8%"
8246,"titlenine.com","Title Nine","6.5%"
8247,"fashionfabricsclub.com","Fashion Fabrics Club","7.8%"
8250,"sea-ny.com","Sea New York","4.6%"
8257,"melindamaria.com","Melinda Maria","3.9%"
8266,"rvca.com","RVCA","2%"
8268,"belkin.com","Belkin","3.9%"
8278,"aeraforhome.com","Aera","3.9%"
8281,"bonjourglobal.com","Bonjour Global Development Limited","3.3%"
8350,"worldnutrition.net","World Nutrition Inc.","13%"
8357,"carolina.com","Carolina Biological Supply Company","2%"
8365,"rvshare.com","RVshare","3.9%"
8423,"gantri.com","Gantri","2.6%"
8434,"4seating.com","4seating.com","5.2%"
8516,"pvolve.com","Pvolve","2.6%"
8552,"bannerbuzz.com","BannerBuzz","5.2%"
8614,"thisworks.com","This Works Cosmetics","3.3%"
8632,"ivyrobes.com","Ivy Robes","5.2%"
8733,"aimeekestenberg.com","Aimee Kestenberg","6.5%"
8742,"tokbeauty.com","TOK Beauty","6.5%"
8747,"brightech.com","Brightech","4.6%"
8747,"brightechshop.com","Brightech","4.6%"
8749,"surfshark.com","Surfshark","42.3%"
8753,"drcomfort.com","Dr. Comfort","2%"
8758,"bluecoolers.com","Blue Coolers","2.6%"
8759,"lucyd.co","Lucyd","6.5%"
8768,"surveyjunkie.com","Survey Junkie","$22.75"
8775,"onlinestarmap.com","Online StarMap","13%"
8784,"antonioli.eu","Antonioli","6.5%"
8786,"shopsonix.com","ShopSonix","6.5%"
8790,"smalls.com","Smalls","13%"
8790,"smallsforsmalls.com","Smalls","13%"
8791,"mindvalley.com","Mindvalley","3.3%"
8904,"grosche.ca","Grosche International Inc.","6.5%"
8906,"wholesalechess.com","Wholesale Chess","2%"
8908,"elevationlab.com","Elevation Lab","6.5%"
8913,"codakid.com","CodaKid","7.8%"
8920,"gochirp.com","Chirp","0.7%"
8925,"savoryspiceshop.com","Savory Spice Shop","4.6%"
8929,"takeyausa.com","Takeya USA","5.2%"
8942,"culinaryteas.com","Culinary Teas","6.5%"
8945,"shop.brandless.com","Brandless","9.8%"
8945,"brandless.com","Brandless","9.8%"
8948,"bemz.com","Bemz","5.2%"
8953,"eatwith.com","EatWith","5.2%"
8958,"chicos.com","Chico's","1.3%"
8969,"magix.com","MAGIX & VEGAS Creative Software","26%"
8974,"kammok.com","Kammok","3.3%"
8981,"freshdirect.com","FreshDirect","3.9%"
8989,"rossignol.com","Rossignol","3.9%"
9136,"aninebing.com","ANINE BING","5.2%"
9179,"shop.mukzin.com","Mukzin","9.8%"
9185,"especiallyyours.com","Especially Yours","3.3%"
9190,"hellomolly.com","HelloMolly","5.2%"
9192,"jumpsport.com","JumpSport","1.3%"
9193,"cookunity.com","CookUnity","$9.75"
9194,"myheritage.com","MyHeritage","19.5%"
9202,"qunol.com","Qunol","3.3%"
9218,"h10hotels.com","H10 Hotels","3.9%"
9219,"corinthia.com","Corinthia","4.6%"
9221,"chatrium.com","Chatrium Hotels","3.9%"
9222,"dusit.com","Dusit International","3.3%"
9223,"lebua.com","Lebua Hotels","3.3%"
9224,"onyx-hospitality.com","Onyx Hospitality","2.6%"
9229,"belivehotels.com","Be Live Hotels","2.9%"
9232,"oberoihotels.com","Oberoi Hotels","3.9%"
9233,"tridenthotels.com","Trident Hotels","3.9%"
9241,"backsupportsystems.com","Back Support Systems INC","4.6%"
9245,"pedroshoes.com","Pedro Shoes","4.6%"
9249,"illesteva.com","illesteva","2%"
9252,"mignonfaget.com","Mignon Faget","2.6%"
9253,"dell.com","Dell Home & Home Office","4.6%"
9258,"gabrielny.com","Gabriel & Co.","3.3%"
9263,"lensabl.com","Lensabl - The Online Optometrist","3.9%"
9265,"cox.com","Cox Communications","$48.75"
9268,"photowhoa.com","photowhoa","13%"
9274,"leam.com","Leam","5.9%"
9291,"driftaway.coffee","Driftaway Coffee","5.2%"
9296,"glarrymusic.com","Glarry Music","7.8%"
9299,"melodysusie.com","MelodySusie","6.5%"
9302,"dior.com","Dior Beauty","5.2%"
9303,"maxpeedingrods.com","MaXpeedingrods","5.2%"
9305,"threedots.com","Three Dots","3.3%"
9350,"whiskerslaces.com","Whiskers Laces","13%"
9351,"odealarose.com","Ode à la Rose","5.2%"
9355,"nurx.com","Nurx","$6.50"
9384,"ca.attitudeliving.com","Attitude Living","2.6%"
9384,"attitudeliving.com","Attitude Living","2.6%"
9386,"urbanstems.com","UrbanStems","11.1%"
9389,"luxdecorcollection.com","Lux Decor Collection","16.3%"
9455,"310nutrition.com","310 Nutrition","6.5%"
9458,"forzasports.com","Forza Sports","6.5%"
9472,"brooklynbrewshop.com","Brooklyn Brew Shop","9.8%"
9475,"ericjavits.com","Eric Javits","3.3%"
9483,"gainful.com","Gainful","6.5%"
9484,"derek-rose.com","Derek Rose","3.9%"
9517,"felina.com","Felina Intimates","6.5%"
9519,"beach.ly","Beachly","$16.25"
9519,"beachly.com","Beachly","$16.25"
9525,"esrgear.com","ESR Gear","8.5%"
9525,"esrtech.com","ESR Gear","8.5%"
9580,"yourmechanic.com","YourMechanic","$6.50"
31259,"llbean.com","L.L. Bean","2%"
32316,"thewinstonbox.com","The Winston Box","$16.25"
34452,"splashwines.com","Splash Wines","$29.25"
34461,"tenorshare.com","Tenorshare","32.5%"
34465,"ergonofis.com","ergonofis","3.9%"
34467,"morningsave.com","MorningSave","4.6%"
34467,"sidedeal.com","MorningSave","4.6%"
34467,"meh.com","MorningSave","4.6%"
36297,"oneclass.com","OneClass","$2.08"
36334,"lancerskincare.com","Lancer Skincare","6.5%"
36346,"presetpro.com","Presetpro","19.5%"
36635,"mapiful.com","Mapiful","6.5%"
36646,"kogalla.com","Kogalla","6.5%"
36672,"raymond-weil.us","Raymond Weil","0.5%"
36683,"greatwolf.com","Great Wolf Lodge","1.3%"
36695,"mymedic.com","MyMedic","1.3%"
36698,"rackroomshoes.com","Rack Room Shoes","2%"
36704,"forsake.com","Forsake","6.5%"
36725,"healthlabs.com","HealthLabs","19.5%"
36728,"mtnops.com","MTN OPS","6.5%"
36735,"sagefinds.com","SageFinds","2%"
36742,"moonjuice.com","Moon Juice","2.6%"
36754,"seenebula.com","Nebula","4.6%"
36754,"us.seenebula.com","Nebula","4.6%"
36760,"tanyataylor.com","Tanya Taylor","4.6%"
36774,"themadoptimist.com","The Mad Optimist","0.7%"
36781,"touchland.com","Touchland","6.5%"
36782,"cymbiotika.com","Cymbiotika","3.3%"
36784,"jimmychoo.com","Jimmy Choo","4.2%"
36784,"us.jimmychoo.com","Jimmy Choo","4.2%"
36789,"intellasphere.com","IntellaSphere","$25.48"
36793,"drkellyann.com","Dr. Kellyann","19.5%"
36793,"drkellyannstore.com","Dr. Kellyann","19.5%"
36795,"troybilt.com","Troy Bilt","2.6%"
36799,"siobeauty.com","SiO Beauty","2.6%"
37090,"findmespot.com","SPOT","8.1%"
37094,"brochuwalker.com","Brochu Walker","3.3%"
37098,"bigfeetpjs.com","Big Feet Pajama Co","6.5%"
37099,"ssww.com","S&S Worldwide","2.6%"
37104,"hostinger.com","Hostinger","39%"
37116,"rugsusa.com","Rugs USA","1.3%"
37118,"chessbazaar.com","Chess Bazaar","3.3%"
37127,"sandandsky.com","Sand & Sky","1.3%"
37137,"orgain.com","Orgain","6.5%"
37142,"airportparking.com","AirportParking.com","13%"
37149,"aboxtek.com","Dynanic Inc","4.6%"
37149,"ultimea.com","Dynanic Inc","4.6%"
37160,"tataharperskincare.com","Tata Harper","5.2%"
37172,"getspeks.com","getspeks","2%"
37184,"beautybox.allure.com","Allure Beauty Box","$1.63"
37184,"allurebeautybox.com","Allure Beauty Box","$1.63"
37417,"arestravel.com","aRes Travel","$4.55"
37417,"reservations.arestravel.com","aRes Travel","$4.55"
37418,"arka.com","Arka","3.3%"
37422,"baseblu.com","Base Blu","6.5%"
37424,"vousvitamin.com","Vous Vitamin","13%"
37427,"beyondpolish.com","Beyond Polish","3.3%"
37428,"bizchair.com","Bizchair","2%"
37431,"blenderseyewear.com","Blenders Eyewear","2%"
37434,"wilson.com","Wilson Family of Brands","5.2%"
37436,"bluesky.com","Blue Sky","0.7%"
37438,"discountfilterstore.com","DiscountFilterStore.com","1.6%"
37443,"bulletproof.com","Bulletproof","3.3%"
37443,"shop.bulletproof.com","Bulletproof","3.3%"
37444,"cledepeaubeaute.com","Cle De Peau Beaute","5.2%"
37450,"coppercowcoffee.com","Copper Cow Coffee","5.2%"
37454,"eaglecreek.com","Eagle Creek","7.8%"
37456,"emcosmetics.com","EM Cosmetics","3.3%"
37461,"faxitfast.com","Fax It Fast","$7.80"
37462,"falconeri.com","Falconeri","5.2%"
37462,"us.falconeri.com","Falconeri","5.2%"
37465,"1800contacts.com","1-800 CONTACTS","9.1%"
37468,"apupabove.com","A Pup Above","4.6%"
37478,"jujube.com","JuJuBe","1.6%"
37479,"jdsports.com","JD Sports","5.2%"
37484,"ivisa.com","iVisa","6.5%"
37487,"currentelliott.com","Current/Elliott","6.5%"
37495,"lastpass.com","LastPass","22.8%"
37503,"maidenform.com","Maidenform","0.7%"
37504,"marcjacobs.com","Marc Jacobs","3.3%"
37505,"athleticpropulsionlabs.com","Athletic Propulsion Labs","5.2%"
37514,"mirasafety.com","MIRA Safety","3.3%"
37518,"ignatius.com","Ignatius Press","6.5%"
37521,"fender.com","Fender","2.6%"
37521,"try.fender.com","Fender","$6.50"
37526,"nyxcosmetics.com","NYX Professional Makeup","6.5%"
37835,"nourage.com","Nourage","2.6%"
37979,"funjet.com","Funjet","1.3%"
38765,"shop.sandisk.com","SanDisk","3.3%"
38765,"sandisk.com","SanDisk","3.3%"
39239,"kayak.com","Kayak","$0.68"
39446,"squareoffnow.com","Square Off","6.5%"
39564,"lenscrafters.com","LensCrafters","3.9%"
39567,"camper.com","Camper","5.2%"
39569,"denbyusa.com","Denby","2%"
39569,"denbypottery.com","Denby","2%"
39868,"hungryroot.com","Hungryroot","$9.75"
40158,"carbon38.com","Carbon38","6.5%"
40334,"shipito.com","Shipito","$0.65"
40549,"jjill.com","J. Jill","2%"
40551,"23andme.com","23andMe","$32.50"
42811,"jennikayne.com","Jenni Kayne","6.5%"
43372,"rawlings.com","Rawlings","2.6%"
44616,"bokksu.com","Bokksu","3.3%"
44618,"ernolaszlo.com","Erno Laszlo","6.5%"
49705,"wacoal-america.com","Wacoal","10.4%"
49705,"wacoal-outlet.com","Wacoal","6.5%"
49708,"momondo.com","Momondo","$0.54"
49711,"yarnspirations.com","Yarnspirations","0.7%"
49716,"justthrivehealth.com","Just Thrive","6.5%"
50844,"burstoralcare.com","BURST Oral Care","3.3%"
51859,"outdoorvoices.com","Outdoor Voices","1.3%"
51871,"tuftandneedle.com","Tuft & Needle","1.3%"
51880,"puracy.com","Puracy","5.2%"
57039,"americanfighter.com","American Fighter","6.5%"
57045,"etihad.com","Etihad Airways","0.8%"
57056,"makeuperaser.com","MakeUp Eraser","6.5%"
57057,"farmrio.com","FarmRio","5.2%"
57067,"proton.me","Proton","26%"
57074,"bedrosians.com","Bedrosians Tile & Stone","3.3%"
57081,"stylevana.com","Stylevana","3.3%"
57082,"ekster.com","Ekster","7.8%"
57086,"ediblearrangements.com","Edible Arrangements","2.6%"
57476,"flowerbx.com","FLOWERBX","0.7%"
57478,"gigipip.com","Gigi Pip","2.6%"
57479,"positivegrid.com","Positive Grid","3.3%"
57517,"udacity.com","Udacity","6.5%"
57534,"stellarinfo.com","Stellar","6.5%"
57535,"benetton.com","Benetton","5.2%"
57535,"us.benetton.com","Benetton","5.2%"
57538,"superdry.com","Superdry","3.1%"
57566,"busbud.com","Busbud","1.3%"
57567,"thedoublef.com","The Double F","6.5%"
57571,"eibabo.com","eibabo.com global","2.6%"
57593,"organicbabyfood24.de","Organic Baby Food","6.5%"
58675,"vyprvpn.com","VyprVPN","$19.50"
58677,"jackrogersusa.com","Jack Rogers","3.3%"
58679,"stutterheim.com","Stutterheim","3.3%"
58690,"mollybracken.com","Molly Bracken","3.9%"
58696,"davidstea.com","DAVIDsTEA","1.3%"
58726,"us.sandro-paris.com","Sandro","3.3%"
58730,"kofax.com","Tungsten Automation","9.8%"
58730,"tungstenautomation.com","Tungsten Automation","9.8%"
58731,"replacements.com","Replacements","2.6%"
61027,"charleskeith.com","Charles & Keith","6.5%"
61041,"harperwilde.com","Harper Wilde","3.3%"
61047,"education.com","Education.com","5.2%"
61050,"original-group.com","Original Resorts","2.6%"
61059,"mrswordsmith.com","Mrs Wordsmith","9.8%"
61067,"plaza-network.com","Plaza Premium","2.1%"
61067,"plazapremiumlounge.com","Plaza Premium","2.6%"
61078,"constancehotels.com","Constance Hotels","3.9%"
61147,"sporteyes.com","A Sight For Sport Eyes","5.2%"
61477,"hotelxcaret.com","Hotel Xcaret","3.9%"
61478,"swiss-belhotel.com","Swiss BelHotel International","3.9%"
61482,"minorhotels.com","Minor Hotels","2%"
61482,"avanihotels.com","Minor Hotels","2%"
61496,"holidaytaxis.com","Holiday Taxis","5.2%"
61510,"megaseats.com","MegaSeats","3.3%"
61510,"zeromarkup.com","MegaSeats","3.3%"
61904,"badathletics.com","Wellah","5.2%"
61904,"wellah.com","Wellah","5.2%"
61915,"herocosmetics.us","Hero Cosmetics","5.2%"
61916,"freewaters.com","Freewaters","3.3%"
61925,"ethiopianairlines.com","Ethiopian Airlines","0.8%"
61932,"sleepandbeyond.com","Sleep and Beyond","6.5%"
62181,"aosom.com","Aosom","8.5%"
62196,"animalpak.com","AnimalPak","4.6%"
64216,"karenmillen.com","Karen Millen","1.3%"
64222,"us.monbento.com","Monbento","5.9%"
64222,"monbento.com","Monbento","5.9%"
64235,"goenergyfoods.myshopify.com","E3 Foods","6.5%"
64235,"e3energycubes.com","E3 Foods","6.5%"
64236,"westonbrands.com","Weston Supply","3.9%"
64236,"westonsupply.com","Weston Supply","3.9%"
64401,"troomy.com","Troomy","19.5%"
64407,"lovisa.com","Lovisa","2.6%"
64408,"us.endurasport.com","Endura","3.3%"
64419,"foraygolf.com","Foray Golf","6.5%"
64519,"gpfilter.com","GP Filter","6.5%"
64519,"gp-filter.com","GP Filter","6.5%"
65029,"bourbonandboweties.com","Bourbon and Boweties","4.6%"
65033,"ueni.com","UENI","$65.00"
65814,"nordpass.com","NordPass","22.8%"
65816,"curiositystream.com","CuriosityStream","$1.95"
65839,"luminskin.com","Lumin","6.5%"
65840,"bakedbymelissa.com","Baked by Melissa","2%"
65842,"springstepshoes.com","Spring Step Shoes","1.3%"
65843,"voiply.com","Voiply","$26.00"
65845,"myfonts.com","MyFonts","6.5%"
65846,"finditparts.com","FinditParts","4.6%"
65849,"travelpro.com","Travelpro","3.3%"
65851,"prolonlife.com","ProLon","16.3%"
65852,"opencare.com","Opencare","$32.50"
65865,"trytheworld.com","Try The World","9.8%"
65866,"getquip.com","quip","3.3%"
65871,"ifchic.com","IFCHIC","2.6%"
65873,"monicaandandy.com","Monica + Andy","1.3%"
65880,"todaytix.com","TodayTix","1.3%"
65881,"zwilling.com","Zwilling","3.9%"
65898,"us.vaio.com","VAIO","5.2%"
66035,"b12.io","B12","19.5%"
66039,"otherland.com","Otherland","3.3%"
66040,"lifelineskincare.com","Lifeline Skincare","9.8%"
66042,"batteriesplus.com","Batteries Plus","0.7%"
66043,"piedmontese.com","Piedmontese","11.7%"
66045,"freeflyapparel.com","Free Fly Apparel","0.7%"
66046,"suppliesshops.com","The Supplies Shops","2.6%"
66048,"popmarket.com","Pop Market","2.6%"
66049,"mount-it.com","Mount-It","3.3%"
66052,"danarebeccadesigns.com","Dana Rebecca Designs","1.3%"
66053,"iwawine.com","IWA Wine","0.7%"
66058,"gonimble.com","Nimble","6.5%"
66060,"gerberchildrenswear.com","Gerber Childrenswear","2%"
66063,"altrarunning.com","Altra Running","3.3%"
66066,"muckbootcompany.com","Muck Boots","9.8%"
66067,"apparis.com","Apparis","3.9%"
66068,"blissworld.com","Blissworld","2%"
66070,"elwoodclothing.com","Elwood Clothing","3.3%"
66071,"agmesnyc.com","AGMES","7.8%"
66073,"tonerbuzz.com","Toner Buzz","2%"
66080,"bridelily.com","Bridelily","7.8%"
66081,"castlery.com","Castlery","4.6%"
66082,"cubcadet.com","Cub Cadet","2.6%"
66245,"texassuperfood.com","Texas Superfood","6.5%"
66249,"enginediy.com","Engine DIY","3.3%"
66252,"tucann.com","Tucann","1.3%"
66253,"ironstudios.com","Iron Studios","3.9%"
66255,"swimzip.com","SwimZip","9.8%"
66256,"sleepon.us","Sleepon","6.5%"
66256,"sleeponhealth.com","Sleepon","6.5%"
66269,"termly.io","Termly","3.3%"
66287,"hokaoneone.com","HOKA","1.6%"
66287,"hoka.com","HOKA","2%"
66294,"vitrazza.com","Vitrazza","2%"
66306,"tacticalxmen.com","Tacticalxmen.com","3.9%"
66332,"stirlingkit.com","Stirlingkit","5.2%"
66340,"eachandevery.com","Each & Every","9.8%"
66355,"posturepump.com","Posture Pump","5.2%"
66356,"dodocase.com","DODOcase","3.3%"
66357,"store.cheerble.com","Cheerble","6.5%"
66357,"cheerble.com","Cheerble","6.5%"
66559,"toadandco.com","Toad & Co","2%"
66562,"neurogum.com","NeuroGum","2.6%"
66562,"getneuro.com","NeuroGum","2.6%"
66564,"manychat.com","ManyChat","65%"
66572,"brother-usa.com","Brother","6.5%"
66577,"joindeleteme.com","DeleteMe","$19.50"
66578,"linkyinnovation.com","Linky","6.5%"
66584,"cliqproducts.com","Cliq","3.9%"
66585,"freshmealplan.com","Fresh Meal Plan","6.5%"
66589,"edgewell.com","Edgewell","6.5%"
66931,"sportsmanswarehouse.com","Sportsman's Warehouse","2%"
66931,"sportsmans.com","Sportsman's Warehouse","5.2%"
66943,"victrola.com","Victrola","9.8%"
66944,"lusetabeauty.com","Luseta Beauty","13%"
66945,"getjobber.com","Jobber","39%"
66963,"overnightglasses.com","Overnight Glasses","4.6%"
67148,"shieldapparels.com","United Apparels","7.8%"
67149,"loomyhome.com","LOOMY Home","6.5%"
67153,"dealfuel.com","DealFuel","6.5%"
67154,"herohealth.com","Hero Health","$13.00"
67158,"deals.getdodow.io","Dodow","$17.55"
67158,"getdodow.io","Dodow","$17.55"
67183,"bullybeds.com","Bully Beds","5.2%"
67185,"filenow.com","Filenow","$39.00"
67195,"teechip.com","TeeChip","9.8%"
67201,"hometownapparel.com","Hometown Apparel","0.7%"
67204,"eternitymodern.com","Eternity Modern","3.3%"
67206,"chappywrap.com","ChappyWrap","6.5%"
67217,"katebackdrop.com","KATE BACKDROP","5.2%"
67219,"watens.com","Watens Filter","5.2%"
67223,"viscosoft.com","ViscoSoft","2.6%"
67224,"provenskincare.com","PROVEN Skincare","2%"
67226,"bakerly.com","Bakerly","6.5%"
68418,"reelpaper.com","Reel Paper","6.5%"
68422,"bellysleep.com","Belly Sleep","3.9%"
68423,"sardelkitchen.com","Sardel","6.5%"
68424,"evenflo.com","Evenflo Baby","2%"
68425,"plantpeople.co","Plant People","19.5%"
68433,"bedinabox.com","BedInABox","3.3%"
68436,"wearsubset.com","Subset","3.3%"
68441,"assouline.com","Assouline","2%"
68447,"placeit.net","Envato Placeit","32.5%"
68451,"savearound.com","SaveAround","4.6%"
68452,"stormdesire.com","Stormdesire","3.3%"
68498,"ticketsmarter.com","TicketSmarter","2%"
68522,"becausemarket.com","Because Market","3.3%"
68523,"miraclebrand.co","Miracle","3.9%"
68524,"shop-olivia.com","shop-olivia","3.9%"
68535,"igkhair.com","IGK Hair","6.5%"
68537,"renpho.com","Renpho","3.3%"
68550,"ibex.com","Ibex","5.2%"
68569,"zomasleep.com","Zoma","3.3%"
68575,"reviveprocare.com","Reviv3 Procare Company","6.5%"
68579,"alpynbeauty.com","Alpyn Beauty","5.2%"
68597,"carex.com","Carex Health Brands","5.2%"
68597,"tens7000.com","Carex Health Brands","5.2%"
68620,"perduefarms.com","Perdue Farms","4.6%"
68636,"barkevs.com","barkev's","6.5%"
68675,"sockittome.com","Sock It To Me","6.5%"
68679,"eat2explore.com","eat2explore","6.5%"
68693,"pacinosproducts.com","Pacinos Signature Line","9.8%"
68713,"locksmithkeyless.com","LOCKSMITH KEYLESS","6.5%"
68744,"bensnaturalhealth.com","Ben's Natural Health","6.5%"
68745,"lipogenbio.com","Lipogen Products","3.3%"
68758,"diamondmattress.com","Diamond Mattress","9.8%"
68776,"ultimatepaleoprotein.com","Ultimate Paleo Protein","6.5%"
68785,"strengthgenesis.com","Strength Genesis","6.5%"
68793,"bensoleimani.com","Ben Soleimani","3.9%"
68804,"shop.tranya.com","TRANYA","6.5%"
68804,"tranya.com","TRANYA","6.5%"
68813,"blueshog.com","Blues Hog","3.3%"
68826,"thechefandthedish.com","The Chef & The Dish","3.9%"
68830,"amerisleep.com","Amerisleep","3.3%"
68836,"grandcanyonwest.com","Grand Canyon West","3.3%"
68837,"affordableblinds.com","AffordableBlinds.com","4.9%"
68846,"forevermissed.com","ForeverMissed","$1.95"
68857,"outdazl.com","outdazl","0.7%"
68858,"sweetnight.com","SweetNight","9.8%"
68859,"balanceofnature.com","Balance of Nature","11.1%"
68873,"microbattery.com","microbattery","5.2%"
69350,"thedadhoodie.com","The Dad Hoodie","3.3%"
69357,"autopartstoys.com","AutoPartsToys","3.3%"
69365,"basepaws.com","Basepaws","4.6%"
69368,"beforeverwell.com","Green Roads","6.5%"
69369,"onpay.com","OnPay","$26.00"
69375,"gthic.com","GTHIC","7.8%"
69397,"us.embryolisse.com","Embryolisse","11.1%"
69398,"whitelotushome.com","White Lotus Home","6.5%"
69407,"rootinevitamins.com","Rootine","$32.50"
69407,"rootine.co","Rootine","$32.50"
69412,"ettika.com","Ettika","3.9%"
69426,"ayamaya.com","ayamayaoutdoor","5.2%"
69426,"ayamayaoutdoor.com","ayamayaoutdoor","5.2%"
69429,"mosaicfoods.com","Mosaic Foods","13%"
69430,"sommailier.com","SomMailier","6.5%"
69447,"whitestonedome.com","Whitestone Dome","3.9%"
69450,"bloomist.com","Bloomist","7.8%"
69458,"mygiftstop.com","My Gift Stop","3.9%"
69591,"infinitypillow.co","Infinity Pillow","6.5%"
69593,"capucinne.com","capucinne.com","9.8%"
69609,"sbla.com","Spencer Barnes","2%"
69609,"spencerbarnesla.com","Spencer Barnes","2%"
69619,"global.oliveyoung.com","OLIVE YOUNG","2.6%"
69622,"silkandsonder.com","Silk and Sonder","9.8%"
69623,"scanmyphotos.com","ScanMyPhotos","6.5%"
69627,"revivelighttherapy.com","LED Technologies","6.5%"
69627,"ledtechnologies.com","LED Technologies","6.5%"
69628,"wildhornoutfitters.com","Wildhorn Outfitters","6.5%"
69631,"delilahhome.com","Delilah Home","5.9%"
69632,"latexmattressfactory.com","Latex Mattress Factory","3.3%"
69635,"helloice.com","Helloice","9.8%"
69647,"auxito.com","auxito","6.5%"
69651,"weleda.com","Weleda","2%"
69652,"vitabrid.com","Vitabrid","13%"
69653,"lucyparis.com","LUCY PARIS","6.5%"
69657,"adidas.com","adidas","3.9%"
69668,"tiptrans.com","Tiptrans","$0.65"
69671,"saintowen.com","SAINT OWEN","13%"
69677,"jeffwan.com","Jeff Wan","6.5%"
69679,"alteyaorganics.com","Alteya","13%"
69694,"portraitflip.com","PortraitFlip","7.8%"
69697,"tuftandpaw.com","tuft and paw","3.9%"
69698,"dokodemo.world","DOKODEMO","2%"
69699,"otofonix.com","Otofonix","9.8%"
69701,"loftek.us","LOFTEK","5.2%"
69703,"gabysbags.com","Gaby's Bags","3.3%"
69866,"rabbies.com","Rabbies Tours","3.3%"
69879,"thebirthball.com","The Birth Ball","7.2%"
69891,"simplewishes.com","Simple Wishes","5.2%"
69892,"efootwear.com","eFootwear.com","6.5%"
69910,"abbeglasses.com","ABBE Glasses","6.5%"
69996,"sheetsgiggles.com","Sheets & Giggles","9.8%"
70282,"fastbar.com","Fast Bar","9.8%"
70311,"daniellashevel.com","DANIELLA SHEVEL, LLC","4.6%"
70636,"readyrocker.com","RockerMama","3.3%"
70636,"rockermama.com","RockerMama","3.3%"
70637,"ivankyo.com","Vankyo","6.5%"
70639,"hoffmaster.com","Hoffmaster","9.8%"
70641,"cerebelly.com","Cerebelly","5.2%"
70644,"hyalogic.com","Hyalogic","9.8%"
70646,"drestige.com","Drestige","8.5%"
70664,"turboant.com","Turboant","5.2%"
70667,"lagunaherbals.com","Laguna Herbals","16.3%"
70671,"x-sense.com","X-sense","6.5%"
70673,"giuseppezanotti.com","Giuseppe Zanotti","3.9%"
70673,"giuseppezanottidesign.com","Giuseppe Zanotti","3.9%"
70678,"solgaard.co","Solgaard","5.2%"
70681,"contentdevelopmentpros.com","Content Development Pros","6.5%"
70924,"millesima-usa.com","Millesima","3.3%"
71164,"kindredbravely.com","Kindred Bravely","0.7%"
71168,"mureandgrand.com","Mure and Grand","6.5%"
71168,"mulberry-grand.com","Mure and Grand","3.3%"
71478,"wish.com","Wish","7.8%"
71524,"fishusa.com","FishUSA","2%"
71570,"fanatical.com","Fanatical","3.9%"
71579,"passfab.com","PassFab","32.5%"
71583,"woodlanddirect.com","Woodland Direct","0.7%"
71600,"us.venchi.com","Venchi","1.3%"
71627,"woodcraft.com","Woodcraft","2%"
71686,"zapaka.com","ZAPAKA","6.5%"
71687,"us.navimow.com","Segway","4.6%"
71687,"store.segway.com","Segway","2.6%"
71726,"koio.co","Koio","1.3%"
71932,"grahambrown.com","Graham & Brown","0.7%"
71970,"iberostar.com","IBEROSTAR","4.6%"
71976,"bestbullysticks.com","Best Bully Sticks","5.2%"
72042,"thehouseofmarley.com","House of Marley","1.3%"
72069,"relieffactor.com","Relief Factor","$9.75"
72376,"welleco.com","WelleCo","3.3%"
72396,"officinegenerale.com","Officine Generale Global","3.3%"
72471,"europcar.com","Europcar","3.3%"
73260,"cooperscoffeeco.com","Coopers Cask Coffee","6.5%"
73263,"tailactivewear.com","Tail Activewear","13%"
73268,"store.anycubic.com","Anycubic","0.7%"
73268,"anycubic.com","Anycubic","3.3%"
73413,"circusbysamedelman.com","Circus NY","4.6%"
73413,"circusny.com","Circus NY","4.6%"
73939,"gap.com","Gap","2.6%"
73989,"getgate.com","Gate Video Smart Lock","3.3%"
73993,"gear.blizzard.com","Blizzard Gear Store","2.6%"
74151,"primeparty.com","Prime Party","5.2%"
74153,"hofdeco.com","Hofdeco","3.3%"
74343,"greenmotion.com","Green Motion","4.2%"
74459,"eibmarkt.com","eibmarkt","1.3%"
74489,"alignerco.com","AlignerCo","3.3%"
74602,"golfgalaxy.com","Golf Galaxy","2.6%"
74660,"beadpark.com","Beadpark","3.3%"
74661,"astrthelabel.com","ASTR The Label","6.5%"
74663,"eileenfisher.com","Eileen Fisher","4.2%"
74664,"gameonlures.com","Game On!","4.6%"
74672,"chamaripashoes.com","Chamaripa","6.5%"
74674,"redfora.com","Redfora","5.2%"
74705,"missfoxshop.com","MissFox","6.5%"
74720,"alpackaraft.com","Alpacka Raft","2.3%"
74724,"allume.co","Allume","$9.75"
74725,"alpakagear.com","ALPAKA","2.6%"
74727,"wineinsiders.com","Wine Insiders","5.2%"
74739,"shopbeam.com","Beam","2.6%"
74742,"atyourpaceonline.com","At Your Pace","7.8%"
74750,"shop.californiacowboy.com","California Cowboy","6.5%"
74751,"campchef.com","Camp Chef","2%"
74752,"bluethundertechnologies.com","Blue Thunder Technologies","3.3%"
74755,"briogeohair.com","Briogeo Hair","2%"
74764,"clubrideapparel.com","Club Ride Apparel","4.6%"
74766,"colourpop.com","ColourPop","5.2%"
74774,"cultgaia.com","Cult Gaia","2.1%"
74779,"coolmuster.com","Coolmuster","19.5%"
74811,"learnwithhomer.com","HOMER Learn-to-Read Program","3.9%"
74815,"cardboardcutoutstandees.com","Cardboard Cutout Standees","0.7%"
74824,"alchemybicycles.com","Alchemy Bicycles","2.1%"
74824,"alchemybikes.com","Alchemy Bicycles","2.1%"
74831,"armoire.style","Armoire Style","$26.00"
74838,"boxraw.com","Boxraw","0.5%"
74842,"codecademy.com","Codecademy","9.8%"
74854,"diffeyewear.com","DIFF eyewear","4.2%"
74857,"dooxi.com","Dooxi","5.2%"
74859,"driveinautosound.com","Drive-In Autosound","2.6%"
74860,"dmosproshoveltools.com","DMOS","1%"
74860,"dmoscollective.com","DMOS","1%"
74862,"drjart.com","Dr. Jart+","1.6%"
74862,"us.drjart.com","Dr. Jart+","3.9%"
74865,"easyship.com","Easyship","65%"
74870,"earthshoes.com","Earth Shoes","1.3%"
74876,"empshield.com","EMP Shield","9.8%"
74880,"fentybeauty.com","Fenty Beauty","3.9%"
74885,"bowlersmart.com","BowlersMart","0.7%"
74887,"gardeners.com","Gardener's Supply Company","2.6%"
74888,"geologie.com","Geologie","5.2%"
74937,"saranoni.com","Saranoni Luxury Blankets","3.4%"
74940,"naturesmace.com","Nature's Mace","4.6%"
74975,"residenthome.com","1771 Living","6.5%"
74975,"1771living.com","1771 Living","6.5%"
75035,"gaudenziboutique.com","Gaudenzi Boutique","6.5%"
75054,"nectarsunglasses.com","Nectar Sunglasses","5.2%"
75062,"frontier.com","Frontier Communications","$48.75"
75072,"weblium.com","Weblium","22.8%"
75079,"deepsentinel.com","Deep Sentinel Home Security","13%"
75203,"darwinspet.com","Darwin’s Natural Pet Products","$3.25"
75257,"lovemasami.com","MASAMI","19.5%"
75295,"rotita.com","Rotita","9.1%"
75300,"prowritingaid.com","ProWritingAid","$13.00"
75303,"rss.com","RSS Podcast Hosting","35.8%"
75314,"tenikle.com","Tenikle, LLC","$12.03"
75330,"shutterfly.com","Shutterfly","2.6%"
75332,"vesgantti.com","Vesgantti","3.9%"
75354,"youmail.com","YouMail","$13.00"
75356,"blinkist.com","Blinkist","13%"
76183,"skillshare.evyy.net","Skillshare","8.5%"
76183,"skillshare.com","Skillshare","22.8%"
76183,"join.skillshare.com","Skillshare","22.8%"
76191,"swissarmy.com","Victorinox","5.2%"
76191,"victorinox.com","Victorinox","5.2%"
76199,"ruralhaze.com","Rural Haze","4.2%"
76202,"sixity.com","Sixity Auto","4.9%"
76202,"sixityauto.com","Sixity Auto","4.9%"
76206,"johnelliott.com","John Elliott","1%"
76206,"johnelliott.co","John Elliott","3.3%"
76208,"nektony.com","Nektony","23.4%"
76209,"jaysonhome.com","Jayson Home","3.3%"
76210,"peacockalley.com","Peacock Alley","2%"
76216,"seavees.com","SeaVees","2.1%"
76217,"lapolicegear.com","LA Police Gear","4.6%"
76225,"tier1water.com","Tier1Water.com","4.2%"
76232,"shop.sharpusa.com","Sharp Home Appliances","13%"
76232,"sharpusa.com","Sharp Home Appliances","13%"
76232,"simplybetterliving.sharpusa.com","Sharp Home Appliances","10.4%"
76239,"survivorfilter.com","Survivor Filter","6.5%"
76244,"onnit.com","Onnit","3.3%"
76249,"kassatex.com","Kassatex","7.8%"
76255,"putterballgame.com","Putterball Game","3.3%"
76259,"toynk.com","Toynk Toys","2%"
76262,"tridentflyfishing.com","Trident Fly Fishing","2.6%"
76266,"thefarmersdog.com","The Farmer's Dog","$32.50"
76268,"viennemilano.com","VienneMilano","6.5%"
76274,"plants.com","Plants.com","3.9%"
76278,"vintagetub.com","Vintage Tub & Bath","2.6%"
76279,"republicofdurablegoods.com","Republic of Durable Goods","3.9%"
76280,"hukgear.com","Huk Performance Fishing","2%"
76280,"huk.com","Huk Performance Fishing","2%"
76287,"nathansports.com","Nathan Sports","5.2%"
76291,"petalandpup.com","Petal & Pup","3.3%"
76291,"petalandpup.com.au","Petal & Pup","3.3%"
76297,"pkgrills.com","PK Grills","2.1%"
76298,"vitaminaswim.com","Vitamin A Swim","1.3%"
76299,"solo-ny.com","Solo New York","3.3%"
76301,"scubapro.com","SCUBAPRO","3.3%"
76301,"scubapro.johnsonoutdoors.com","SCUBAPRO","3.3%"
76302,"mondaine.com","Mondaine","6.5%"
76302,"mondaine-usa.com","Mondaine","6.5%"
76304,"rumpl.com","Rumpl","5.2%"
76308,"visible.com","Visible","$22.75"
76312,"pacificabeauty.com","Pacifica Beauty","1.3%"
76317,"mpb.com","MPB","2%"
76319,"louisiana-grills.com","Louisiana Grills","3.9%"
76327,"petsupermarket.com","Pet Supermarket","3.9%"
76328,"leset.com","Leset","3.3%"
76334,"zitsticka.com","ZitSticka","2.6%"
76342,"pitboss-grills.com","Pit Boss Grills","3.9%"
76344,"maxwarehouse.com","Max Warehouse","1.6%"
76347,"gymboree.com","Gymboree","1.3%"
76532,"stagsleap.com","Stags Leap","4.6%"
76535,"imobie.com","iMobie","32.5%"
76537,"igbbq.com","IG Charcoal BBQ","13%"
76539,"icerings.com","IceTrends","3.3%"
76539,"icetrends.com","IceTrends","3.3%"
76540,"thelaundress.com","The Laundress","2.6%"
76542,"versedskin.com","VersedSkin.com","6.5%"
76549,"whiteduckoutdoors.com","White Duck Outdoors","4.6%"
76561,"smarternutrition.com","Smarter Nutrition","1.3%"
76733,"italkpet.com","italkpet.com","3.3%"
76736,"majesticpet.com","Majestic Pet Products, Inc.","6.5%"
76741,"maxbone.com","MaxBone","2%"
76749,"dukecannon.com","Duke Cannon Supply Co.","5.2%"
76750,"thevintagegentlemen.com","Vintage Gentlemen","6.5%"
76752,"garrettleight.com","Garrett Leight","6.5%"
76753,"wjdexclusives.com","WJD Exclusives","10.4%"
76756,"ruffgreens.com","Ruff Greens","6.5%"
76773,"us.jowissa.com","Jowissa","13%"
76773,"jowissa.com","Jowissa","13%"
76776,"vevor.com","Vevor","2.6%"
76795,"cobeads.com","cobeads","3.3%"
76797,"dedcool.com","DedCool","3.9%"
76801,"hellowisp.com","wisp","$2.28"
76804,"pethonesty.com","Pet Honesty","5.2%"
76816,"solostove.com","Solo Stove","5.2%"
76819,"bookemon.com","Bookemon","6.5%"
76826,"yaheetech.shop","Yaheetech","6.5%"
76833,"patchworkpet.com","Patchwork Pet","13%"
76840,"nootkas.com","Nootkas","3.3%"
76841,"calliesbiscuits.com","Callie's Hot Little Biscuit","11.7%"
76849,"meatnbone.com","Meat N' Bone","3.9%"
76859,"wubenlight.com","WUBEN LIGHT","6.5%"
76861,"undergents.com","UnderGents","13%"
76863,"consciousstep.com","Conscious Step","6.5%"
76874,"rexingusa.com","Rexing","6.5%"
76885,"namestories.com","Name Stories","13%"
76888,"bulova.com","Bulova","1.3%"
76897,"niid.com","niid","9.8%"
76903,"sage.com","Sage","9.8%"
76986,"us.josephjoseph.com","Joseph Joseph","2%"
76997,"drmartens.com","Dr. Martens","3.9%"
77040,"fresh.com","Fresh","3.3%"
77047,"cudoo.com","Cudoo","13%"
77049,"transparentrx.com","TransparentRx","13%"
77077,"hunkemoller.com","Hunkemoller","4.6%"
77088,"charlestyrwhitt.com","Charles Tyrwhitt","5.9%"
77106,"everyplate.com","Everyplate","$16.25"
77129,"economybookings.com","Economy Bookings","35.8%"
77133,"34heritage.com","34 Heritage","2.1%"
77142,"minitool.com","MiniTool","26%"
77175,"f1store.formula1.com","F1 Store","1.3%"
77209,"farsedakis.com","Blinc","9.8%"
77209,"blincinc.com","Blinc","9.8%"
77211,"alducadaosta.com","AL DUCA D'AOSTA","6.5%"
77218,"modadiandrea.com","ModaDiAndrea","7.8%"
77226,"one.com","one.com","$29.25"
77246,"shortpar4.com","Short Par 4","$13.00"
77277,"glenmuir.com","Glenmuir","2.6%"
77293,"cabinzero.com","Cabin Zero","5.2%"
77328,"spectrumcollections.com","Spectrum Collections","3.9%"
77332,"alexandrebirman.com","Alexandre Birman","3.9%"
77350,"gunnysackandco.com","Gunny Sack and Co","6.5%"
77353,"theflagshirt.com","Flagshirt","0.7%"
77356,"dayowl.com","Day Owl","4.6%"
77366,"zents.com","ZENTS","2%"
77368,"1thrive.com","1thrive","3.3%"
77369,"eunatural.com","Eu Natural","9.8%"
77371,"linkinteractive.com","Link Interactive","$6.50"
77372,"measureandmade.com","Measure and Made","6.5%"
77374,"bluefinfitness.com","Bluefin SUP","3.3%"
77374,"bluefinsupboards.com","Bluefin SUP","3.3%"
77377,"lagunabeachtextileco.com","Laguna Beach Textile","5.2%"
77384,"immunocorp.com","IMMUNOCORP","3.3%"
77385,"emmiol.com","EMMIOL","6.5%"
77390,"lilyandroo.com","Lily & Roo","3.9%"
77423,"peatos.com","PeaTos","4.6%"
77446,"ugreen.com.cn","UGREEN GROUP","9.8%"
77446,"ugreen.com","UGREEN GROUP","9.8%"
77455,"turtlewax.com","Turtle Wax","4.6%"
77457,"tropeaka.com","Tropeaka","3.3%"
77512,"ultimateears.com","Ultimate Ears","6.5%"
77552,"parcelabc.com","Parcel ABC","10.4%"
77555,"kissedearth.com","Kissed Earth","7.8%"
77555,"kissedearth.com.au","Kissed Earth","7.8%"
77573,"thewellstore.com.au","The Well Store","4.6%"
77577,"oralb.com","Oral B","9.8%"
77621,"myhaircare.com.au","My Haircare & Beauty","5.2%"
77629,"gogetolive.com","Olive","6.5%"
77629,"olive.com","Olive","6.5%"
77657,"madamsew.com","MadamSew","6.5%"
77680,"us.2xu.com","2XU","3.3%"
77680,"2xu.com","2XU","3.3%"
77712,"perfumesclub.us","Perfumes Club","1.6%"
77722,"hellyhansen.com","Helly Hansen","6.5%"
77777,"feverup.com","Fever","5.2%"
77798,"bondisands.com","Bondi Sands","3.9%"
77811,"altitude-sports.com","Altitude-Sports","4.6%"
77819,"chowsangsang.com","Chow Sang Sang Jewellery","6.5%"
77839,"pineapplespalms.com","Pineapples Palms Too","9.8%"
77847,"us.ameliorate.com","Ameliorate","7.2%"
77854,"ariat.com","Ariat","7.8%"
77865,"us.babor.com","Babor","5.2%"
77881,"belleek.com","Belleek Pottery","3.9%"
77884,"us-billini.com","Billini","3.3%"
77897,"brightstarlabels.com","Bright Star Kids","6.5%"
77917,"christopherobin.com","Christophe Robin","7.2%"
77920,"clarinsusa.com","Clarins","4.6%"
77922,"clubllondon.us","Club L London","4.6%"
77929,"casper.com","Casper","2.6%"
77941,"decathlon.com","Decathlon","1.3%"
77952,"diptyqueparis.com","Diptyque","4.2%"
77957,"dukeanddexter.com","Duke + Dexter","7.8%"
77990,"spafinder.com","Spafinder.com","3.9%"
77994,"outschool.com","Outschool","13%"
78001,"inboxdollars.com","InboxDollars","$1.30"
78048,"theluxurycloset.com","The Luxury Closet","5%"
78087,"janieandjack.com","Janie and Jack","0.7%"
78282,"prepexpert.com","Prep Expert","2%"
78316,"repairsmith.com","RepairSmith","$20.80"
78316,"autonationmobileservice.com","RepairSmith","$20.80"
78322,"cabeau.com","Cabeau Inc","3.3%"
78373,"kttape.com","KT Tape","3.3%"
78383,"routledge.com","Routledge","3.3%"
78385,"brickhousenutrition.com","Brick House","0.7%"
78386,"citizenm.com","CitizenM","6.5%"
78391,"sixt.com","Sixt","5.2%"
78392,"kobo.com","Kobo","6.5%"
78392,"kobobooks.com","Kobo","2.6%"
78397,"bombas.com","Bombas","8.5%"
78399,"tartecosmetics.com","tarte cosmetics","5.2%"
78400,"seed.com","Seed","9.8%"
78402,"shuuemuraartofhair-usa.com","Shu Uemura","3.9%"
78402,"shuuemura-usa.com","Shu Uemura","3.9%"
78763,"ecobee.com","ecobee","3.9%"
78767,"ubeauty.com","U Beauty","8.5%"
78783,"silverlight.store","Silverlight","6.5%"
78790,"greats.com","Greats","3.3%"
78794,"reneerouleau.com","Renée Rouleau","3.9%"
78795,"drinkpurewine.com","PureWine","9.8%"
78797,"hellobello.com","Hello Bello","2%"
78805,"carmensol.com","Carmen Sol","1.3%"
78807,"kryptek.com","Kryptek","4.6%"
78809,"midlandusa.com","Midland Radio","3.3%"
78812,"notchgear.com","Notch","4.6%"
78816,"allposters.com","Allposters.com","3.3%"
78817,"art.com","Art.com","3.3%"
78822,"kipling-usa.com","Kipling","2%"
78825,"babybjorn.com","BabyBjörn","2%"
78826,"mobileedge.com","Mobile Edge","5.2%"
78827,"sassandbide.com","sass & bide","3.9%"
78889,"pritchlondon.com","PRITCH London","3.3%"
78891,"mbaetz.com","MBAETZ-SHOES","5.2%"
78905,"gametime.co","Gametime","4.6%"
78907,"lensesforless.com","Lenses For Less","3.3%"
78909,"hugo.coffee","Hugo Coffee Roasters","6.5%"
78910,"thehappyplanner.com","The Happy Planner","2.6%"
78911,"littleenglish.com","Little English","3.9%"
79676,"mkfcollection.com","MKF Collection","4.2%"
79694,"bodyguardz.com","BodyGuardz","1.3%"
79695,"jenniferbehr.com","Jennifer Behr LLC","2.6%"
79699,"marisapeer.com","Marisa Peer","6.5%"
79701,"stahls.com","Stahls'","1.6%"
79704,"peaceoutskincare.com","Peace Out Skincare","3.3%"
79711,"paleblueearth.com","Pale Blue","4.6%"
79716,"henryrose.com","Henry Rose","1%"
79722,"restorapet.com","RestoraPet","$20.80"
79725,"dominiquecosmetics.com","Dominique Cosmetics","5.2%"
79725,"dominique.com","Dominique Cosmetics","5.2%"
79733,"dainese.com","Dainese","3.9%"
79736,"banilausa.com","Banila Co","6.5%"
79741,"quicksilverscientific.com","Quicksilver Scientific","6.5%"
79748,"us.kohler.com","Kohler","1.6%"
79748,"kohler.com","Kohler","1.6%"
79758,"artisanparfumeur.com","L'Artisan Parfumeur","3.3%"
79759,"saramonicusa.com","Saramonic","2.6%"
79766,"hp.com","HP ","2.6%"
79770,"capillus.com","Capillus","3.3%"
79779,"lungolivignofashion.com","Lungolivigno Fashion","10.4%"
80745,"beautybio.com","BeautyBio","7.8%"
80756,"whitefoxboutique.com","White Fox Boutique","2.6%"
80762,"smithandbradley.com","S&B Watches","6.5%"
80762,"sbwatch.com","S&B Watches","6.5%"
80764,"us.thebeautychef.com","The Beauty Chef","4.6%"
80764,"thebeautychef.com","The Beauty Chef","2.6%"
80774,"leorever.com","Leorêver","6.5%"
80777,"batterytender.com","Battery Tender","3.9%"
80789,"grasslandbeef.com","Grassland Beef","1.3%"
80797,"bloomsybox.com","BloomsyBox","4.6%"
80804,"zagg.com","Zagg","3.9%"
80817,"waterdropfilter.com","Waterdrop","5.2%"
80846,"365datascience.com","365 Data Science","32.5%"
80851,"manoswine.com","Mano's Wine","2%"
80860,"greenpan.us","GreenPan","3.3%"
80860,"greenpan.com","GreenPan","3.3%"
80872,"ocelotmarket.com","Ocelot Market","4.6%"
80889,"tampontribe.com","Tampon Tribe","13%"
80895,"vayasleep.com","Vaya","3.3%"
80900,"shopmiko.com","Miko","6.5%"
80902,"kiierr.com","Kiierr International LLC","6.5%"
81208,"sloomooinstitute.com","SloomooInstitute.com","5.2%"
81212,"unice.com","UNice","5.9%"
81218,"nextdaycontacts.com","Next Day Contacts","3.3%"
81220,"neatapparel.com","Neat","6.5%"
81226,"noliyoga.com","The Noli Shop","6.5%"
81226,"thenolishop.com","The Noli Shop","6.5%"
81228,"alvantor.com","Alvantor Industry Co.,Ltd.","6.5%"
81229,"captur3d.com","CAPTUR3D","6.5%"
81229,"the3dgift.com","CAPTUR3D","6.5%"
81230,"lefeet.com","Lefeet","4.6%"
81231,"menstuxedousa.com","Mens Tuxedo","5.9%"
81248,"mudwtr.com","MUD\\WTR","3.3%"
81249,"jerkysubscription.com","Jerky Subscription","6.5%"
81251,"us.ecoflow.com","EcoFlow","3.3%"
81251,"ecoflow.com","EcoFlow","3.3%"
81258,"concretesealersusa.com","Concrete Sealers","3.9%"
81266,"kyleahealth.com","Kylea Health","13%"
81268,"chairspeaker.com","Kare","5.2%"
81268,"kareaudio.com","Kare","5.2%"
81272,"statelymen.com","Stately","$0.65"
81275,"360cookware.com","360 Cookware","6.5%"
81285,"holifrog.com","HoliFrog","5.2%"
81286,"alloyworksplus.com","AlloyWorks Store","3.9%"
81289,"spermidinelife.us","Spermidine Life","3.9%"
81295,"eklexic.com","Eklexic","6.5%"
81302,"shopspacemask.com","Space Mask","6.5%"
81312,"ublins.com","Ublins","7.8%"
81315,"thesunscreencompany.com","The Sunscreen Company","7.8%"
81331,"twinklens.com","Twinklens","13%"
81332,"wayrates.com","Wayrates","11.1%"
81336,"tribesigns.com","Tribesigns","9.8%"
81343,"onlymaker.com","Onlymaker","3.3%"
81349,"shop.mindbodygreen.com","mindbodygreen","6.5%"
81352,"pro-belle.com","Probelle","13%"
81356,"yogademocracy.com","Yoga Democracy","6.5%"
81364,"tomassoblack.com","Tomasso Black","5.2%"
81379,"shop.netvue.com","Birdfy","5.2%"
81379,"birdfy.com","Birdfy","5.2%"
81379,"netvue.com","Birdfy","5.2%"
81382,"skinandsenses.com","Skin And Senses","6.5%"
81384,"evolvetogether.com","evolvetogether","6.5%"
81385,"marieoliver.com","Marie Oliver","2%"
81391,"simplystraws.com","Simply Straws","6.5%"
81397,"ouferbodyjewelry.com","OUFER BODY JEWELRY","9.8%"
81403,"mylaughland.com","Laughland","6.5%"
81403,"heyglowup.com","Laughland","6.5%"
81408,"areaware.com","Areaware","1.3%"
81411,"coloradocraftcompany.com","Colorado Craft Company","6.5%"
81414,"mykeyper.com","KEYPER, LLC","6.5%"
81415,"zesttorganics.com","zestt organics","6.5%"
81419,"thelinen.company","Sweave","3.3%"
81419,"sweavebedding.com","Sweave","3.3%"
81497,"hobbymatehobby.com","Hobbymate Hobby","3.3%"
81504,"quicken.com","Quicken","3.3%"
81505,"coolwick.com","Coolwick","0.7%"
81511,"thenewpaper.co","The New Paper","39%"
81541,"hikersco.com","HIKERS Co.","6.5%"
81552,"drlizashoes.com","dr. Liza","3.3%"
81569,"urbanarmorgear.com","Urban Armor Gear","0.7%"
81570,"shop.warriors.com","Golden State Warriors Shop","5.2%"
81572,"tenba.com","Tenba","2.6%"
81582,"lolaproducts.com","Lola Products","6.5%"
81591,"mybrandnewlogo.com","My Brand New Logo","16.3%"
81592,"miamibeachbum.com","Miami Beach Bum","13%"
81608,"nipyata.com","NIPYATA!","6.5%"
81610,"thesiskiss.com","The Sis Kiss","6.5%"
81616,"singingmachine.com","Singing Machine","3.3%"
81617,"jiggypuzzles.com","JIGGY","6.5%"
81628,"sulinashop.com","Sulina Shop","3.9%"
81631,"campark.net","campark","6.5%"
81648,"hiboy.com","Hiboy","3.9%"
81657,"cravedirect.com","Crave","6.5%"
81659,"tucketts.com","Tucketts Inc","6.5%"
81660,"wp-modula.com","WPChill","13%"
81663,"hcalory.com","Hcalory","5.2%"
81671,"ecokindpettreats.com","EcoKind Pet Treats","7.8%"
81674,"store.supermicro.com","Supermicro","1.3%"
81687,"andaseat.com","AndaseaT","5.2%"
81699,"nnhotels.com","NN Hotels","5.9%"
81711,"maceoo.com","Maceoo Global","3.3%"
81713,"magzter.com","Magzter","32.5%"
81728,"keysworlds.com","keysworlds","5.2%"
81733,"harborcompliance.com","Harbor Compliance","52%"
81758,"neewadogs.com","Neewa","6.5%"
81759,"futurekind.com","Future Kind","13%"
81762,"lancome-usa.com","Lancome","3.9%"
81764,"cosplayshopper.com","Cosplay Shopper","4.6%"
81770,"faithgear.store","Faith Gear","6.5%"
81781,"moyustore.com","Moyustore","3.9%"
81783,"emuaustralia.com","EMU","9.8%"
81785,"elecrow.com","Elecrow","3.3%"
81787,"mygenefood.com","Gene Food","9.8%"
81788,"corroshop.com","Corro","3.3%"
81789,"jackery.com","Jackery","3.9%"
81790,"fanci.me","FANCI.ME","6.5%"
81795,"kemimoto.com","Kemimoto","4.6%"
81805,"dallasdesignerhandbags.com","Dallas Designer Handbags","3.3%"
81837,"minimalbottle.com","Minimal Bottle","5.2%"
81844,"gobicashmere.com","Gobi Cashmere","13%"
81870,"portionsmaster.com","Portions Master","9.8%"
81873,"medihill.com","MEDIHILL","$45.50"
81874,"imglarger.com","Imglarger","26%"
81891,"safeplacebedding.com","Safe Place Bedding","6.5%"
81898,"umobix.com","uMobix","9.8%"
81909,"alisonandaubrey.com","Alison + Aubrey","9.8%"
81913,"almina-concept.com","Almina Concept","3.3%"
81926,"meridiangrooming.com","Meridian Grooming","3.3%"
81938,"photobucket.com","Photobucket","18.2%"
81951,"attngrace.com","Attn: Grace","3.9%"
81956,"forkandmelon.com","FORK & MELON","2%"
82009,"bougerv.com","BougeRV","5.2%"
82010,"epilynxcosmetics.com","EpiLynx","13%"
82010,"epilynx.com","EpiLynx","13%"
82066,"shop.bucks.com","Bucks Pro Shop","2.6%"
82068,"chicmi.com","Chicmi","2%"
82089,"nurturelux.com","NurtureLux","6.5%"
82089,"luxpillowsplus.com","NurtureLux","6.5%"
82091,"htvrontvinyl.com","HTVRont","6.5%"
82091,"htvront.com","HTVRont","7.8%"
82125,"thecraftedprints.com","The Crafted Prints","6.5%"
82131,"joyforall.com","Joy for All","5.2%"
82134,"aoocci.com","Aoocci","5.2%"
82134,"carplaysmartbox.com","Aoocci","5.2%"
82139,"onceamoon.com","Once A Moon","3.3%"
82146,"rx-able.com","Rx-Able.com","5.2%"
82149,"skingymco.com","SKIN GYM","6.5%"
82150,"buywinesonline.com","Buy Wines Online","2.6%"
82156,"nguyencoffeesupply.com","Nguyen Coffee Supply","6.5%"
82165,"nbeads.com","Nbeads","2.6%"
82166,"tritonpokertables.com","Triton Poker LLC","2.6%"
82172,"seralabshealth.com","SERA LABS HEALTH","13%"
82176,"fibreheat.com","FibreHeat","6.5%"
82181,"vickyandlucas.com","Vicky & Lucas Inc.","3.3%"
82187,"mytapscore.com","Tap Score","6.5%"
82190,"airocollective.com","Airo Collective","7.8%"
82201,"ador.com","ADOR","13%"
82204,"audeze.com","Audeze","4.6%"
82210,"fishhippie.com","Fish Hippie Co.","4.6%"
82213,"gunner.com","Gunner Kennels","3.9%"
82214,"highcampflasks.com","High Camp Flasks","4.6%"
82215,"mahoshades.com","Maho Shades","6.5%"
82216,"wildlygoods.com","Wildly Goods","6.5%"
82217,"xcelwetsuits.com","XCEL Wetsuits","1.3%"
82220,"ecovacs.com","ECOVACS","3.3%"
82222,"wisecleaner.com","WiseCleaner","39%"
82231,"avant-skincare.com","Avant Skincare","7.8%"
82237,"radpowerbikes.com","Rad Power Bikes","3.3%"
82242,"noelasmaruniforms.com","Noel Asmar Uniforms","6.5%"
82244,"pedicurebowls.com","Pedicure Bowls","7.8%"
82245,"asmarequestrian.com","Asmar Equestrian","7.8%"
82252,"touchebrand.com","nostalgia.","0.7%"
82252,"pregnancypillowco.com","nostalgia.","0.7%"
82252,"nostalgialove.com","nostalgia.","0.7%"
82293,"footshop.com","Footshop","2.6%"
82301,"clevguard.com","ClevGuard","32.5%"
82302,"yayimages.com","Yay Images","16.3%"
82309,"gundoggrind.com","Gundog Grind","4.9%"
82441,"dorothee-schumacher.com","Dorothee Schumacher","3.9%"
82446,"bradfordexchange.com","Bradford Exchange","11.7%"
82450,"kiwi.com","Kiwi","2%"
82456,"busuu.com","Busuu","6.5%"
82457,"step2.com","Step2","6.5%"
82470,"justanswer.com","JustAnswer","$11.70"
82471,"bodylogix.com","Bodylogix","3.3%"
82483,"originpc.com","Origin PC","1.3%"
82491,"vaulthealth.com","Vault Health","$22.75"
82497,"sokawaiibox.com","SoKawaii","$0.65"
82497,"sokawaii.com","SoKawaii","$0.65"
82499,"wedsites.com","WedSites","6.5%"
82507,"huskyliners.com","Husky Liners","2.6%"
82528,"clove-technology.com","Clove Technology","0.7%"
82528,"clove.co.uk","Clove Technology","0.7%"
82530,"mlsstore.com","MLSStore.com","5.2%"
82531,"shop49ers.com","San Francisco 49ers Fan Shop","5.2%"
82575,"invideo.io","InVideo","32.5%"
82581,"northandmainclothingco.com","North & Main Clothing Company","3.3%"
82601,"baleariacaribbean.com","Balearia","3.3%"
82615,"ayoa.com","Ayoa","19.5%"
82616,"us.braun.com","Braun","5.2%"
82636,"blogvault.net","BlogVault","13%"
82641,"fiit.tv","Fiit","$2.60"
82665,"rentredi.com","RentRedi","26%"
82672,"melscience.com","MEL Science","$19.50"
82677,"silverjeans.com","Silver Jeans Co","2.6%"
82680,"wolftoothcomponents.com","Wolf Tooth Components","3.3%"
82683,"ikonick.com","IKONICK","5.2%"
82692,"invisawear.com","invisaWear","2.6%"
82737,"doughnutofficial.com","Doughnut","6.5%"
82738,"femmepharma.com","FemmePharma","6.5%"
82739,"bravenewlook.com","Brave New Look","3.3%"
82745,"equinavia.com","Equinavia","11.7%"
82745,"horze.com","Equinavia","11.7%"
82747,"mintandlily.com","Mint & Lily","5.2%"
82758,"freedomfatigues.com","Freedom Fatigues","5.2%"
82768,"lunolife.com","Luno","2%"
82778,"chi.com","CHI","9.8%"
82779,"megazip.net","MegaZip","7.8%"
82780,"apriadirect.com","ApriaDirect","3.9%"
82785,"o3waterworks.com","O3 Waterworks LLC","6.5%"
82787,"primallifeorganics.com","Primal Life Organics","6.5%"
82800,"todayglitter.com","Today Glitter","9.8%"
82804,"outdoorfellow.com","Outdoor Fellow","4.6%"
82809,"arielgordonjewelry.com","Ariel Gordon Jewelry","7.8%"
82830,"halloweencosplayer.com","Fanrek","9.8%"
82830,"fanrek.com","Fanrek","9.8%"
82870,"us.letterfest.com","Letterfest","2%"
82878,"biobidet.com","Bio Bidet","3.3%"
82880,"bugaboo.com","Bugaboo","2.6%"
82885,"ironflask.com","Iron Flask","3.3%"
82886,"writeraccess.com","WriterAccess","$32.50"
82887,"zennioptical.com","Zenni Optical","3.3%"
82892,"fenixlighting.com","Fenix Lighting","4.6%"
82978,"barebonesliving.com","Barebones","4.6%"
82981,"ampere.shop","Ampere","3.3%"
82992,"burton.com","Burton Snowboards","2%"
83003,"discovercars.com","Discover Cars","35.1%"
83005,"laptopbatteryexpress.com","Laptop Battery Express","5.2%"
83006,"nectarlife.com","Nectar Bath Treats","2%"
83006,"nectarusa.com","Nectar Bath Treats","2%"
83016,"weddinghashers.com","Wedding Hashers","26%"
83018,"walkeepaws.com","Walkee Paws","6.5%"
83022,"goodbuygear.com","GOOD BUY GEAR","2%"
83085,"pond5.com","Pond5","2.6%"
83086,"volitionbeauty.com","Volition Beauty","13%"
83117,"orpheus-skin.com","ORPHEUS Skincare","11.1%"
83120,"beverlyhillsmd.com","Beverly Hills MD","6.5%"
83121,"robkellermd.com","Rob Keller MD","16.3%"
83122,"the-qi.com","The Qi Lifestyle Inc","13%"
83125,"turmerry.com","Turmerry","0.7%"
83128,"scottscheapflights.com","Going","$10.40"
83128,"going.com","Going","$10.40"
83131,"asystem.com","ASYSTEM","9.8%"
83135,"realtruck.com","RealTruck","3.9%"
83154,"englandstore.com","England FA Shop","2.6%"
83158,"sportsshoes.com","SportsShoes","0.7%"
83159,"sixthreezero.com","Sixthreezero Bicycle Co.","3.3%"
83174,"artisul.com","Artisul","3.3%"
83180,"incommonbeauty.com","In Common","3.3%"
83267,"uncrate.com","Uncrate","2%"
83269,"foxsox.com","Fox River","7.8%"
83330,"lindsayletters.co","Lindsay Letters","6.5%"
83331,"shopinspiredhome.com","Inspired Home","2.6%"
83333,"menaji.com","Menaji","9.8%"
83337,"directv.com","DIRECTV","$81.25"
83341,"golfapparelshop.com","GolfApparelShop.com","2.6%"
83345,"badrhino.com","BadRhino","3.9%"
83349,"evertondirect.evertonfc.com","Everton Online Store","2.6%"
83349,"evertonfc.com","Everton Online Store","2.6%"
83354,"monasterymade.com","Monastery","9.8%"
83361,"rolecosplay.com","RoleCosplay","5.2%"
83374,"store.acer.com","Acer","2.6%"
83374,"acer.com","Acer","2.6%"
83374,"us-store.acer.com","Acer","2.6%"
83381,"spicewallabrand.com","Spicewalla","5.2%"
83382,"terrybicycles.com","Terry Bicycles","3.9%"
83382,"terrycycling.com","Terry Bicycles","3.9%"
83396,"ortlieb.com","ORTLIEB","4.6%"
83399,"keababies.com","KeaBabies","13%"
83402,"enjoytravel.com","Enjoy Travel","2%"
83409,"nutrientsurvival.com","Nutrient Survival","3.3%"
83415,"facethefuture.co.uk","Face the Future","0.7%"
83419,"pillowguy.com","Pillow Guy","6.5%"
83424,"yensa.com","Yensa","9.8%"
83426,"snailax.com","Snailax","6.5%"
83433,"strongcoffeecompany.com","STRONG COFFEE COMPANY","0.7%"
83435,"rubberflooringinc.com","Flooring Inc","3.3%"
83435,"flooringinc.com","Flooring Inc","3.3%"
83459,"broadstreetads.com","Broadstreet Ads","$16.25"
83501,"suitnegozi.com","Suit","6.5%"
83502,"rastellis.com","Rastellis","$16.25"
83907,"underpar.com","UnderPar","2.6%"
83915,"rapidtq.com","Rapid Medical","6.5%"
83931,"sheex.com","SHEEX","1.3%"
83947,"thefarmhaven.com","FarmHaven","13%"
83948,"swairhair.com","SWAIR","3.3%"
83949,"oncourtoffcourt.com","Oncourt Offcourt","3.9%"
83952,"bellabarnett.com","Bella Barnett","5.2%"
83954,"saylor.nyc","SAYLOR","9.8%"
83955,"fnsharp.com","F.N. Sharp","6.5%"
83956,"corkcicle.com","Corkcicle","2.6%"
83961,"jewelry-liquidation.com","Jewelry Liquidation Inc.","5.2%"
83974,"hubbleconnected.com","Hubble Connected","9.8%"
83976,"karmaandluck.com","Karma and Luck","4.6%"
83978,"sailo.com","SAILO, INC","3.3%"
83982,"capsuline.com","Capsuline","4.6%"
83991,"grownalchemist.com","Grown Alchemist","6.5%"
84000,"uppercutdeluxe.com","Uppercut Deluxe Co Inc","6.5%"
84014,"memoi.com","MeMoi Fashion","6.5%"
84027,"anna-kaci.com","Anna-Kaci","5.2%"
84031,"shop.bakersbacon.com","Baker's Bacon","3.9%"
84034,"yitahome.com","YITAHOME","4.6%"
84065,"papercosmetics.com","Paper Cosmetics","16.3%"
84066,"spiritanimalcoffee.com","Spirit Animal Coffee","13%"
84067,"bookingcredits.com","Bookingcredits.com","4.6%"
84076,"hidemywpghost.com","Hide My WP Ghost","19.5%"
84085,"bostanten-official.com","Bostanten","0.7%"
84085,"bostanten.com","Bostanten","3.3%"
84087,"blackheadshop.com","Blackhead Jewelry","9.8%"
84092,"catherineweitzman.com","Catherine Weitzman Jewelry","4.6%"
84096,"mohawkgeneralstore.com","Mohawk General Store","6.5%"
84097,"azunafresh.com","Azuna","10.4%"
84103,"p-bandai.com","PREMIUM BANDAI","3.9%"
84114,"hestanculinary.com","Hestan Culinary","5.2%"
84123,"milanicosmetics.com","Milani","3.9%"
84134,"velosaddles.us","Velo Saddles","3.3%"
84142,"sidelineswap.com","SidelineSwap","0.7%"
84188,"chasingpaper.com","Chasing Paper","5.2%"
84191,"thrivous.com","Thrivous","19.5%"
84192,"ph5.com","PH5","6.5%"
84197,"everythirty.com","MASKC","6.5%"
84197,"shopmaskc.com","MASKC","6.5%"
84199,"chilichews.com","Chili Chews","5.2%"
84215,"niucoco.com","Niucoco","8.5%"
84216,"lalignenyc.com","La Ligne","1.3%"
84219,"lavazza.us","Lavazza","8.7%"
84219,"lavazzausa.com","Lavazza","8.7%"
84223,"oxygenclothing.co.uk","Oxygen Clothing","4.9%"
84239,"oliviaandpearl.com","Olivia & Pearl","6.5%"
84276,"milly.com","MILLY","0.7%"
84283,"gshopper.com","Gshopper","3.9%"
84321,"samfastyle.com","Sami Jewels","6.5%"
84321,"samijewels.com","Sami Jewels","6.5%"
84323,"amandauprichard.com","Amanda Uprichard","4.6%"
84344,"navyhaircare.com","NAVY Hair Care","3.3%"
84363,"naturabrasil.com","Natura ","2%"
84363,"natura.com","Natura ","2%"
84377,"hammitt.com","Hammitt","0.7%"
84482,"bestofsigns.com","BestOfSigns","6.5%"
84483,"toolnut.com","The Tool Nut","2%"
84486,"topresume.com","TopResume","4.6%"
84488,"hydrow.com","Hydrow","2%"
84489,"insidetracker.com","InsideTracker","5.2%"
84768,"ellie.com","Ellie","5.2%"
84770,"superfeet.com","Superfeet","5.2%"
84791,"sorare.com","Sorare","6.5%"
84792,"patrickta.com","Patrick Ta Beauty","5.2%"
84799,"graveltravel.com","Gravel","2%"
84809,"matchabar.co","MatchaBar, Inc.","9.8%"
84810,"sparitual.com","Sparitual","5.2%"
84816,"levenger.com","Levenger","6.5%"
84817,"montana-west.com","Montana West World","9.8%"
84825,"firsthandsupply.com","Firsthand Supply","3.9%"
84829,"gabbwireless.com","Gabb Wireless","$13.00"
84829,"gabb.com","Gabb Wireless","$13.00"
84831,"rooneyshop.com","Rooney","7.8%"
84838,"chantecaille.com","Chantecaille","5.2%"
84870,"helmutlang.com","Helmut Lang","3.3%"
84875,"simonmillerusa.com","Simon Miller","6.5%"
84883,"osmonutrition.com","Osmo Nutrition","7.8%"
84887,"marleyspoon.com","Marley Spoon","$16.25"
84892,"hestancue.com","Hestan Smart Cue","2.6%"
85266,"keyeats.com","Keyto","2%"
85266,"getkeyto.com","Keyto","2%"
85273,"brunomagli.com","Bruno Magli","5.2%"
85277,"xero.com","Xero","$19.49"
85281,"zealoptics.com","Zeal Optics","3.9%"
85282,"countrylifevitamins.com","Country Life Vitamins","3.9%"
85283,"maaji.co","Maaji","3.3%"
85284,"xtratuf.com","Xtratuf","9.8%"
85292,"sunglasshut.com","Sunglass Hut","5.9%"
85293,"persol.com","Persol","2.6%"
85306,"voltheat.com","Volt Heat","3.9%"
85307,"nebula.org","Nebula Genomics","2%"
85316,"getcerebral.com","Cerebral","$0.65"
85316,"cerebral.com","Cerebral","$0.65"
85320,"sportsline.com","Sportsline","39%"
85326,"wildling.com","Wildling Beauty","3.3%"
85330,"jobget.com","JobGet","$1.30"
85331,"farberwarecookware.com","Farberware","2.6%"
85332,"potsandpans.com","Pots and Pans","2.6%"
85342,"hueb.com","Hueb Campaign","6.5%"
85344,"maccosmetics.com","MAC Cosmetics","2.6%"
85356,"pelican.com","Pelican Products","4.9%"
85358,"curehydration.com","Cure Hydration","9.8%"
85363,"codemonkey.com","CodeMonkey","13%"
85365,"lilicloth.com","Lilicloth","7.8%"
85397,"neje.shop","Neje.shop","5.2%"
85416,"giganews.com","GigaNews","$32.50"
85418,"mutha.com","Mutha","3.3%"
85427,"donaldpliner.com","Donald Pliner","5.2%"
85437,"ottlite.com","OttLite","5.2%"
85443,"anolon.com","Anolon","3.9%"
85448,"accuwebhosting.com","AccuWebHosting.Com","45.5%"
85450,"myearfun.com","Earfun, Inc","5.2%"
85457,"chargetech.com","ChargeTech","6.5%"
85463,"54kibo.com","54kibo","5.2%"
85469,"noracora.com","Noracora","7.8%"
85470,"gothink.com","THINK Sun","1.3%"
85470,"thinksun.com","THINK Sun","1.3%"
85482,"slumberkins.com","Slumberkins","4.2%"
85483,"artexplore.net","Artexplore","3.3%"
85491,"theamethodskincare.com","The A Method","9.8%"
85491,"theamethod.com","The A Method","9.8%"
85507,"nurtureand.com","Nurture&","0.7%"
85518,"us.jackiemackdesigns.com","Jackie Mack Designs","9.8%"
85524,"miamimd.co","MiamiMD","6.5%"
85526,"seattleppe.com","SeattlePPE","7.8%"
85531,"defendercameras.com","Defender Cameras","3.3%"
85542,"matohash.com","Mato & Hash","8.5%"
85543,"ipcstore.com","iPCstore","1.3%"
85580,"soundcore.com","Soundcore","4.6%"
85599,"drinkarizona.com","Shop Arizona","2%"
85604,"trueclassictees.com","True Classic Tees","6.5%"
85613,"missheel.com","Favor Boots","5.2%"
85613,"favorboots.com","Favor Boots","5.2%"
85617,"incredibleinventions.com","Incredible Inventions","9.8%"
85626,"lawigcompany.com","LA Wig Company","9.8%"
85627,"melod.ie","Melodie Music","13%"
85651,"luminora.com","luminora","6.5%"
85662,"foodlion.com","Food Lion","$0.65"
85666,"tula.com","Tula Skincare","1.3%"
85670,"supersmalls.com","Super Smalls","1.6%"
85672,"nannybag.com","Nannybag","9.8%"
85730,"matadormeggings.com","Matador Meggings","3.3%"
88519,"muzzybbc.com","Muzzy","$13.00"
89846,"abacussportswearus.com","Abacus Sportswear","5.2%"
89864,"zenfolio.com","Zenfolio","32.5%"
91644,"emphasis.com","EMPHASIS","6.5%"
91647,"shop.americantourister.com","American Tourister","3.3%"
91729,"epicuren.com","Epicuren Discovery","7.8%"
91731,"freeperiodpress.com","Free Period Press","6.5%"
91829,"supportpets.com","Support Pets","$19.50"
91831,"avenova.com","Avenova","3.9%"
91833,"firstclasswatches.co.uk","First Class Watches","2%"
91840,"mikihouse-usa.com","Miki House","4.6%"
91844,"hyergoods.com","HYER GOODS","3.3%"
92364,"getrael.com","Rael","3.3%"
92366,"ultimatepetnutrition.com","Ultimate Pet Nutrition","5.2%"
92368,"behno.com","behno","3.3%"
92376,"bioskin.com","BioSkin","3.3%"
92379,"vetster.com","Vetster","$9.75"
92382,"apolloneuro.com","Apollo Neuroscience","6.5%"
92391,"anniespoochpops.com","Annie's Pooch Pops","1.3%"
92396,"fredasalvador.com","Frēda Salvador","5.2%"
92400,"brightside.com","Brightside","$3.25"
92406,"woodbests.com","woodbests","2%"
92407,"streamlocator.com","StreamLocator","$6.50"
92420,"andalou.com","Andalou Naturals","3.3%"
92424,"wineaccess.com","WineAccess","3.3%"
92433,"cocoandeve.com","Coco & Eve","9.8%"
92436,"discountelectronics.com","Discount Electronics","5.2%"
92437,"apos.audio","Apos Audio","9.8%"
92444,"william-may.co.uk","William May","1.6%"
92455,"ncsf.org","National Council on Strength and Fitness","9.8%"
92457,"silviax.com","Silviax Jewelry","16.3%"
92461,"aroma360.com","Aroma360","13%"
92461,"new-aroma360.myshopify.com","Aroma360","11.1%"
92463,"adelanteshoes.com","Adelante Shoe Co","6.5%"
92474,"gogamegeek.com","GoGameGeek","3.3%"
92474,"ploylab.com","GoGameGeek","3.3%"
92481,"store.minisforum.com","Minisforum","1.3%"
92486,"wasserstein-home.com","Wasserstein","7.8%"
92490,"theguushop.com","The GUU Shop","13%"
92495,"louloulollipop.com","Loulou Lollipop","2%"
92499,"goruvi.com","Ruvi","10.4%"
92502,"fernweheditions.com","Fernweh Editions","13%"
92508,"godeal24.com","Godeal24","5.2%"
92520,"emergencycandlecompany.com","Colonial Candle","6.5%"
92520,"colonialcandle.com","Colonial Candle","6.5%"
92537,"dogtv.com","DOGTV","$3.25"
92537,"shop.dogtv.com","DOGTV","$3.25"
92542,"purec60oliveoil.com","PureC60OliveOil.com","6.5%"
92554,"tmplsportswear.com","Temple Sportswear Co. Inc.","6.5%"
92563,"shop.zollipops.com","Zolli Candy","6.5%"
92563,"zollicandy.myshopify.com","Zolli Candy","6.5%"
92567,"moonbeings.com","Moon Beings","13%"
92577,"dowinx.com","dowinx","4.2%"
92579,"radiasmart.com.au","Radia Smart","6.5%"
92579,"radiasmart.com","Radia Smart","6.5%"
92586,"casadesante.com","Case de Sante","13%"
92593,"bestfactor.com","Best Factor","$26.00"
92607,"ca.bedstory.com","BedStory","5.2%"
92607,"bedstory.com","BedStory","5.2%"
92608,"carvedsolutions.com","Carved Solutions","5.2%"
92620,"pellemoda.us","Pelle Moda","6.5%"
92630,"eberjey.com","Eberjey","6.5%"
92634,"gemsny.com","GemsNY","2.6%"
92641,"health-ade.com","Health-Ade","6.5%"
92646,"modelones.com","Modelones","6.5%"
92651,"vivaiacollection.com","Vivaia","6.5%"
92651,"vivaia.com","Vivaia","6.5%"
92663,"gebnegozionline.com","G&B Negozionline","6.5%"
92674,"mineralfusion.com","Mineral Fusion","3.3%"
92691,"shapellx.com","Shapellx","5.2%"
92704,"greystateapparel.com","Grey State Apparel","4.6%"
92761,"u-tec.com","Utec","13%"
92804,"stokke.com","Stokke","3.3%"
92807,"maytag.com","Maytag","2%"
92808,"balibras.com","Bali Bras","0.7%"
92809,"bonafidemasks.com","Bona Fide Masks","6.5%"
92820,"floraanimalia.com","Flora Animalia","7.8%"
92825,"emmarelief.shop","Emma Relief","3.3%"
92828,"cultusartem.com","Cultus Artem","13%"
92858,"uk.blochworld.com","Bloch","6.5%"
92863,"amadine.com","Amadine.com","19.5%"
92866,"weathermanumbrella.com","Weatherman Umbrella","5.2%"
92866,"weatherman.com","Weatherman Umbrella","5.2%"
92871,"kaizennaturals.com","Kaizen Naturals","3.3%"
92896,"goatboxco.com","GOAT BOXCO","6.5%"
92897,"gbs.pet","Pet Parade - Pet Photo Contest","19.5%"
92897,"parade.pet","Pet Parade - Pet Photo Contest","19.5%"
92899,"electrolux.com","Electrolux","3.9%"
92901,"mondly.com","Mondly","26%"
92939,"davidsbridal.com","David's Bridal","3.3%"
92962,"maisonmiru.com","Maison Miru","4.6%"
92966,"aovostore.com","AOVO Store","2%"
92975,"thejobsauce.com","The Job Sauce","$16.25"
92977,"beachwaver.com","Beachwaver","6.5%"
92979,"hellotech.com","HelloTech","52%"
92982,"ellia.com","Ellia","5.2%"
92985,"brondell.com","Brondell","3.3%"
92990,"printique.com","Printique","0.7%"
92991,"gruff-tumble.myshopify.com","Gruff + Tumble","7.8%"
92991,"gruffandtumble.com","Gruff + Tumble","7.8%"
93000,"proscenic.com","Proscenic","3.3%"
93001,"miloartsupplies.com","Milo Art Supplies","3.3%"
93035,"chewy.com","Chewy","1.3%"
93038,"nuts.com","Nuts.com","3.3%"
93047,"getbellhops.com","Bellhop","3.3%"
93052,"everydropwater.com","EveryDrop","4.6%"
93060,"abugarcia.com","Abu Garcia","1.6%"
93061,"berkley-fishing.com","Berkley","6.5%"
93062,"pennfishing.com","PENN","1.6%"
93068,"nomadlane.com","Nomad Lane","$3.25"
93441,"electriccityroasting.com","Electric City Roasting Co.","3.3%"
93457,"baxterblueglasses.com","Baxter Blue Glasses","$6.50"
93467,"narscosmetics.com","Nars Cosmetics","3.9%"
93484,"justfoodfordogs.com","JustFoodForDogs","2%"
93497,"glotrition.com","Glotrition","9.8%"
93498,"mrtortilla.com","Mr. Tortilla","6.5%"
93508,"shopsundayritual.com","Sunday Ritual","3.3%"
93513,"deconovo.com","Deconovo","9.8%"
93514,"vanitiest.com","Bestoutdor","3.9%"
93514,"bestoutdor.com","Bestoutdor","3.9%"
93520,"heist-studios.com","Heist","4.6%"
93545,"ashapops.com","AshaPops","3.3%"
93546,"alethahealth.com","Aletha Health","6.5%"
93548,"bandicam.com","BANDICAM COMPANY LLC","9.8%"
93561,"mrpeanutspetcarriers.com","Mr. Peanut's Pet Carriers","7.8%"
93578,"mybeadsfindings.com","mybeadsfindings","3.3%"
93585,"theperfecthaircare.com","The Perfect Haircare","6.5%"
93589,"kyrialingerie.com","Kyria Lingerie","6.5%"
93593,"munbyn.com","MUNBYN","6.5%"
93595,"keynutrients.com","Key Nutrients","13%"
93613,"kitelinens.com","Kitelinens","3.3%"
93616,"formaldressshops.com","Formal Dress Shops","9.8%"
93626,"havalab.com","HAVA","5.2%"
93631,"justenoughwines.com","Just Enough Wines","6.5%"
93678,"bruntworkwear.com","BRUNT Workwear","3.3%"
93696,"sunwarrior.com","Sunwarrior","6.5%"
93700,"theparkingspot.com","The Parking Spot","3.3%"
93704,"igloocoolers.com","Igloo Coolers","3.9%"
93742,"stopandshop.com","Stop & Shop","$1.95"
93747,"giantfood.com","Giant Food","$6.50"
93748,"mielleorganics.com","MIELLE","1.3%"
93797,"rnnr.com","rnnr llc","3.3%"
93798,"aweinspired.com","Awe Inspired","1.3%"
93806,"horizonfitness.com","Horizon Fitness","2%"
93811,"glamorise.com","Glamorise Foundations","6.5%"
93815,"spotandtango.com","Spot & Tango","$32.50"
93816,"wildbird.co","Wildbird","2.6%"
93819,"travismathew.com","TravisMathew","0.7%"
93834,"omorovicza.com","Omorovicza","6.5%"
93835,"cancooker.com","CanCooker","3.3%"
93847,"natori.com","Natori","2%"
93889,"felixgray.com","Felix Gray","5.2%"
93890,"store.govee.com","GOVEE","6.5%"
93890,"govee.com","GOVEE","6.5%"
93891,"territoryfoods.com","Territory Foods","$4.55"
93902,"revolutionbeauty.com","Revolution Beauty","0.7%"
93902,"revolutionbeauty.us","Revolution Beauty","0.5%"
93903,"garyswine.com","Gary's Wine & Marketplace","3.3%"
93908,"artpix3d.com","ArtPix 3D","6.5%"
93909,"zestypaws.com","Zesty Paws","2.6%"
93915,"cuddledown.com","Cuddledown","3.3%"
93965,"colibrigroup.com","Colibri Group","5.2%"
93965,"realestateexpress.com","Colibri Group","5.2%"
93965,"colibrirealestate.com","Colibri Group","5.2%"
93980,"chadwicks.com","Chadwicks of Boston","3.3%"
93982,"soletreadmills.com","Sole Fitness","9.8%"
93985,"joanieclothing.com","Joanie","3.3%"
94017,"thelingeriebox.com","The Lingerie Box","4.6%"
94018,"function101.com","Function101","3.3%"
94025,"rafinova.com","Rafi Nova","6.5%"
94090,"savagex.com","Savage X Fenty","9.8%"
94111,"dereklam.com","Derek Lam","4.6%"
94149,"sellhound.com","SellHound","9.8%"
94159,"qobuz.com","Qobuz","6.5%"
94564,"maryyoung.com","MARY YOUNG","7.8%"
94566,"hotspringsnatural.com","Hot Springs Natural","6.5%"
94579,"mobilepixels.us","Mobile Pixels","4.6%"
94583,"gyroorboard.com","Gyroor","6.5%"
94587,"krimsonklover.com","Krimson Klover","7.8%"
94592,"fiido.com","Fiido","2.6%"
94601,"puretree.com","PureTree","5.2%"
94603,"minimeyoga.com","Mini Me Yoga","6.5%"
94609,"palladiobeauty.com","Palladio Beauty","13%"
94613,"naturehike.com","Naturehike","5.2%"
94614,"figgyplay.com","Figgy","3.3%"
94614,"shenanigankids.com","Figgy","3.3%"
94617,"atharapure.com","Athar'a Pure","9.8%"
94630,"vivosun.com","VIVOSUN INC","5.2%"
94637,"brutusbroth.com","Brutus Broth","6.5%"
94640,"talkingoutofturn.com","Talking Out of Turn","6.5%"
94651,"cardiologycoffee.com","Cardiology Coffee","16.3%"
94658,"ocusleep.com","Ocusleep","9.8%"
94658,"onlinecontacts.com","Ocusleep","9.8%"
94661,"ainfox.com","Ainfox","2%"
94672,"iprovpn.com","iProVPN","32.5%"
94673,"adoorn.com","Adoorn","9.8%"
94675,"elecwish.com","Elecwish","9.8%"
94697,"kexi.com","Kexi","5.2%"
94708,"tenwilde.com","Ten Wilde","3.3%"
94730,"betckey.com","Betckey","7.8%"
94734,"incrediwear.com","Incrediwear Holdings Inc.","3.9%"
94735,"minibloom.com","MiniBloom","6.5%"
94752,"justwater.com","JUST Water","3.6%"
94753,"vividseats.com","Vivid Seats","2.6%"
94759,"socialcatfish.com","Social Catfish","$390.00"
94762,"picsart.com","PicsArt","16.3%"
94764,"jimdo.com","Jimdo","$22.75"
94778,"stanley1913.com","Stanley","6.5%"
94792,"gamersaloon.com","Gamer Saloon","$16.25"
94794,"equilibriumnutrition.com","EquiLife","1%"
94794,"equi.life","EquiLife","9.8%"
94798,"tinyhood.com","Tinyhood","2%"
94800,"freshcleantees.com","Fresh Clean Threads","2%"
94801,"saltverk.com","Saltverk","6.5%"
94847,"hailprotector.com","Hail Storm Products","6.5%"
94858,"getsunflow.com","SUNFLOW, Inc.","2%"
94859,"einova.com","Einova","5.2%"
94867,"101blockchains.com","101 Blockchains","13%"
94874,"stamps.com","Stamps.com","6.5%"
94876,"jeccablac.com","Jecca Blac","5.2%"
94877,"ssls.com","SSLs.com","22.8%"
94885,"melowaymakeup.com","Meloway Makeup","7.8%"
94886,"laurelcreeksoftware.com","Laurel Creek Software","13%"
94892,"app.getupside.com","Upside","$6.50"
94892,"upside.com","Upside","$6.50"
94894,"gamivo.com","Gamivo","3.3%"
94912,"store.myteracube.com","Teracube","13%"
94912,"myteracube.com","Teracube","13%"
94945,"anisasojka.com","Anisa Sojka","6.5%"
94948,"akuoutdoor.us","AKU Outdoor","5.2%"
94950,"rununited.com","Run United","4.6%"
94957,"revzilla.com","RevZilla","1.3%"
95325,"splice.com","Splice","$41.60"
95326,"bellroy.com","Bellroy","4.6%"
95327,"industrywest.com","Industry West","2.6%"
95334,"hiboost.com","Hiboost","6.5%"
95366,"fridgefilters.com","FridgeFilters.com","1.6%"
95367,"waterfilters.net","WaterFilters.net","1.6%"
95371,"theoutnet.com","The Outnet","3.9%"
95391,"moroccanoil.com","Moroccanoil","6.5%"
95414,"naturalform.com","Natural Form","3.9%"
95477,"xterrafitness.com","XTERRA Fitness","5.2%"
95478,"wulfsfish.com","Wulf's Fish","3.3%"
95978,"nalgene.com","Nalgene","6.5%"
95980,"mansurgavriel.com","MANSUR GAVRIEL","3.9%"
95995,"troutinsights.com","TroutRoutes","4.9%"
95995,"troutroutes.com","TroutRoutes","4.9%"
95999,"iamshewarrior.com","SheWarrior","3.3%"
96007,"gkhair.com","GK HAIR","9.8%"
96013,"discountcomputerdepot.com","Discount Computer Depot","3.9%"
96022,"tvliftcabinet.com","TV Lift Cabinet","4.9%"
96024,"groceriesapparel.com","Groceries Apparel","1.3%"
96033,"yanasleep.com","Yana Sleep","3.3%"
96037,"hohem.com","Hohem","4.6%"
96037,"store.hohem.com","Hohem","4.6%"
96045,"barkerwellness.com","Barker Wellness Co","6.5%"
96053,"calgee.com","Calgee","9.8%"
96091,"replenix.com","Replenix","3.3%"
96108,"linenhandmadestudio.com","Linen handmade studio","6.5%"
96127,"theicebarrel.com","Ice Barrel","$16.25"
96127,"icebarrel.com","Ice Barrel","$16.25"
96131,"kashayaprobiotics.com","Kashaya Probiotics","9.8%"
96157,"firmoo.com","Firmoo","3.3%"
96164,"makeafort.fun","Make-A-Fort","2%"
96193,"karmanuts.com","Karma Nuts","6.5%"
96197,"toesonthenose.com","Toes On The Nose","6.5%"
96198,"fostergrant.com","Foster Grant","3.9%"
96208,"getlivfresh.com","LivFresh","6.5%"
96212,"performixdriven.com","Performix","13%"
96260,"feedyoursoul.com","Feed Your Soul Bakery","2%"
96279,"us.frankgreen.com","frank green","6.5%"
96290,"bluecosmo.com","BlueCosmo","6.5%"
96299,"switch-bot.com","SwitchBot","3.9%"
96326,"us.eufy.com","Eufy","6.2%"
96326,"eufy.com","Eufy","5.9%"
96326,"us.eufylife.com","Eufy","5.9%"
96329,"luluguinness.com","Lulu Guinness","2%"
96329,"us.luluguinness.com","Lulu Guinness","2%"
96333,"theknot.com","The Knot","2.6%"
96377,"gobuckeyes.com","Ohio State Team Shop","3.3%"
96401,"us.rebelstork.com","REBEL","2.6%"
96401,"fromrebel.com","REBEL","2%"
96421,"aidabicaj.com","AIDA BICAJ","6.5%"
96487,"hallyhair.com","Hally","9.8%"
96502,"pdfextra.com","MobiSystems","16.3%"
96502,"mobisystems.com","MobiSystems","16.3%"
96511,"amagabeli.com","Amagabeli","9.8%"
96512,"brilliant.org","Brilliant","$16.25"
96538,"ultramobile.com","Ultra Mobile","$3.25"
96545,"halocollar.com","Halo Collar","4.6%"
98027,"katinusa.com","Katin","3.9%"
98040,"unidragon.com","Unidragon","13%"
98040,"p.unidragon.com","Unidragon","13%"
98042,"lightingreimagined.com","Lighting Reimagined","0.7%"
98043,"boattests101.com","BoatTests101.com","19.5%"
98045,"allaylamp.com","Allay Lamp","5.2%"
98046,"erommy.com","EROMMY","5.2%"
98047,"homrest.com","Homrest","6.5%"
98048,"swiminista.com","Draya","9.8%"
98048,"shopdraya.com","Draya","9.8%"
98057,"sheecsocks.com","Sheec Socks","5.2%"
98058,"elsenutrition.com","Else Nutrition","19.5%"
98062,"dragondoor.com","Dragon Door","6.5%"
98064,"artgalleryzen.co","ArtGallery Zen","19.5%"
98070,"sonetel.com","Sonetel","32.5%"
98071,"8otherreasons.com","8 Other Reasons","13%"
98075,"alligatorwarehouse.com","Alligator Warehouse","5.2%"
98080,"getlawnbright.com","Lawnbright","2.6%"
98082,"robotimeonline.com","ROBOTIME","6.5%"
98087,"gofanco.com","gofanco LLC","6.5%"
98118,"lunasundara.com","Luna Sundara LLC","9.8%"
98121,"ledbe.com","Ledbe","6.5%"
98131,"buydeem.com","Buydeem","1.3%"
98131,"buydeemglobal.com","Buydeem","1.3%"
98131,"us.buydeem.com","Buydeem","1.3%"
98135,"lemyn.com","Lemyn Organics","6.5%"
98137,"anniecloth.com","Annie Cloth","7.8%"
98140,"oberhealth.com","ober health","13%"
98150,"vendoo.co","Vendoo","9.8%"
98157,"elfsight.com","Elfsight","19.5%"
98164,"teflinstitute.com","The TEFL Institute","6.5%"
98166,"mustad-fishing.com","Mustad Fishing","4.6%"
98181,"sendflowers.com","Send Flowers","5.2%"
98185,"yvesrocherusa.com","Yves Rocher","9.8%"
98200,"new.city.travel","City.Travel","1.9%"
98200,"city.travel","City.Travel","1.9%"
98226,"chiccousa.com","Chicco","2.6%"
98281,"geekbuying.com","Geekbuying","5.2%"
98295,"localrent.com","localrent.com","4.3%"
98345,"iherb.com","iHerb","3.3%"
98394,"unwilted.com","Unwilted","6.5%"
98395,"elegoo.com","Elegoo","4.6%"
98410,"bakedcravings.com","Baked Cravings","3.3%"
98415,"shopnorthauthentic.com","North Authentic","4.6%"
98416,"exodrones.com","EXO Drones","5.2%"
98452,"sungoldpower.com","SunGoldPower","3.9%"
98454,"trulacta.com","Trulacta","22.8%"
98463,"naplessoap.com","Naples Soap Company","5.2%"
98480,"us.reima.com","Reima","6.5%"
98500,"lovelywholesale.com","Lovelywholesale","6.5%"
98500,"m.lovelywholesale.com","Lovelywholesale","6.5%"
98503,"liquidweb.com","Liquid Web","260%"
98503,"new.liquidweb.com","Liquid Web","260%"
98531,"global.redmagic.gg","Redmagic","1.3%"
98531,"redmagic.gg","Redmagic","1.3%"
98677,"cafago.com","Cafago","3.9%"
98699,"gepur.com","Gepur","4.2%"
98718,"glasseslit.com","Glasseslit","9.8%"
98768,"eastessence.com","East Essence","4.6%"
98776,"themeforest.net","Envato","15.6%"
98776,"elements.envato.com","Envato","$78.00"
98776,"envato.com","Envato","$78.00"
98790,"infobus.eu","Infobus","4%"
98847,"wolf1834.com","Wolf","0.7%"
98996,"novakidschool.com","Novakid","$58.50"
98996,"novakid.pl","Novakid","$63.27"
98996,"novakid.com.tr","Novakid","$63.27"
98996,"novakid.es","Novakid","$63.27"
98996,"novakid.co.il","Novakid","$63.27"
98996,"novakid.it","Novakid","$63.27"
98996,"novakid.de","Novakid","$63.27"
98996,"novakid.fr","Novakid","$63.27"
98996,"novakid.ro","Novakid","$63.27"
98996,"novakid.co.kr","Novakid","$63.27"
98996,"novakid.cz","Novakid","$63.27"
98996,"novakid.jp","Novakid","$63.27"
98996,"novakid.hu","Novakid","$63.27"
98996,"novakid.id","Novakid","$63.27"
98998,"youtravel.me","YouTravel.me","2.5%"
99071,"grandbazaarist.com","Grandbazaarist","6.5%"
99077,"k7computing.com","K7 Computing","32.5%"
99112,"parallels.com","Parallels","9.8%"
99142,"millenniumhotels.com","Millennium Hotels","2%"
99151,"futurelearn.com","FutureLearn","8.8%"
99184,"umbra.com","Umbra","3.3%"
99239,"epicvin.com","EpicVIN","19.5%"
99242,"brodo.com","Brodo","7.8%"
99245,"juaraskincare.com","JUARA Skincare","6.5%"
99290,"airportlax.com","Airport LAX","6.5%"
99501,"cirruscycles.com","KINEKT by Cirrus Cycles","2.6%"
99556,"vahdamteas.com","VahdamTeas","9.8%"
99556,"vahdam.com","VahdamTeas","9.8%"
99564,"global.ztedevices.com","ZTE","2.6%"
99564,"intl.nubia.com","ZTE","2.6%"
99564,"na.ztedevices.com","ZTE","2.6%"
99587,"justfashionnow.com","JustFashionNow","6.5%"
99597,"dailyobjects.com","Daily Objects","$1.59"
99598,"obefitness.com","Obé Fitness","$32.50"
99636,"itvdn.com","ITVDN","11.4%"
99641,"roselinlin.com","Roselinlin","7.8%"
99654,"seagerco.com","Seager","5.2%"
99661,"shop.hartmann.com","Hartmann","3.3%"
99666,"shop.mirohome.com","Miro","6.5%"
99679,"irresistibleme.com","Irresistible Me","2.6%"
99680,"trysnow.com","Snow","6.5%"
99682,"becleverman.com","Cleverman","$6.50"
99713,"shoprushhouse.com","Rush House","6.5%"
99739,"blackwidowpro.com","Black Widow Pro","3.3%"
99745,"raceramps.com","Race Ramps","3.3%"
99746,"carbonite.com","Carbonite","5.2%"
100203,"sundayriley.com","Sunday Riley","1.3%"
100245,"mefirstliving.com","Me First Living","16.3%"
100246,"diypestcontrol.com","DIY Pest Control","2%"
100246,"store.doyourownpestcontrol.com","DIY Pest Control","2%"
100248,"farmhousefreshgoods.com","FarmHouse Fresh","3.9%"
100249,"activegear.co","ActiveGear","6.5%"
100252,"hugetomato.com","Huge Tomato","13%"
100257,"awoopets.com","Awoo Pets","2%"
100273,"whatacrockmeals.com","What a Crock Meals","9.8%"
100274,"guatego.com","GuateGo","2.6%"
100444,"cleanblend.com","Cleanblend","3.3%"
100445,"drscholls.com","Dr. Scholl's","5.2%"
100445,"drschollsshoes.com","Dr. Scholl's","2%"
100448,"anuschkaleather.com","Anuschka","6.5%"
100452,"coldpicnic.com","Cold Picnic","6.5%"
100454,"heydayskincare.com","Heyday","9.8%"
100459,"misshaus.com","Missha","2%"
100461,"us.narwal.com","Narwal","1.3%"
100461,"shop.narwal.com","Narwal","1.3%"
100490,"ketoconnect.net","Ketoconnect","32.5%"
100497,"lestien.com","Les Tien","9.8%"
100508,"meetyourstaff.co","Staff","9.8%"
100510,"myanimec.com","MYanimec","13%"
100518,"shortandsuite.com","Short & Suite","13%"
100527,"abracadabranyc.com","Abracadabra NYC","3.3%"
100529,"shop.fangoria.com","Fangoria","7.8%"
100533,"hello.health","Hello Health","9.8%"
100533,"gethellohealth.com","Hello Health","9.8%"
100540,"store.sirui.com","SIRUI","3.3%"
100546,"seobuddy.com","SEO Buddy","$6.50"
100568,"cjdropshipping.com","CJdropshipping","1.3%"
100569,"asbydf.com","AS by DF","7.8%"
100581,"us.no7beauty.com","No7 Beauty","0.7%"
100594,"nextbase.com","Nextbase","6.5%"
100599,"tagliapasta.com","Taglia Pasta","7.8%"
100601,"urbanrevivo.com","Urban Revivo","5.2%"
100602,"vantrue.com","Vantrue","3.9%"
100602,"vantrue.us","Vantrue","3.9%"
100609,"mechdiy.com","Mechdiy","3.9%"
100617,"dragonhawkofficial.com","Dragonhawk Tattoo Supply","7.8%"
100617,"dragonhawktattoos.com","Dragonhawk Tattoo Supply","6.5%"
100637,"rocskincare.com","Roc Skincare","3.3%"
100639,"pistoladenim.com","Pistola Denim","2%"
100641,"bespokepost.com","Bespoke Post","3.9%"
100642,"oroa.com","OROA","5.2%"
100673,"rugsource.com","Rug Source","6.5%"
100675,"sallybeauty.com","Sally Beauty","6.5%"
100677,"crealitystore.myshoplaza.com","Creality 3D Printers","0.7%"
100677,"store.creality.com","Creality 3D Printers","0.7%"
100685,"ezyshoppee.com","EveryMarket","1.3%"
100685,"everymarket.com","EveryMarket","1.3%"
100690,"mikesbikes.com","Mike's Bikes","3.3%"
100691,"publicbikes.com","Public Bikes","5.2%"
100699,"cafepod.com","CAFEPOD Coffee Co.","2.6%"
100702,"kickscrew.com","KicksCrew","2.6%"
100713,"inchbug.com","InchBug","6.5%"
100717,"symptommedia.com","Symptom Media, LLC","7.8%"
100740,"braceability.com","BraceAbility","5.2%"
100747,"wevideo.com","WeVideo","19.5%"
100749,"alexanderjames.shop","Alexander James Tile Studio","5.2%"
100752,"vivint.com","Vivint","19.5%"
100752,"shop.vivint.com","Vivint","19.5%"
100762,"billiondollarbeauty.com","Billion Dollar Beauty","6.5%"
100769,"videoproc.com","VideoProc","19.5%"
100781,"solebicycles.com","Solé Bicycles","3.9%"
100782,"drinkrenude.com","Renude","8.1%"
100783,"ahs.com","American Home Shield","$19.50"
100784,"whistle.com","Whistle","3.9%"
100787,"penhaligons.com","Penhaligon's","3.3%"
100830,"ewinracing.com","E-WIN","3.3%"
100831,"nugnes1920.com","Nugnes 1920","3.9%"
100837,"soltech.com","Soltech","6.5%"
100838,"luckydogdirect.com","Lucky Dog","2%"
100840,"yogawakeup.com","Yoga Wake Up","$3.25"
100842,"olly.com","Olly","10.4%"
100845,"irishsetterboots.com","Irish Setter","5.2%"
100909,"dateboxclub.com","DateBox Club","3.3%"
100911,"cocolab.com","Cocofloss","7.8%"
100911,"cocofloss.com","Cocofloss","7.8%"
100923,"pura.com","Pura","2.6%"
100923,"trypura.com","Pura","2.6%"
100929,"pirani.life","Pirani Life","6.5%"
100932,"monocarbontech.com","MONOCARBON","9.8%"
100936,"airdogusa.com","Airdog","5.2%"
101069,"us.roborock.com","Roborock","5.2%"
101071,"skylum.com","Skylum","13%"
101083,"sugar.it","Sugar","6.5%"
101084,"ardentoutdoors.com","Ardent Tackle","3.9%"
101088,"bluecorncandles.com","Bluecorn Beeswax","6.5%"
101088,"beeswaxcandles.com","Bluecorn Beeswax","6.5%"
101115,"merlenorman.com","Merle Norman","2%"
101117,"bikeflights.com","BikeFlights","3.3%"
101118,"belibaby.com","Beli","16.3%"
101161,"nojeans.co","No! Jeans","6.5%"
101164,"fsastore.com","FSA Store","16.3%"
101165,"salty-home.com","Salty Home","4.6%"
101165,"salty-furniture.com","Salty Home","4.6%"
101169,"myclixo.com","Clixo","5.2%"
101169,"clixo.com","Clixo","5.2%"
101170,"shoott.com","Shoott","$13.00"
101174,"cairebeauty.com","Caire Beauty","13%"
101175,"owletcare.com","Owlet","3.9%"
101187,"mindhub.com","mindhub™ by Pearson VUE","9.8%"
101229,"sayweee.com","Weee!","$6.50"
101230,"empiretoday.com","Empire Today","$9.75"
101234,"aromaretail.com","Aroma Retail","4.6%"
101663,"ulanzi.com","Ulanzi","6.5%"
101668,"artofliving.org","Art Of Living Foundation","9.8%"
101679,"stoneside.com","Stoneside Blinds & Shades","2.6%"
101686,"findparking.com","Find Parking","6.5%"
101692,"debutify.com","Debutify","16.3%"
101693,"lopesan.com","Lopesan","2%"
101709,"dungarees.com","Dungarees","2.6%"
101712,"pcaskin.com","PCA Skin","2%"
101713,"nemoequipment.com","NEMO Equipment","4.6%"
101714,"viakix.com","Viakix","5.2%"
101715,"rticoutdoors.com","RTIC Outdoors","3.3%"
101750,"hooyman.com","Hooyman","4.6%"
101754,"chelseamegastore.com","Chelsea Megastore","2.6%"
101756,"ourkindra.com","Kindra","6.5%"
101774,"resortpass.com","ResortPass","2.6%"
101777,"floralstreet.com","Floral Street","3.9%"
101780,"heidimerrick.com","Heidi Merrick","3.3%"
101786,"huepar.com","Huepar","3.9%"
101795,"ecosusi.com","ECOSUSI","6.5%"
101801,"hobibear.com","Hobibear","7.8%"
101812,"ninjaplayfitness.com","Ninja Play Fitness","2.6%"
101813,"store.xtool.com","xTool","2%"
101818,"planigent.com","Planigent Business Plans","26%"
101822,"kayodepet.com","Kayode","16.3%"
101867,"elementstruffles.com","Elements truffles","9.8%"
101913,"motorola.com","Motorola","2%"
101961,"trxtraining.com","TRX Training","16.3%"
101962,"saintsomebody.com","Saint Somebody","5.2%"
101962,"saint-somebody.com","Saint Somebody","5.2%"
101962,"saintsomebody.com.au","Saint Somebody","5.2%"
101963,"babydeedee.com","baby deedee","5.2%"
101972,"popopieshop.com","popopieshop","11.7%"
101973,"givethembeer.com","GTB LLC","6.5%"
101980,"creoate.com","Creoate","$81.25"
102014,"hippie-farms.com","Hippie Farms","5.2%"
102024,"imalentstore.com","IMALENT","6.5%"
102033,"lesdiy.com","LesDiy","5.2%"
102035,"zamathome.com","Zamat","6.5%"
102038,"aivituvin.com","Aivituvin","6.5%"
102042,"jibbycoffee.com","Jibby Coffee","9.8%"
102079,"brushonblock.com","Brush On Block","9.8%"
102094,"hobbii.com","Hobbii","1.3%"
102096,"goldenerre.com","Goldenerre","3.3%"
102099,"bonheurjewelry.com","BONHEUR JEWELRY","16.3%"
102103,"damila.com","Damila","13%"
102111,"rachaelray.com","Rachael Ray","2.6%"
102114,"lovebonito.com","Love, Bonito","6.5%"
102123,"amazfit.com","Amazfit","6.5%"
102123,"us.amazfit.com","Amazfit","6.5%"
102144,"umusicstore.com","Universal Music","3.6%"
102147,"flexfits.com","The Flex Company","0.7%"
102148,"honeydewsleep.com","Honeydew Sleep","16.3%"
102158,"sesamecare.com","Sesame Care","$65.00"
102162,"scholarshipowl.com","ScholarshipOwl","$0.65"
102168,"bobore.com","Bob Ore Blue Collection","6.5%"
102168,"bob-ore.com","Bob Ore Blue Collection","6.5%"
102182,"transpa.rent","TRANSPARENT","3.3%"
102222,"myeq.com","Equilibria Inc.","5.2%"
102227,"hernest.com","Hernest","5.2%"
102237,"barberitems.com","Barber Items","2.6%"
102273,"frankandeileen.com","Frank and Eileen","2%"
102284,"hatch.co","Hatch","3.9%"
102320,"gladskin.com","Gladskin","7.8%"
102322,"discommon.com","DISCOMMON","6.5%"
102322,"discommongoods.com","DISCOMMON","6.5%"
102323,"babylist.com","Babylist","13%"
102368,"topstackresume.com","TopStack Resume","9.8%"
102369,"dvf.com","Diane von Furstenberg","3.9%"
102370,"addjoi.com","JOI","3.3%"
102371,"ahimsahome.com","Ahimsa®","5.2%"
102373,"orcecosmetics.com","Orce Cosmetics","3.3%"
102386,"defenage.com","DefenAge Skincare","0.7%"
102406,"yosudabikes.com","Yosuda Bikes","3.3%"
102408,"maxaroma.com","MaxAroma","2%"
102469,"bluekazoo.games","Blue Kazoo","2.6%"
102488,"name.com","Name.com","32.5%"
102489,"datacamp.com","DataCamp","3.3%"
102492,"phonicsinmotion.com","Phonics in Motion","5.2%"
102502,"particula-tech.com","Particula","9.8%"
102505,"pasturebird.com","Pasturebird","6.5%"
102509,"brunomarc.com","Bruno Marc","9.8%"
102509,"brunomarcshoes.com","Bruno Marc","9.8%"
102537,"freshroastedcoffee.com","Fresh Roasted Coffee","6.5%"
102542,"flexibits.com","Flexibits","16.3%"
102827,"attractiontickets.com","AttractionTickets.com","1%"
102837,"rebag.com","Rebag","4.6%"
102857,"beautyologie.com","Beautyologie Inc.","13%"
102869,"lutec-lighting.com","Lutec","9.8%"
102876,"omegaalphastore.com","Omega Alpha","7.2%"
102880,"dermalogica.com","Dermalogica","3.3%"
102896,"us.boohoo.com","Boohoo","3.9%"
103065,"atlasti.cleverbridge.com","Atlas.ti","13%"
103065,"atlasti.com","Atlas.ti","13%"
103067,"truefire.com","TrueFire","5.2%"
103069,"tireagent.com","Tire Agent","2.6%"
103071,"gocity.com","Go City","3.9%"
103071,"smartdestinations.com","Go City","0.5%"
103083,"fancii.com","Fancii","5.2%"
103098,"spacial.com","Spacial Audio","13%"
103099,"carewell.com","Carewell","2.6%"
103102,"fairwayandgreene.com","Fairway and Greene","2%"
103103,"assetstore.unity.com","Unity","4.6%"
103153,"sunberhair.com","Sunber Hair","4.6%"
103156,"agmmobile.com","AGM MOBILE LIMITED","7.8%"
103159,"myhaloring.com","My Halo Ring Limited","6.5%"
103160,"klaiyihair.com","klaiyi hair","4.6%"
103161,"bumpinblends.com","Bumpin Blends","8.5%"
103167,"yuppup.shop","YUP PUP,  INC","9.8%"
103179,"awbridal.com","AW Bridal","5.2%"
103195,"donegood.co","DoneGood","5.2%"
103198,"basksuncare.com","Bask Suncare","2%"
103204,"hcgrx.com","HCGRX","9.8%"
103209,"vitamedica.com","VitaMedica","5.2%"
103216,"lovenood.com","Nood","1.3%"
103228,"thxsilk.com","THXSILK","7.8%"
103241,"hawalili.com","Hawalili","7.8%"
103249,"zerorestriction.com","Zero Restriction","2%"
103259,"rever.co","REVER","$3.25"
103260,"bdraddy.com","BDraddy","9.8%"
103273,"epnygolf.com","EPNYgolf.com","9.8%"
103285,"passware.com","Passware","26%"
103296,"veeam.com","Veeam","5.2%"
103302,"f-secure.com","F-Secure | Internet Security & VPN","19.5%"
103309,"home.sophos.com","Sophos Home","19.5%"
103799,"netgear.com","NETGEAR","2.6%"
103803,"mauiandsons.com","Maui and Sons","6.5%"
103807,"drinkolipop.com","Olipop","6.5%"
103809,"us.mbt.com","MBT","3.9%"
103810,"us.nuby.com","nuby","3.3%"
103810,"nuby.com","nuby","3.3%"
103884,"lifeboostcoffee.com","Lifeboost Coffee","3.3%"
103889,"myserenitykids.com","Serenity Kids Baby Food","6.5%"
103896,"northone.com","NorthOne Business Banking","$65.00"
103907,"costadelmar.com","Costa Del Mar","3.9%"
103909,"naio-nails.com","Naio Nails","3.3%"
103911,"luminessbeauty.com","LUMINESS","5.2%"
103911,"luminesscosmetics.com","LUMINESS","5.2%"
103919,"anishakarkhanis.com","Anisha Karkhanis Boutique","6.5%"
103948,"earthyskin.com","rthvi","9.8%"
103949,"whitemountainpuzzles.com","White Mountain Puzzles","5.2%"
103951,"dropevent.com","DropEvent","$6.50"
103964,"decobate.com","Decobate","6.5%"
103979,"kokorosastudio.com","Kokorosa Studio","11.7%"
103980,"ifrodoll.com","iFrodoll","13%"
104047,"keysoff.com","Keysoff","5.2%"
104049,"carlinkitcarplay.com","Carlinkit","5.2%"
104063,"fosmon.com","Fosmon Inc","3.3%"
104069,"doughp.com","Doughp","3.3%"
104073,"mosnovo.com","Mosnovo","13%"
104105,"broadout.com","BRoadout","9.8%"
104119,"lycamobile.us","Lycamobile","$19.50"
104122,"sinusonic.com","SinuSonic","4.6%"
104126,"pdffiller.com","pdfFiller","$45.50"
104129,"beetlesgel.com","beetlesgelpolish","5.2%"
104135,"coleyes.com","Coleyes","13%"
104143,"klook.com","Klook","4.6%"
104146,"prosoria.com","Prosoria","2%"
104148,"mydash.ai","MyDash","32.5%"
104153,"langly.co","Langly Co","2%"
104155,"musicgurus.com","MusicGurus","6.5%"
104162,"entergallery.com","Enter Gallery","6.5%"
104184,"desire-experience.com","Desire Experience","6.5%"
104185,"temptation-experience.com","Temptation Experience","1.6%"
104186,"swipi.es","Swipies","2.6%"
104193,"dsanddurga.com","D.S. & DURGA","9.8%"
104316,"goalzero.com","Goal Zero","3.3%"
104333,"corel.com","Corel","6.5%"
104336,"shoplc.com","Shop LC","3.9%"
104337,"mpix.com","mpix","3.3%"
104338,"marantz.com","Marantz","3.3%"
104339,"naturecity.com","NatureCity","0.7%"
104344,"newmindsetwhodis.com","New Mindset Who Dis","6.5%"
104346,"smallrig.com","SmallRig Technology","4.6%"
104349,"trayvax.com","Trayvax","3.3%"
104352,"jeromealexander.com","Jerome Alexander","6.5%"
104359,"addiesdivewatches.com","Addiesdive Watches","3.3%"
104370,"bodegacooler.com","Bodega Cooler","7.2%"
104374,"mylittlenecklace.com","My Little Necklace","6.5%"
104378,"voogmechic.com","Voogmechic","6.5%"
104382,"engwe-bikes.com","Engwe","2%"
104389,"shopremi.com","Remi","3.9%"
104399,"auxchange.com","Au Xchange Fine Gold Jewelry","6.5%"
104399,"azramehdijewelry.com","Au Xchange Fine Gold Jewelry","6.5%"
104409,"jessupbeauty.com","Jessup Beauty","13%"
104417,"tenable.com","Tenable | Vulnerability Management","3.3%"
104448,"hereafter.co","Hereafter","6.5%"
104472,"humblebrands.com","Humble Brands","6.5%"
104484,"cowinaudio.com","Cowin audio","7.8%"
104489,"frasiersterling.com","Frasier Sterling","2.6%"
104490,"molekule.com","Molekule","3.9%"
104567,"thehonestkitchen.com","The Honest Kitchen","3.3%"
104567,"savingstar.com","The Honest Kitchen","3.3%"
104572,"hostelworld.com","Hostelworld","16.3%"
104649,"miss-spa.com","Miss Spa","6.5%"
104653,"thegivingkeys.com","The Giving keys","5.2%"
104772,"biotherm.com","Biotherm","3.9%"
104779,"advancedsystemrepair.com","Advanced System Repair with AdvancedVPN","58.5%"
105095,"gardengoodsdirect.com","Garden Goods Direct","6.5%"
105109,"boody.com","Boody","6.5%"
105152,"mytherabox.com","TheraBox","6.5%"
105165,"kgorge.com","KGORGE","6.5%"
105166,"lofarisbackdrop.com","Lofarisbackdrop","3.3%"
105184,"supersparrow.com","Super Sparrow","6.5%"
105185,"atomstack.net","Atomstack","1.3%"
105187,"the-sleeper.com","The Sleeper","8.5%"
105196,"keephifi.com","Keephifi","5.2%"
105205,"devicetrackerplus.com","Device Tracker Plus","$6.50"
105219,"optimumnutrition.com","Optimum Nutrition","5.2%"
105234,"otter.ai","Otter.ai","16.3%"
105243,"theaquavault.com","AquaVault","4.6%"
105284,"itead.cc","Itead","7.8%"
105292,"lookfantastic.com","Lookfantastic","6.5%"
105292,"us.lookfantastic.com","Lookfantastic","6.5%"
105339,"risebrewingco.com","Rise Brewing","3.9%"
105340,"targus.com","Targus","0.7%"
105348,"lexiehearing.com","Lexie Hearing","4.6%"
106158,"allinonepaint.com","Heirloom Traditions Paint","5.2%"
106159,"steelcase.com","Steelcase","2%"
106164,"embellishbeauty.com","Embellish Beauty","9.8%"
106164,"embellish-beauty.myshopify.com","Embellish Beauty","9.8%"
106165,"archiproducts.com","Archiproducts","2.6%"
106228,"nixon.com","Nixon","3.3%"
106242,"lovedbaby.com","L'ovedbaby","6.5%"
106275,"bergdorfgoodman.com","Bergdorf Goodman","3.3%"
106303,"malwarebytes.com","Malwarebytes","29.3%"
106304,"bershka.com","Bershka","4.2%"
106340,"arlo.com","Arlo","5.2%"
106353,"verlas.com","Verlas","3.3%"
106357,"celtic-knot.com","The Celtic Knot","19.5%"
106369,"lajoliemuse.com","La Jolie Muse","9.8%"
106371,"bidetmate.com","BidetMate","7.8%"
106372,"kiddietotes.com","KiddieTotes","7.8%"
106375,"securitiesce.com","The Securities Institute","16.3%"
106378,"bywinona.com","Winona HRT","$9.75"
106383,"lofree.co","Lofree","3.3%"
106390,"topoftheresults.com","Top of the Results Ltd","19.5%"
106399,"wiskiiactive.com","WISKII Active","9.8%"
106401,"imarku.net","Imarku","9.8%"
106402,"nortiv8shoes.com","Nortiv8","9.8%"
106402,"nortiv8.com","Nortiv8","9.8%"
106434,"tazachocolate.com","Taza Chocolate","6.5%"
106440,"boujeehippie.co","Boujee Hippie","6.5%"
106447,"minooy.com","minooy","3.3%"
106449,"sleepycotton.com","Sleepy Cotton","3.3%"
106450,"mychway.com","MYCHWAY","7.8%"
106450,"mychway.shop","MYCHWAY","5.2%"
106451,"poweruptoys.com","POWERUP Toys","6.5%"
106459,"psychedelicwater.com","Psychedelic Water","9.8%"
106471,"aeroflowdynamics.com","AeroflowDynamics Performance Corp","1.3%"
106482,"lensmartonline.com","Lensmart","3.9%"
106490,"jamieyoung.com","Jamie Young Co","2.6%"
106494,"icebreaker.com","icebreaker","1.3%"
106501,"zositech.com","Zosi","3.9%"
106503,"fantasyguru.com","Fantasy Guru","6.5%"
106510,"swankybadger.com","Swanky Badger","3.3%"
106519,"sendheirloom.com","Heirloom","6.5%"
106523,"us.vesync.com","Vesync","6.5%"
106525,"atlantapostcaps.com","ATLANTA POST CAPS","3.3%"
106534,"poolsplash.com","Pool Splash, LLC","5%"
106557,"welock.com","WELOCK","6.5%"
106557,"en.welock.com","WELOCK","6.5%"
106561,"sirdar.com","Sirdar Holdings Ltd","6.5%"
106579,"wearwiz.com","YAN HE INTELLIGENT TECHNOLOGY","9.8%"
106579,"yhetechs.com","YAN HE INTELLIGENT TECHNOLOGY","9.8%"
106647,"ariannabelle.com","Arianna Belle","6.5%"
106649,"mazecollections.com","Maze Collection Inc","3.3%"
106654,"zerowasteoutlet.com","Zero Waste Outlet","8.5%"
106655,"lifesfirstnaturals.com","Life's First Naturals","6.5%"
106656,"meritbeauty.com","MERIT","9.8%"
106661,"smartd2playrooms.com","Smart D2 Playrooms","3.3%"
106661,"smartplayrooms.com","Smart D2 Playrooms","3.3%"
106661,"projectplayroom.com","Smart D2 Playrooms","3.3%"
106671,"activatedyou.com","Activated You","7.8%"
106676,"tumi.com","Tumi","2%"
106679,"forhers.com","Hers","$9.75"
106849,"gexaenergy.com","Gexa Electricity & Energy","$8.45"
106851,"goldmoral.com","GOLDMoral","6.5%"
106856,"cravingsbychrissyteigen.com","Cravings by Chrissy Teigen","4.6%"
106860,"thehermoza.com","Hermoza","5.2%"
106869,"mikadodiamonds.com","Mikado Diamonds","3.3%"
106872,"denon.com","Denon","3.3%"
106883,"gundrymd.com","Gundry MD","7.8%"
106895,"gaiaherbs.com","Gaia Herbs","3.9%"
106897,"keyssoulcare.com","Keys Soulcare","3.3%"
106904,"singlecare.com","SingleCare","$1.63"
106905,"wallpaperdirect.com","Wallpaperdirect","2%"
106906,"w3llpeople.com","Well People","3.3%"
106906,"wellpeople.com","Well People","3.3%"
107323,"cotosen.com","Cotosen","9.8%"
107330,"prose.com","Prose","2.6%"
107333,"songmics.com","SONGMICS","3.3%"
107335,"checkmybodyhealth.com","Check My Body Health","9.8%"
107336,"tippsysake.com","Tippsy","6.5%"
107354,"eu.wonderskin.com","Wonderskin","2%"
107355,"baxterboo.com","BaxterBoo","3.3%"
107368,"twentythirdbydeanne.com","Twenty Third by Deanne","6.5%"
107372,"earthhero.com","EarthHero","4.6%"
107395,"hobobags.com","HOBO Bags","3.9%"
107400,"sacheu.com","SACHEU Beauty","6.5%"
107409,"quictents.com","Quictent","5.2%"
107412,"sweatandmilk.com","Sweat and Milk","5.2%"
107431,"snapsupplements.com","Snap Supplements","3.3%"
107437,"havenwellwithin.com","Haven Well Within","3.3%"
107473,"italki.com","italki","$11.70"
107474,"endnote.com","EndNote | Reference Management Software","13%"
107480,"xsuit.com","xSuit","3.9%"
107925,"lazarusartisangoods.com","Lazarus Artisan Goods","6.5%"
107935,"arenti.com","Arenti","7.8%"
107937,"fahrenheitnewyork.com","Fahrenheit New York","7.8%"
107939,"fybjewelry.com","fyb Jewelry","9.8%"
107943,"pittsburghsprayequip.com","Pittsburgh Spray Equipment","3.3%"
107947,"wholesalecabinets.us","Wholesale Cabinets","1.3%"
107955,"rag-bone.com","rag & bone","2%"
107973,"whisperingwillowsoap.com","Whispering Willow","10.4%"
107973,"whisperingwillow.com","Whispering Willow","10.4%"
107981,"winnieandcrew.com","Winnie and Crew","6.5%"
107993,"breo.eu","SHENZHEN  BREO  TECHNOLOGY CO., LTD.","9.8%"
107993,"breoeu.com","SHENZHEN  BREO  TECHNOLOGY CO., LTD.","9.8%"
107993,"us.breo.com","SHENZHEN  BREO  TECHNOLOGY CO., LTD.","9.8%"
107998,"store.obsbot.com","OBSBOT","5.2%"
107998,"obsbot.com","OBSBOT","5.2%"
108000,"shoptaxidermy.com","Taxidermy","6.5%"
108006,"collectiblexchange.com","CollectibleXchange","6.5%"
108011,"shopdolan.com","DOLAN","9.8%"
108020,"paromi.com","Paromi Tea","5.2%"
108023,"vivanaturals.com","Viva Naturals","2%"
108038,"ezri.com","EZRI","3.3%"
108038,"ezriusa.com","EZRI","3.3%"
108041,"bamboolittle.com","Bamboo Little","3.3%"
108047,"briocoolers.com","Brio Water","3.3%"
108047,"briowater.com","Brio Water","3.3%"
108049,"sideshaper.com","Side Shaper","6.5%"
108050,"xgimi.com","XGIMI","3.3%"
108051,"steviejs.com","Stevie Js","6.5%"
108052,"naturessunshine.com","Nature's Sunshine","2%"
108055,"magicyclebike.com","Magicycle Business ltd","2%"
108057,"naturevibe.com","Naturevibe Botanicals","19.5%"
108059,"puzzlesprint.com","PuzzlesPrint","6.5%"
108064,"siennanaturals.com","Sienna Naturals","3.3%"
108068,"newscientist.com","New Scientist","$4.43"
108069,"graphicaudio.net","GraphicAudio","6.5%"
108084,"relifesports.com","Relife","6.5%"
108085,"bedsurehome.com","Bedsure","6.5%"
108085,"bedsuredesigns.com","Bedsure","6.5%"
108105,"resione.com","Resione","3.3%"
108109,"pureparima.com","Pure Parima","6.5%"
108140,"saltandstone.com","Salt & Stone","3.3%"
108145,"aricove.com","Aricove","6.5%"
108146,"joyamia.com","JOYA MIA","9.8%"
108148,"clearwithin.com","Clear Within","1.3%"
108150,"bludot.com","Blu Dot","0.7%"
108160,"panoramas.com","Blakeway Worldwide Panoramas, Inc.","6.5%"
108238,"pioneerminisplit.com","Pioneer Mini Split Systems","1.6%"
108251,"suchavoice.com","Such A Voice","$4.52"
108254,"wearkent.com","KENT","6.5%"
108261,"thelogox.com","LogOX","3.3%"
108262,"tempaper.com","Tempaper","5.2%"
108265,"iliferobot.store","iLife Robot","6.5%"
108268,"lilhelper.ca","Lil Helper","3.3%"
108275,"lairdsuperfood.com","Laird Superfood","6.5%"
108276,"mymonob.com","Mono B","6.5%"
108278,"goldbelly.com","Goldbelly","2.6%"
108281,"starz.com","Starz","$3.25"
108284,"us.jshealthvitamins.com","JSHealth Vitamins","7.8%"
108284,"eu.jshealthvitamins.com","JSHealth Vitamins","3.3%"
108487,"sugarlips.com","Sugarlips","6.5%"
108488,"us.filorga.com","Filorga","5.2%"
108497,"michaels.com","Michaels","0.7%"
108503,"pawrade.com","Pawrade","1.6%"
108839,"fax.plus","Alohi","19.5%"
108839,"alohi.com","Alohi","19.5%"
108843,"just-fred.com","JUST FRED","6.5%"
108847,"future.co","Future","$10.40"
108852,"lee.com","Lee Jeans","2.1%"
108856,"rosettastone.com","Rosetta Stone","4.6%"
108864,"macandmoon.com","Mac & Moon","3.3%"
108865,"mitchellandness.com","Mitchell & Ness","3.3%"
108876,"allergytest.co","Allergy Test","6.5%"
108896,"secretflightclub.com","Secret Flight Club","26%"
108899,"anneklein.com","Anne Klein","$0.01"
108904,"zupapa.us","Zupapa","2%"
108906,"brookeandlou.com","Brooke and Lou","6.5%"
108907,"thistle.co","Thistle","$13.00"
108910,"hisnackbreak.com","Snack Break Jewelry LLC","13%"
108912,"myeyebb.com","MYEYEBB","16.3%"
108915,"scoutandnimble.com","Scout & Nimble","5.2%"
108921,"gizmogo.com","Gizmogo","5.2%"
108935,"gooseberryintimates.com","Gooseberry Intimates Ltd","6.5%"
108938,"shop.diamondnuts.com","Harmony Snacks","6.5%"
109043,"jeans.com","Jeans.com","3.3%"
109054,"longer3d.com","LONGER TECHNOLOGY INC","3.3%"
109071,"sincerelysilver.co","Sincerely Silver","19.5%"
109074,"drhauschka.com","Dr. Hauschka","6.5%"
109077,"shopluxorworkspaces.com","SideTrak","2%"
109077,"sidetrak.com","SideTrak","2%"
109081,"lg.com","LG Electronics","7.2%"
109091,"hugoboss.com","HUGO BOSS","3.9%"
109091,"store-us.hugoboss.com","HUGO BOSS","3.9%"
109097,"goodchop.com","Good Chop","$13.00"
109170,"buckpalmer.com","Buck Palmer Jewelry","4.6%"
109175,"idrese.com","IDRESE FOOTWEAR","$9.75"
109183,"spigot.com","Spigot","29.3%"
109183,"vuzevpn.com","Spigot","29.3%"
109186,"cubetracker.com","Cube Tracker","16.3%"
109201,"silksilky.com","SILKSILKY","6.5%"
109205,"microperfumes.com","MicroPerfumes","0.7%"
109216,"villagroupresorts.com","Villa Group","3.9%"
109225,"springer.com","Springer Link","6.5%"
109225,"link.springer.com","Springer Link","6.5%"
109235,"duluthtrading.com","Duluth Trading Company","2.6%"
109243,"taferresorts.com","TAFER Hotels & Resorts","3.9%"
109247,"scholartrip.com","ScholarTrip","0.7%"
109251,"xp-pen.com","XP-PEN","4.6%"
109251,"storexppen.com","XP-PEN","3.3%"
109254,"frigidaire.com","Frigidaire","3.9%"
109260,"cheapcaribbean.com","Cheap Caribbean Vacations","2.6%"
109261,"dermstore.com","Dermstore","4.6%"
109266,"fabletics.com","Fabletics","$9.75"
109266,"fabletics.ca","Fabletics","$9.75"
109270,"vktry.com","VKTRY","9.8%"
109329,"ebay.com","Ebay","1%"
109342,"nutrishopusa.com","Nutrishop","2.6%"
109370,"nicksboots.com","Nick's Handmade Boots","0.7%"
109384,"muc-off.com","Muc-Off","6.5%"
109385,"houseofintuitionla.com","House of Intuition","2.6%"
109386,"shikobeauty.com","Shiko Beauty Collective","3.3%"
109388,"star-conflict.com","Star Conflict","$1.76"
109399,"colorescience.com","Colorescience","4.6%"
109405,"gameroyale.net","CRSED: F.O.A.D.","$1.76"
109405,"crsed.net","CRSED: F.O.A.D.","$1.76"
109409,"advancedclinicals.com","Advanced Clinicals","9.8%"
109417,"healthydoc.com","Dr. Nigma","6.5%"
109419,"displays2go.com","Displays2go","3.9%"
109425,"47brand.com","'47 Brand","3.3%"
109485,"avencohome.com","Avenco","6.5%"
109508,"shakerandspoon.com","Shaker & Spoon","3.3%"
109576,"simpleretro.com","Simple Retro","3.3%"
109578,"flybirdfitness.com","Flybird Fitness","5.2%"
109876,"store.yeelight.com","Yeelight","13%"
109876,"yeelight.com","Yeelight","13%"
109879,"eugeniakim.com","Eugenia Kim","7.8%"
109883,"urbanskinrx.com","Urban Skin Rx","3.9%"
109900,"dewbu.com","DEWBU","6.5%"
109910,"aylabag.com","Ayla & Co","6.5%"
109911,"2usmiles.com","2Usmiles","$130.00"
109921,"xtardirect.com","XTAR Technology Inc.","3.3%"
109925,"gratefulearthcoffee.com","Grateful Earth","26%"
109927,"internxt.com","Internxt","32.5%"
109928,"sezzle.com","Sezzle","$16.25"
109937,"cleeraudio.com","Cleer Audio","6.5%"
109977,"ideausa.com","iDea Electronics. inc","13%"
109994,"utahskigear.com","Utah Ski Gear","6.5%"
109995,"bleuetgirl.com","Bleuet","0.7%"
110007,"hairmayraki.com","Mayraki","13%"
110012,"peachskinsheets.com","PeachSkinSheets","6.5%"
110020,"propmoney.com","Prop Money Inc.","4.6%"
110023,"polkaudio.com","Polk Audio","3.3%"
110065,"celestyal.com","Celestyal Cruises","2.6%"
110065,"celestyalcruises.com","Celestyal Cruises","2.6%"
110081,"stance.com","Stance","3.9%"
110082,"vacaymyway.com","VacayMyWay","1.6%"
110083,"costumes.com","Costumes.com","5.2%"
110105,"jtv.com","JTV","2%"
110109,"nordlayer.com","NordLayer","19.5%"
110109,"nordvpnteams.com","NordLayer","19.5%"
110169,"shopgirlscrew.com","Girls Crew","6.5%"
110171,"expressvpn.com","Express VPN","65%"
110182,"knkg.com","King Kong Apparel","6.5%"
110182,"kingkongapparel.com","King Kong Apparel","6.5%"
110242,"vegogarden.com","Vego Garden","3.3%"
110248,"waproduction.com","WA Production","13%"
110265,"miracare.com","Mira Fertility","3.3%"
110344,"callasmilano.com","Callas Milano","6.5%"
110358,"calyxflowers.com","Calyx Flowers","3.9%"
110359,"zoeysleep.com","Zoey Sleep","5.2%"
110362,"bbqguys.com","BBQGuys","3.9%"
110369,"kaftko.com","KAFTKO","2%"
110386,"percivalclo.com","Percival Menswear","5.2%"
110432,"viome.com","Viome","6.5%"
110440,"expo.tuya.com","Tuya Expo Account","$0.65"
110440,"tuyaexpo.com","Tuya Expo Account","$0.65"
110443,"lepapierstudio.com","Vana Chupp Studio","5.2%"
110443,"vanachuppstudio.com","Vana Chupp Studio","5.2%"
110444,"verovino.com","VeroVino","3.9%"
110444,"verovinogusto.com","VeroVino","3.9%"
110511,"quicklly.com","Quicklly","9.8%"
110532,"colonialdames.com","Colonial Dames Co., Ltd.","3.3%"
110534,"sonreiskin.com","Sonrei","6.5%"
110535,"brewvana.com","City Brew Tours","5.2%"
110535,"citybrewtours.com","City Brew Tours","5.2%"
110536,"eucalypsohome.com","Eucalypso Home","5.2%"
110547,"greatcanvasprints.com","GreatCanvasPrints","2.6%"
110548,"justcanvasit.com","JustCanvasIt (US)","2.6%"
110551,"randco.com","R+Co","3.3%"
110554,"wellnessresources.com","Wellness Resources","6.5%"
110556,"wisdompanel.com","Wisdom Panel","3.9%"
110557,"clean.email","Clean Email","19.5%"
110563,"dietdirect.com","Diet Direct","1.3%"
110875,"inateck.com","Inateck Technology Inc.","3.9%"
110876,"potatovpn.io","PotatoVPN","19.5%"
110876,"potatovpn.com","PotatoVPN","19.5%"
110878,"corehomefitness.com","Core Home Fitness","3.3%"
110883,"cancunbayhotel.com","Cancun Bay","3.9%"
110883,"cancunbayresort.com","Cancun Bay","3.9%"
110884,"en.nyxhotels.com","Hotel NYX Cancun","3.9%"
110889,"surfsidesupply.com","Surfside Supply Co.","6.5%"
110892,"medicramp.com","MediCramp","16.3%"
110960,"rzmask.com","RZ Industries","9.8%"
110964,"dreametech.com","Dreame","5.2%"
110965,"aleck.io","Aleck","7.8%"
110969,"spoonflower.com","Spoonflower","2%"
110971,"oneodio.com","OneOdio","6.5%"
110977,"vanityfairlingerie.com","Vanity Fair Lingerie","2%"
110981,"apemans.com","Apeman","6.5%"
110990,"wonderfoldwagon.com","WonderFold Wagon","2%"
110990,"wonderfold.com","WonderFold Wagon","2%"
110992,"yeedi.com","Yeedi","2.6%"
110992,"us.yeedi.com","Yeedi","2.6%"
110993,"drinkhiyo.com","Hiyo","1.3%"
110997,"halosleep.com","Halo Sleep","1.3%"
111000,"audienhearing.com","Audien Hearing","1.3%"
111002,"citarella.com","Citarella","6.5%"
111007,"jerkydynasty.com","Jerky Dynasty","6.5%"
111008,"tifosioptics.com","Tifosi Optics","3.3%"
111010,"centurykickboxing.com","Century Kickboxing","3.3%"
111014,"cmycubes.com","CMY Cubes","9.8%"
111019,"kulikulifoods.com","Kuli Kuli Foods","9.8%"
111033,"kaiweets.com","Kaiweets","4.6%"
111035,"nexigo.com","NexiGo","9.8%"
111043,"myspotifyplaque.com","My Spotify Plaque","6.5%"
111044,"oupes.com","OUPES","3.3%"
111050,"petsupportsystems.com","Pet Support Systems","4.6%"
111051,"michelelopriore.com","Michele Lopriore","6.5%"
111082,"naipocare.com","NAIPO","9.8%"
111089,"web.z.com","GMO-Z.com","13%"
111090,"naot.com","Naot Footwear","6.5%"
111092,"findbuytool.com","Findbuytool Co., Limited","6.5%"
111093,"levainbakery.com","Levain Bakery","6.5%"
111095,"bastionboltactionpen.com","Bastion Bolt Action Pen","13%"
111099,"edsflyshop.com","Ed's Fly Shop","3.3%"
111102,"shop.x-raypad.com","X-raypad","3.9%"
111103,"dagsmejan.com","Dagsmejan","5.2%"
111123,"turbovpn.com","TurboVPN","29.9%"
111127,"dynojet.com","Dynojet","3.9%"
111131,"modernfuel.com","Modern Fuel","9.8%"
111137,"thefrozengarden.com","Frozen Garden","3.9%"
111138,"kagedmuscle.com","Kaged","2.6%"
111138,"kaged.com","Kaged","2.6%"
111147,"thmarinesupplies.com","T-H Marine Supplies","5.2%"
111148,"buzzbicycles.com","BUZZ Bikes","2.6%"
111157,"goriversidedesigns.com","Riverside Designs","6.5%"
112093,"mypaintbynumbers.com","My Paint by Numbers","9.8%"
112095,"blixbike.com","Blix Bike","2%"
112101,"vitalremedymd.com","Vital Remedy MD","13%"
112102,"mytouchskincare.com","Touch Skin Care","9.8%"
112103,"gibsonlook.com","Gibsonlook","3.3%"
112107,"buymymagiccarpet.com","My Magic Carpet","6.5%"
112108,"ferrymorse.com","Ferry-Morse Home Gardening","3.9%"
112113,"jessiejameshandbags.com","Jessie James Handbags","9.8%"
112129,"homeoanimal.com","HomeoAnimal","13%"
112129,"zumalka.com","HomeoAnimal","13%"
112134,"burningriverfoods.com","Burning River Foods","6.5%"
112136,"standardluggage.com","Standard Luggage Co.","6.5%"
112137,"buddhapants.com","Buddha Pants","6.5%"
112140,"oxo.com","OXO","3.3%"
112144,"chillboys.com","Chill Boys","6.5%"
112147,"renoo.life","Renoo","6.5%"
112148,"diesel.com","Diesel","3.3%"
112149,"durasagehealth.com","Durasage Health","3.3%"
112157,"technisportusa.com","Techni Sport","3.3%"
112164,"verbproducts.com","Verb Products","6.5%"
112166,"pachasoap.com","Pacha Soap","6.5%"
112174,"truwild.com","TRUWILD","9.8%"
112181,"loveandchew.com","Love + Chew","6.5%"
112208,"patriotcrew.co","Patriot Crew","6.5%"
112209,"barniescoffee.com","Barnies Coffee Tea Co.","6.5%"
112211,"readandspell.com","Touch-type Read and Spell","6.5%"
112212,"inquestyle.com","inQue.Style","9.8%"
112216,"trusy.co","Trusy Social","19.5%"
112221,"contemporaryartbychristine.com","Contemporary Art by Christine","6.5%"
112225,"sweethomecollection.com","Sweet Home Collection","6.5%"
112232,"cocoreefswim.com","Swimwear Anywhere","6.5%"
112235,"recesspickleball.com","Recess Pickleball","6.5%"
112242,"indiestitch.com","IndieStitch","$13.00"
112247,"oillife.com","Oil Life","0.7%"
112248,"giftcrates.com","Gift Crates","9.8%"
112253,"realcozy.co","RealCozy","3.3%"
112253,"waycozy.com","RealCozy","3.3%"
112260,"mevei.com","MEVEI","6.5%"
112263,"powbab.com","powbab","9.8%"
112286,"naturalcycles.com","Natural Cycles","$3.25"
112301,"leather-moccasins.com","The Brown Bear - Leather-Moccasins","7.8%"
112302,"jatai.net","JATAI","6.5%"
112306,"maxtrixkids.com","Maxtrix Kids","0.7%"
112309,"esportcertified.com","eSport Certified","6.5%"
112316,"amandahairs.com","Amanda Hair","6.5%"
112317,"hairclub.com","HairClub","6.5%"
112320,"goldenroot.co","Plift","6.5%"
112323,"koova.com","Koova","7.8%"
112324,"cleanmachineonline.com","Clean Machine","5.2%"
112327,"farandwild.com","Far & Wild","6.5%"
112331,"tepeusa.com","TePe","6.5%"
112344,"bambooisbetter.com","Bamboo is Better","6.5%"
112345,"gruv.com","Gruv","4.6%"
112347,"kodiak-wholesale.com","Kodiak Wholesale","$19.50"
112350,"bokksumarket.com","Bokksu Grocery","3.3%"
112350,"bokksugrocery.com","Bokksu Grocery","3.3%"
112351,"upperplayground.com","Upper Playground","6.5%"
112352,"tiffen.com","The Tiffen Company","6.5%"
112356,"monsterbass.com","MONSTERBASS","5.2%"
112364,"cosabella.com","Cosabella","3.9%"
112370,"ipeccoaching.com","iPEC Coaching","$65.00"
112371,"vitapodworld.com","Vitapod","2%"
112372,"swanwicksleep.com","Swanwick Sleep","5.2%"
112378,"chillbo.com","Chillbo","9.8%"
112381,"blastradiuscoffee.com","Blast Radius Coffee","6.5%"
112390,"lampsusa.com","LampsUSA","4.6%"
112394,"rareplayingcards.com","RarePlayingCards.com","3.3%"
112396,"joie.com","Joie","5.2%"
112404,"huffybikes.com","Huffy Bikes","2.6%"
112404,"huffy.com","Huffy Bikes","2.6%"
112409,"miaou.com","Miaou","0.7%"
112410,"hylunia.com","HYLUNIA SKINCARE","6.5%"
112419,"skullsplitterdice.com","SkullSplitter","9.8%"
112423,"alliedschools.com","Allied Real Estate Schools","3.9%"
112425,"macorner.co","Macorner","6.5%"
112434,"dogisgood.com","Dog is Good","6.5%"
112436,"bocajava.com","Boca Java","5.2%"
112438,"aspinaloflondon.com","Aspinal of London","3.3%"
112447,"vioc.com","Valvoline Instant Oil Change","5.2%"
112449,"petlibro.com","PetLibro","5.2%"
112452,"aveneusa.com","Avene","0.7%"
112458,"osmotics.com","Osmotics Cosmeceuticals","11.7%"
112459,"traciemartyn.com","Tracie Martyn","2%"
112461,"nuiorganics.com","Nui Organics","6.5%"
112464,"decoratd.com","decoratd","9.8%"
112486,"petespaleo.com","Pete's Real Food","4.6%"
112486,"petesrealfood.com","Pete's Real Food","4.6%"
112498,"jazame.com","Jazame","6.5%"
112501,"seatylock.com","SEATYLOCK","9.8%"
112513,"holistichairtribe.com","Holistic Hair Tribe","19.5%"
112514,"iderma.com","iderma skincare","6.5%"
112524,"assistdiabetics.com","Assist Diabetics","$6.50"
112531,"tyrolpickleball.com","Tyrol Pickleball","5.2%"
112532,"52hikechallenge.com","52 Hike Challenge","6.5%"
112535,"americanprovenance.com","American Provenance","19.5%"
112539,"myfahlo.com","Fahlo","1.3%"
112549,"xyzreptiles.com","XYZReptiles","5.2%"
112554,"getkeysmart.com","KeySmart","9.8%"
112555,"delfinaskin.com","Delfina Skin","6.5%"
112575,"envision-dream.com","Envision Dream","6.5%"
112582,"newageperformance.com","New Age Performance","6.5%"
112588,"diymoldtest.com","DIY Mold Test","7.8%"
112595,"tropicalfruitbox.com","Tropical Fruit Box","3.3%"
112601,"distritomax.com","Distrito Max","5.2%"
112601,"distritogod.com","Distrito Max","5.2%"
112608,"coreelle.com","Coréelle","6.5%"
112630,"infiniwell.com","InfiniWell","19.5%"
112631,"dashingdiva.com","Dashing Diva","5.2%"
112632,"boardroomsocks.com","Boardroom Socks","9.8%"
112632,"the-inspired-stories.com","Boardroom Socks","9.8%"
112635,"airalo.com","Airalo","6.5%"
112637,"shop.warriorstrongwellness.com","Warrior Strong Wellness","9.8%"
112642,"souler.com","SOULER","9.8%"
112651,"homeoanimo.com","Homeoanimo","13%"
112654,"venusmatters.com","Venus Matters","6.5%"
112656,"ctl.net","CTL","2%"
112657,"growace.com","Grow Ace","6.5%"
112662,"froghollow.com","Frog Hollow Farm","3.3%"
112664,"bassfishinghub.com","Bass Fishing Hub","3.3%"
112667,"theelderberryco.com","The Elderberry Co.","6.5%"
112670,"nerdkungfu.com","NerdKungFu","6.5%"
112676,"quickfixsynthetic.com","Quick Fix Synthetic Urine","16.3%"
112677,"leetielovendale.com","Leetie Lovendale","6.5%"
112685,"tomtoc.com","tomtoc","6.5%"
112686,"axiologybeauty.com","Axiology","3.9%"
112689,"mightywallet.shop","Mighty Wallet","3.3%"
112694,"sonicelectronix.com","Sonic Electronix","1.3%"
112695,"goodstate.com","Good State Health Solutions","6.5%"
112698,"solostrength.com","SoloStrength","3.3%"
112699,"crownbrush.com","Crown Brush","6.5%"
112707,"justpaintbynumber.com","Just Paint by Number","9.8%"
112710,"star-registration.com","Star Registration","9.8%"
112711,"mambinoorganics.com","Mambino Organics","16.3%"
112712,"garysvitamincloset.com","Gary's Vitamin Closet","9.8%"
112728,"kono.store","Kono","3.3%"
112729,"3rdrockessentials.com","3rd Rock Essentials","13%"
112730,"youngnutra.com","Young Nutraceuticals","4.6%"
112731,"bohobeachhut.com","Boho Beach Hut","6.5%"
112733,"basso.co","BASSO","6.5%"
112734,"toybox.com","Toybox","1.6%"
112734,"shop.make.toys","Toybox","1.6%"
112737,"simplycarbonfiber.com","Simply Carbon Fiber","7.8%"
112739,"drinkhoneybadger.com","Honey Badger","9.8%"
112740,"tachehf.com","Tache Home Fashion","9.8%"
112742,"dadabc.com","DaDalogy","9.8%"
112743,"free-spirit-shop.com","Free Spirit Shop","6.5%"
112745,"svala.co","Svala","9.8%"
112746,"amoffroad.com","AM Off-Road","3.3%"
112750,"feedmemore.com","Feed Me More","6.5%"
112754,"freshragsfl.com","Fresh Rags","3.3%"
112756,"detoxificationworks.com","Detoxification Works","19.5%"
112757,"bricksmasons.com","Bricks Masons","9.8%"
112759,"getbeamer.com","Beamer","19.5%"
112765,"myonlinefashionstore.com","MyOnlineFashionStore.com","16.3%"
112768,"caribbeanapparel.net","Caribbean Apparel","6.5%"
112776,"greekhouse.org","Greek House","6.5%"
112776,"store.greekhouse.org","Greek House","6.5%"
112779,"sharetribe.com","Sharetribe","6.5%"
112780,"crosskix.com","CROSSKIX","9.8%"
112782,"lazenne.com","Lazenne","6.5%"
112794,"eyelinegolf.com","EyeLine Golf","13%"
112795,"keekooralcare.com","Keeko","9.8%"
112796,"shop.weckmethod.com","WeckMethod","9.8%"
112797,"primateco.com","Primate","13%"
112799,"refersion.com","Refersion","9.8%"
112801,"dressamed.com","Dress A Med","3.3%"
112802,"shop.urbanwormcompany.com","Urban Worm Company","6.5%"
112804,"athlonrub.com","Athlon Rub","16.3%"
112808,"haloboard.com","Halo Board","5.2%"
112809,"keywaydesigns.com","Keyway","9.8%"
112810,"destinationgolddetectors.com","Destination Gold Detectors","3.3%"
112827,"momentum98naturalhealthstore.com","Momentum98","7.8%"
112829,"libertariancountry.com","Libertarian Country","9.8%"
112830,"leafandclay.co","Leaf & Clay","6.5%"
112835,"opengamingstore.com","The Open Gaming Store","3.3%"
112839,"int.sentimentsexpress.com","Sentiments Express","3.9%"
112840,"spa-noir.myshopify.com","Spa Noir Beauty Cocktails","13%"
112840,"spanoirbeauty.com","Spa Noir Beauty Cocktails","13%"
112853,"earthelementsorganics.net","Earth Elements Organics","16.3%"
112853,"nz.earthelementsorganics.net","Earth Elements Organics","16.3%"
112860,"live-live.com","live live & organic","6.5%"
112875,"arcticlynxmaternity.com","Arctic Lynx Maternity","5.2%"
112993,"handmadepiece.com","HandmadePiece","6.5%"
113001,"tablotv.com","Tablo","3.3%"
113007,"unicoeye.com","Unicoeye","19.5%"
113018,"deuxpardeux.com","Deux par Deux","2.6%"
113035,"badassextensioncords.com","Bad Ass Extension Cords","3.3%"
113093,"scribblesthatmatter.com","STM","6.5%"
113094,"sharegracefarms.com","Grace Farms Foods","6.5%"
113100,"helloeverist.com","Everist Inc.","3.9%"
113105,"peanut-app.io","Peanut App","$3.25"
113109,"getsunday.com","Sunday","1.3%"
113125,"metalshop.cz","Metalshop Europe","5.2%"
113127,"carvedesigns.com","Carve Designs","2.6%"
113128,"neoballs.com","Neoballs.com","8.1%"
113563,"maikagoods.com","MAIKA","6.5%"
113564,"deuxmains.com","Deux Mains","3.3%"
113573,"theapartmentcosenza.com","The Apartment","4.6%"
113575,"go2africa.com","Go2Africa","1.3%"
113577,"cuzenmatcha.com","Cuzen Matcha","6.5%"
113578,"goodlifeclothing.com","Goodlife Clothing","5.2%"
113581,"annasheffield.com","Anna Sheffield","6.5%"
113583,"comfier.com","Comfier","6.5%"
113585,"montemlife.com","Montem Outdoor Gear","9.8%"
113599,"littlesleepies.com","Little Sleepies","3.3%"
113605,"lionenergy.com","Lion Energy","4.6%"
113612,"hulkman.com","HULKMAN","2%"
113616,"curtarra.com","Curtarra","5.2%"
113626,"eighthdayskin.com","Eighth Day","3.3%"
113638,"lunaandstella.com","Luna & Stella","3.3%"
113649,"perfectlocks.com","Perfect Locks","3.3%"
113650,"truegracehealth.com","True Grace Health","6.5%"
113681,"wearnumi.com","Numi","2%"
113689,"adoebike.com","A Dece Oasis","3.3%"
113693,"olio-piro.com","Olio Piro","3.3%"
113696,"xpluswear.com","Xpluswear","6.5%"
113705,"dnavibe.com","DNA Vibe","6.5%"
113707,"empava.com","Kitchen Appliance Store","5.2%"
113707,"kitchenappliancestore.com","Kitchen Appliance Store","5.2%"
113708,"coppertistwu.com","Coppertist.Wu","9.8%"
113715,"ilytmi.com","Lytmi","2%"
113715,"lytmi.co","Lytmi","2%"
113727,"unilovebaby.com","Unilove","3.9%"
113729,"ankbit.myshopify.com","YeeMall","6.5%"
113729,"yeemall.com","YeeMall","6.5%"
113729,"1mii.shop","YeeMall","6.5%"
113730,"shanzuchef.com","Shanzu","6.5%"
113731,"davinandadley.com","DAVIN&ADLEY","1.3%"
113743,"ihoodwarm.com","iHood","6.5%"
113744,"shamelesspets.com","Shameless Pets","6.5%"
113755,"moerie.com","Moerie Beauty","3.3%"
113759,"celestestarre.com","celeste Starre","19.5%"
113832,"stickybesocks.com","Sticky Be Socks","6.5%"
113876,"atpatelier.com","ATP Atelier","2.6%"
113895,"oxygenconcentrator.shop","TTLife Oxygen Concentrator","7.8%"
113903,"blazevideo.net","Blaze Video","6.5%"
113907,"passerinehome.com","Passerine","3.3%"
113909,"shaktiwarriorshop.com","Shakti Warrior","2%"
113919,"democracyclothing.com","Democracy Clothing","6.5%"
113926,"us.donnermusic.com","Donner Music","6.5%"
113926,"donnermusic.com","Donner Music","6.5%"
113926,"donnerdeal.com","Donner Music","6.5%"
114287,"meater.com","Meater","3.3%"
114293,"yalishdiamonds.com","Yalish Diamonds","9.8%"
114297,"truheightvitamins.com","TruHeight","6.5%"
114298,"edloefinch.com","Edloe Finch","1.3%"
114301,"potensic.com","Potensic","2%"
114301,"store.potensic.com","Potensic","2%"
114310,"bluecutaprons.com","BlueCut","9.8%"
114319,"isdin.com","ISDIN","4.6%"
114334,"shop.bsigroup.com","bsi.knowledge","9.8%"
114334,"knowledge.bsigroup.com","bsi.knowledge","9.8%"
114343,"period.co","The Period Company","5.2%"
114349,"purerosy.com","Pure Rosy","9.8%"
114374,"alimiles.com","Ail Miles Clothing","6.5%"
114378,"biqu.equipment","BIQU Technology","5.2%"
114395,"bonneetfilou.com","Bonne et Filou","13%"
114397,"ulike.com","Ulike","9.8%"
114399,"otafukufoods.com","Otafuku Foods","9.8%"
114402,"marymaxim.com","Mary Maxim","3.3%"
114411,"bleurodbeattie.com","Bleu Rod Beattie Swimwear","7.8%"
114412,"citizenwatch.com","Citizen Watch","1.3%"
114535,"duhome.com","Duhome Inc","3.9%"
114537,"privateinternetaccess.com","Private Internet Access VPN","65%"
114540,"thehalara.com","Halara","3.3%"
114541,"budgettruck.com","Budget Truck Rental","2.6%"
114542,"hilifevitamins.com","HiLife Vitamins","6.5%"
114546,"truskin.com","TruSkin","11.7%"
114550,"bioworld.com","BioWorld","6.5%"
114559,"trudiagnostic.com","TruDiagnostic","6.5%"
114568,"shopryanporter.com","Candier by Ryan Porter","6.5%"
114575,"horsefeathers.eu","Horsefeathers","3.3%"
114583,"lecol.cc","Le Col","4.6%"
114587,"westernaloha.com","Western Aloha","5.2%"
114590,"attracosports.com","attraco","6.5%"
114592,"fourthfrontier.com","Fourth Frontier","6.5%"
114601,"riptskinsystems.com","RIPT Skin Systems","19.5%"
114607,"davidscookies.com","David's Cookies","3.9%"
114945,"ellievailjewelry.com","Ellie Vail","3.3%"
114949,"breeo.co","Breeo","3.3%"
114949,"breeo.com","Breeo","3.3%"
114961,"penelopechilvers.com","Penelope Chilvers","3.3%"
114984,"easeus-software.com","EaseUS","34.5%"
114984,"easeus.com","EaseUS","32.5%"
114992,"sailingvirgins.com","Sailing Virgins","2.6%"
114996,"clckr.com","CLCKR","6.5%"
114996,"matterbrands.com","CLCKR","6.5%"
115007,"figue.com","Figue Acquisition, LLC","13%"
115008,"m2unyc.com","M2U NYC","13%"
115010,"abbey-glass.com","Abbey Glass","6.5%"
115026,"ownkoti.com","Ownkoti","3.9%"
115032,"bubledon.com","Bublédon","13%"
115033,"we-ar4.com","We-Ar4","6.5%"
115042,"eyeleos.com","Eyeleos","13%"
115058,"duralexusa.com","Duralex USA","6.5%"
115061,"gymproluxestore.com","Gymproluxe","6.5%"
115071,"tastecando.com","CanDo","9.8%"
115072,"befitting.com","Befitting.com","11.7%"
115075,"bloomersintimates.com","Bloomers Intimates LLC","6.5%"
115260,"johnmarkclothing.com","John Mark Clothing","6.5%"
115269,"giantex.com","Giantex","3.3%"
115275,"airhealth.com","Air Health","9.8%"
115280,"murujewellery.com","Muru","3.3%"
115281,"morrflate.com","MORRFlate","3.3%"
115298,"ever-pretty.com","Ever Pretty","4.6%"
115299,"lichi.com","Lichi","3.9%"
115301,"grohe.us","GROHE","6.5%"
115315,"airinum.com","Airinum","9.8%"
115328,"reitmans.com","Reitmans","0.3%"
115329,"outlet.verabradley.com","Vera Bradley","0.7%"
115329,"verabradley.com","Vera Bradley","0.7%"
115332,"printfresh.com","Printfresh","6.5%"
115337,"komarbrands.com","Komar","13%"
115341,"encalife.com","encalife","4.6%"
115360,"harklinikken.com","Harklinikken","3.3%"
115361,"shikohin.com","Shikohin","3.3%"
115369,"easton.com","Easton","2%"
115369,"easton.rawlings.com","Easton","2%"
115373,"pourmoiskincare.com","Pour Moi Skincare","6.5%"
115376,"fitueyes.com","Fitueyes","5.2%"
115495,"newwestknifeworks.com","New West KnifeWorks","5.2%"
115499,"elizabethcolejewelry.com","Elizabeth Cole Jewelry","4.9%"
115502,"loveamika.com","Amika","2.6%"
115506,"evvy.com","Evvy","3.3%"
115508,"gethai.com","Gethai","6.5%"
115509,"focuscamera.com","Focus Camera","2.6%"
115509,"lifestyle.focuscamera.com","Focus Camera","1.6%"
115512,"party-expert.com","Party Expert","3.9%"
115518,"anker.com","Anker","5.2%"
115527,"athome.com","At Home","2%"
115530,"delonghi.com","Delonghi","2.6%"
115532,"obviouswines.com","Obvious Wines","4.6%"
115543,"gillette.com","Gillette","5.2%"
115568,"withcove.com","Cove","$10.40"
115633,"cefaly.com","Cefaly","2%"
115659,"cyclegear.com","Cycle Gear","1.3%"
115665,"us.hairburst.com","Hairburst","6.5%"
115672,"norton.com","Norton","32.5%"
115722,"softorino.com","Softorino","19.5%"
115730,"abbyyusa.com","ABBYY","19.5%"
115730,"abbyy.com","ABBYY","19.5%"
115746,"projects-software.com","Franzis","8.5%"
115750,"eset.com","ESET","13%"
115803,"us.gooloo.com","Gooloo","8.5%"
115805,"bestier.net","Bestier","3.3%"
115806,"tymobeauty.com","TYMO Beauty","3.9%"
115808,"strungbystroh.net","Strung By Stroh","6.5%"
115810,"giftcardoutlets.com","Gift Card Outlets","1%"
115811,"taviactive.com","TAVI","5.2%"
115819,"myfaceboxer.com","MyFaceBoxer","3.3%"
115822,"officialbandshirts.com","Official Band Shirts","6.5%"
115824,"shop.teckinhome.com","Teckin","6.5%"
115824,"teckinhome.com","Teckin","6.5%"
115843,"lifecykel.com","Lifecykel","6.5%"
115850,"namerobot.com","NameRobot","32.5%"
115851,"nba.com","NBA Store","5.2%"
115851,"store.nba.com","NBA Store","5.2%"
115854,"goeuro.co.uk","Omio","6.5%"
115854,"goeuro.com","Omio","5.2%"
115854,"omio.co.uk","Omio","6.5%"
115854,"omio.com","Omio","5.2%"
116305,"proform.com","ProForm","2.6%"
116314,"rentcars.com","Rentcars","4.6%"
116380,"t3micro.com","T3 Micro","5.2%"
116387,"videoscribe.co","VideoScribe","9.1%"
116394,"aomeitech.com","AOMEI","32.5%"
116395,"bluettipower.com","Bluetti","3.3%"
116399,"chefstemp.com","ChefsTemp","9.8%"
116400,"eksa.net","EKSA","9.8%"
116401,"getmailbird.com","Mailbird","16.3%"
116411,"italojewelry.com","Italo Jewelry","13%"
116414,"mileskimball.com","Miles Kimball","7.8%"
116414,"silverstarbrands.com","Miles Kimball","7.8%"
116416,"oyorooms.com","OYO  Rooms","6.5%"
116417,"pcloud.com","pCloud","13%"
116423,"valuemags.com","ValueMags","26%"
116445,"bushnellgolf.com","Bushnell Golf","3.3%"
116447,"camilla.com","Camilla","2%"
116448,"journeecollection.com","Journee Collection","3.3%"
116476,"shop.healthextension.com","Health Extension","6.5%"
116476,"healthextension.com","Health Extension","6.5%"
116479,"topmobility.com","Top Mobility","2.6%"
116481,"lovetodream.com","Love to Dream","1.3%"
116486,"selfridges.com","Selfridges","2.6%"
116500,"cosstores.com","COS","1.3%"
116500,"cos.com","COS","1.3%"
116502,"elselingerie.com","Else","3.3%"
116511,"davines.com","Davines","3.9%"
116511,"us.davines.com","Davines","3.9%"
116519,"thecollagen.co","The Collagen Co.","1.3%"
116524,"diono.com","Diono","5.2%"
116547,"roseinc.com","Rose Inc","6.5%"
116548,"compressionsale.com","Compression Sale","6.5%"
116566,"streakersports.com","Streaker Sports","2.6%"
116612,"taylormadegolf.com","TaylorMade Golf","2.6%"
116618,"us.shop.ecco.com","ECCO","1.3%"
116618,"us.ecco.com","ECCO","1.3%"
116623,"manhattanprep.com","Manhattan Prep","2%"
116627,"blinds.com","Blinds","1.3%"
116634,"trishmcevoy.com","Trish McEvoy","3.9%"
116641,"vionicshoes.com","Vionic","4.6%"
116643,"lanolips.com","Lanolips","5.9%"
116646,"libertylondon.com","Liberty London","2.6%"
116647,"frmoda.com","FRMODA","4.6%"
116650,"snidel.us","SNIDEL","6.5%"
116663,"katemcleod.com","Kate McLeod","3.3%"
116674,"estellabartlett.com","Estella Bartlett","5.2%"
116678,"sunspel.com","Sunspel","5.2%"
116678,"us.sunspel.com","Sunspel","5.2%"
116681,"milwaukeebootcompany.com","Milwaukee Boot Co.","6.5%"
116688,"kaptest.com","Kaplan","2%"
116691,"obagi.com","Obagi","3.3%"
116697,"canadiandownandfeather.com","Canadian Down & Feather","3.3%"
116703,"tablethotels.com","Tablet Hotels","3.3%"
116707,"sifjakobs.com","Sif Jakobs Jewellery","9.8%"
116709,"fekkai.com","Fekkai","7.8%"
116713,"us.wananluxury.com","Wanan Luxury","3.9%"
116713,"wananluxury.com","Wanan Luxury","3.9%"
116741,"rado.com","Rado","5.2%"
116757,"flower.com","Flower.com","13%"
116768,"meta.com","Meta","3.3%"
116770,"asus.com","ASUS","1.3%"
116774,"cardcash.com","CardCash","1.3%"
116781,"kylieskin.com","Kylie Cosmetics","3.9%"
116781,"kyliecosmetics.com","Kylie Cosmetics","3.9%"
116797,"drsturm.com","Dr. Barbara Sturm","5.2%"
116801,"stories.com","& Other Stories","0.7%"
116803,"yoox.com","YOOX","2%"
116804,"31philliplim.com","31 Phillip Lim","1.3%"
116809,"zeedog.com","Zee Dog","5.2%"
116862,"farrar-tanner.com","Farrar and Tanner","0.5%"
116863,"neocell.com","Neocell","3.3%"
116883,"hunterfan.com","Hunter Fan","1.6%"
116923,"giftbasketstore.com","The Gift Basket Store","3.9%"
116937,"australialuxeco.com","Australia Luxe Co","6.5%"
116964,"mytheresa.com","Mytheresa","2.6%"
116974,"oliviermidy.com","Olivier Midy","6.5%"
116983,"noblepanacea.com","Noble Panacea","6.5%"
117056,"mywalit.com","Mywalit","5.2%"
117059,"realrooms.com","RealRooms","3.9%"
117077,"leanintree.com","Leanin' Tree","2.6%"
117083,"mmlafleur.com","M.M. LaFleur","2%"
117101,"vidday.com","VidDay","7.8%"
117117,"labseries.com","Lab Series","5.2%"
117127,"fable.com","Fable","3.3%"
117136,"onestopwineshop.com","One Stop Wine Shop","4.6%"
117144,"shop.furtherfood.com","Further Food","5.2%"
117144,"furtherfood.com","Further Food","5.2%"
117150,"olivergal.com","Oliver Gal","6.5%"
117164,"bloomstoday.com","Blooms Today","9.8%"
117167,"whind.com","Whind","1.3%"
117176,"store.draxe.com","Ancient Nutrition","5.2%"
117176,"ancientnutrition.com","Ancient Nutrition","5.2%"
117177,"bioionic.com","BioIonic","2.6%"
117187,"nicolasmarketplace.com","Nicola's Marketplace","6.5%"
117188,"benrus.com","Benrus","9.8%"
117199,"tacfit.com","TACFIT","6.5%"
117249,"blvck.com","Blvck","5.2%"
117251,"myka.com","MYKA","5.2%"
117262,"bonsenkitchen.com","Bonsen Kitchen","3.3%"
117263,"nuptiostore.com","Nuptio","6.5%"
117265,"hepartshome.com","Heparts Home","3.3%"
117267,"dewaltcoolers.com","Dewalt","3.3%"
117283,"matchsouth.com","Match South","3.3%"
117287,"myfireroad.com","FireRoad","6.5%"
117292,"iluvcolors.com","Kaleidoscope - iluvcolors","6.5%"
117341,"pathsocial.com","Path Social","$6.50"
117410,"mysupplementstore.com","My Supplement Store","9.8%"
117422,"werkshoppe.com","WerkShoppe","6.5%"
117429,"kintsugihair.com","Kintsugi Hair","7.8%"
117483,"us.justgeek.com","Just Geek","4.2%"
117483,"justgeek.com","Just Geek","4.2%"
117501,"flexjobs.com","FlexJobs","6.5%"
117502,"pi-nutrition.com","PI Nutrition","4.6%"
117507,"eventideaudio.com","Eventide Inc.","6.5%"
117622,"vigorlabs.com","VigorLabs","7.8%"
117626,"ev-lectron.com","Lectron","6.5%"
117627,"magicshine.com","Magicshine","4.6%"
117633,"ritfitsports.com","RITFIT","3.3%"
117641,"needonelife.com","KOYYE","3.3%"
117641,"koyye.com","KOYYE","3.3%"
117647,"flockfoods.com","Flock","3.9%"
117648,"simproformula.com","Simply Professional Formula","13%"
117653,"mens-weddingbands.com","mens-weddingbands","0.7%"
117658,"nordicways.boutique","Nordic Ways","$13.00"
117671,"suunto.com","Suunto","1.6%"
117682,"escapemotions.com","Escape Motions","4.6%"
117697,"oliveandcrate.com","Olive & Crate","6.5%"
117704,"ecopeaco.com","Eco Pea Co.","3.3%"
117724,"wallabygoods.com","Wallaby","5.2%"
117731,"perfectmoment.com","Perfect Moment","2%"
117751,"domebeauty.com","Dome Beauty","7.8%"
117802,"voxapod.com","VOXAPOD","9.8%"
117975,"seymayka.com","Seymayka","9.8%"
117976,"electronicx.de","Electronicx","6.5%"
117982,"originroasted.com","Origin Roasted","$5.20"
117984,"msblue.com","MSBLUE JEWELRY","3.9%"
117999,"homegrown-garden.com","EAKdistribution LLC","6.5%"
118028,"testpreptraining.com","Testprep Training","39%"
118036,"boletosexpress.com","Boletos Express","$0.49"
118064,"californiababy.com","California Baby","3.3%"
118065,"fourleafrover.com","Four Leaf Rover","9.8%"
118068,"smartypear.com","Casa Leo Pet","6.5%"
118068,"casaleopet.com","Casa Leo Pet","6.5%"
118070,"calfglobal.com","Calf","4.6%"
118074,"makemeroyalusa.com","Make Me Royal","6.5%"
118077,"monteksolar.com","iMontek","3.9%"
118077,"imontek.com","iMontek","3.9%"
118078,"espro.com","Espro","3.9%"
118083,"troomi.com","Troomi","9.8%"
118087,"labworkauto.com","labworkauto","6.5%"
118090,"seoulceuticals.com","Seoul Ceuticals","9.8%"
118096,"store.zhiyun-tech.com","Zhiyun","6.5%"
118097,"strikeforceenergy.com","Strike Force","9.8%"
118204,"clipstrip.com","Clip Strip","5.2%"
118206,"highonleather.com","High On Leather","6.5%"
118215,"centurylink.com","CenturyLink","$32.50"
118215,"quantumfiber.com","CenturyLink","$32.50"
118220,"flagandanthem.com","Flag & Anthem","3.3%"
118235,"ekohealth.com","Eko","2%"
118235,"shop.ekohealth.com","Eko","2%"
118246,"qualityaccents.com","Quality Accents","3.3%"
118247,"vertagear.com","Vertagear","3.3%"
118255,"issaonline.com","ISSA","4.9%"
118261,"de.tineco.com","tineco","3.3%"
118261,"store.tineco.com","tineco","3.6%"
118265,"gerganaivanova.com","Gergana Ivanova","6.5%"
118290,"luxebeautyandbodyco.com","Luxe Beauty And Body Co","3.3%"
118291,"seedsnow.com","SeedsNow","16.3%"
118292,"skulljewellery.com","SkullJewelry","9.8%"
118307,"modloft.com","Modloft","0.7%"
118423,"renogy.com","Renogy","3.9%"
118431,"velowavebikes.com","Velowave","7.8%"
118436,"ifjf.net","ifjf","6.5%"
118440,"santamedical.com","Santa Medical","13%"
118441,"rihoas.com","Rihoas","8.5%"
118442,"likemychoice.com","Like My Choice","3.3%"
118450,"lovedeskmats.com","LoveDeskMats","6.5%"
118454,"smacosports.com","SmacoSports","7.8%"
118454,"smacodive.com","SmacoSports","7.8%"
118458,"spetools.com","Spetools","6.5%"
118463,"drsperonsnaturalskincare.com","Dr. Speron's Natural Skin Care","6.5%"
118467,"nonetz.com","NoNetz","6.5%"
118509,"gadecosmetics.com","GA-DE Cosmetics","6.5%"
118510,"oasishoteles.com","Oasis Hotels","3.9%"
118512,"personalizationmall.com","PersonalizationMall","3.9%"
118543,"uperfectmonitor.com","UPERFECT","6.5%"
118546,"firstday.com","First Day","9.8%"
118546,"hifirstday.com","First Day","9.8%"
118595,"us.whogivesacrap.org","Who Gives  A Crap","5.2%"
118598,"you.pixellot.tv","Pixellot You","$104.00"
118598,"pixellot.tv","Pixellot You","$104.00"
118635,"tunnelbear.com","TunnelBear","32.5%"
118645,"hyte.com","HYTE","0.7%"
118663,"partsvu.com","PartsVu","3.3%"
118673,"marcellanyc.com","Marcella","2%"
118697,"2betties.com","2Betties","9.8%"
118782,"garagebasics.com","Garage Basics","2%"
118789,"rwflame.com","R.W. flame","5.2%"
118823,"helloseen.com","SEEN Hair Care","1.3%"
118895,"reks.com","REKS","5.9%"
118902,"drinkbev.com","Bev","9.8%"
118908,"jabaloo.com","Jabaloo","6.5%"
118914,"firedisccookers.com","FIREDISC Cookers","2.6%"
118924,"ancient-greek-sandals.com","Ancient Greek Sandals","5.2%"
118930,"brainiacfoods.com","Brainiac","6.5%"
118932,"renskincare.com","REN Clean Skincare","3.3%"
118932,"usa.renskincare.com","REN Clean Skincare","3.3%"
118934,"bluebottlecoffee.com","Blue Bottle Coffee","3.3%"
118976,"ekouaer.com","Ekouaer","9.8%"
118983,"nononsense.com","No nonsense","6.5%"
118985,"speediance.com","Speediance","2%"
119006,"m.tjmaxx.tjx.com","TJ Maxx","2%"
119006,"tjmaxx.tjx.com","TJ Maxx","2%"
119011,"bumpboxes.com","Bump Boxes","16.3%"
119019,"magnoliabakery.com","Magnolia Bakery","6.5%"
119023,"verveculture.com","Verve Culture","2.6%"
119059,"mentedcosmetics.com","Mented Cosmetics","9.8%"
119062,"lucklessclothing.com","Luckless Outfitters","9.8%"
119068,"raymourflanigan.com","Raymour & Flanigan","2%"
119071,"fast-growing-trees.com","FastGrowingTrees.com","3.9%"
119073,"arkswimwear.com","Ark Swimwear","6.5%"
119074,"wishdoitwatches.com","WISHDOIT","11.7%"
119083,"xfinity.com","Xfinity","$9.75"
119098,"nancyroseperformance.com","Nancy Rose Performance","13%"
119101,"shop.mykerafactor.com","Kerafactor","2.6%"
119138,"righteousfelon.com","Righteous Felon Craft Jerky","5.9%"
119152,"us.peugeot-saveurs.com","Peugeot Saveurs","3.9%"
119252,"topcoatproducts.com","TopCoat Products","2.6%"
119273,"kaliyaana.com","Kaliyaana","0.7%"
119273,"belfioreherbal.com","Kaliyaana","0.7%"
119277,"actiontourguide.com","Action Tour Guide","19.5%"
119290,"lilysilk.com","Lilysilk","5.2%"
119292,"kodakphotoprinter.com","Kodak Photo Printer","6.5%"
119292,"shop.kodakphotoprinter.com","Kodak Photo Printer","6.5%"
119307,"childrensplace.com","The Children's Place","0.7%"
119309,"eventticketscenter.com","Event Tickets Center","5.9%"
119310,"shop.buffalobills.com","The Bills Store","3.3%"
119310,"buffalobills.com","The Bills Store","3.3%"
119327,"livehoned.com","Honed","6.5%"
119328,"boisson.nyc","Boisson","3.9%"
119328,"boisson.co","Boisson","3.9%"
119345,"virginholidays.co.uk","Virgin Holidays","1.3%"
119347,"hippiecrafter.com","Hippie Crafter","7.8%"
119406,"jonathangreen.com","Jonathan Green","2%"
119408,"mrkeyshop.com","Mr Key Shop","3.3%"
119563,"mecoolonline.com","Mecool","6.5%"
119563,"mecool.com","Mecool","6.5%"
119568,"mixhers.com","Mixhers","6.5%"
119569,"mycopilot.com","CoPilot","$6.50"
119569,"trainwell.net","CoPilot","$6.50"
119572,"jmpthelabel.com","JMP The Label","3.3%"
119575,"keysfan.com","keysfan","5.2%"
119588,"a11nsports.com","A11N Sports","5.2%"
119590,"inselife.com","INSE","3.3%"
119635,"goaliemonkey.com","GoalieMonkey","2.6%"
119636,"worldsoccershop.com","WorldSoccerShop","4.9%"
119649,"enjoythewood.com","Enjoy the Wood","9.8%"
119652,"workfromhomedesks.com","Work From Home Desks","5.2%"
119667,"madewell.com","Madewell","2%"
119720,"bermies.com","Bermies","6.5%"
119722,"bloomchic.com","Bloomchic","6.5%"
119729,"sallyrose.com","SallyRose","6.5%"
119776,"addmotor.com","Addmotor","3.3%"
119778,"indielee.com","Indie Lee","3.9%"
119781,"loragal.com","Loragal","5.2%"
119792,"subminimal.com","Subminimal","6.5%"
119799,"hauslabs.com","Haus Labs","2.6%"
119808,"designerrevival.com","Designer Revival","1.3%"
119809,"moncoeur.com","Mon Coeur","9.8%"
119810,"outdoormaster.com","Outdoor Master","9.8%"
119813,"flutterhabit.com","FlutterHabit","1.6%"
119826,"therabody.com","Therabody","4.6%"
119826,"theragun.com","Therabody","4.6%"
119867,"boyerscoffee.com","Boyer's Coffee","5.2%"
119965,"getsensate.com","Sensate","6.5%"
119966,"thewhizcells.com","The Whiz Cells","3.3%"
119972,"balticborn.com","Baltic Born","1.3%"
119973,"lifespanfitness.com","LifeSpan Fitness","1.3%"
119974,"jellybuddy.com","Jellybuddy","2%"
119976,"drmartypets.com","Dr. Marty Pets","9.8%"
119979,"soulight.com","Soulight","20.8%"
119981,"hibbentshop.com","Hibbent","6.5%"
119983,"ecosox.com","EcoSox","6.5%"
119988,"parksproject.us","Parks Project","1.3%"
119991,"sojosvision.com","SOJOS","6.5%"
119998,"srfax.com","SRFax","$13.00"
120009,"amalise.com","Amalise","9.8%"
120077,"postandporch.com","Post & Porch","19.5%"
120077,"modernaspectshop.com","Post & Porch","$19.50"
120078,"sprocketprinters.com","HP Sprocket","6.5%"
120104,"pela.earth","Lomi","0.7%"
120104,"lomi.com","Lomi","0.7%"
120110,"rx-safety.com","RX Safety","2%"
120135,"alassilk.com","Alas Silk","6.5%"
120137,"mypowerlife.com","Power Life","5.2%"
120141,"hyperice.com","Hyperice","3.3%"
120153,"jins.com","JINS","3.9%"
120161,"rugs-direct.com","Rugs Direct","2.6%"
120169,"andersonshomeandgarden.com","The Andersons Home and Garden","6.5%"
120170,"findingferdinand.com","Finding Ferdinand","9.8%"
120171,"maxandlily.com","Max and Lily","1.3%"
120197,"grailed.com","Grailed","0.7%"
120205,"kcchicdesigns.com","KC Chic Designs","7.8%"
120206,"bravekid.com","Brave Kid","3.3%"
120218,"mydietdoc.com","My Diet Doc","13%"
120224,"untitledinmotion.com","Untitled in Motion","6.5%"
120297,"birdandblendtea.com","Bird & Blend Tea Co.","9.8%"
120300,"tenthousand.cc","Ten Thousand","1%"
120301,"safelite.com","Safelite","$7.80"
120317,"globalhealing.com","Global Healing","6.5%"
120321,"healthybaby.com","HealthyBaby","2.6%"
120332,"stitchgolf.com","STITCH Golf","3.9%"
120363,"thegoodmineral.com","The Good Mineral","9.8%"
120369,"puredailycare.com","Pure Daily Care","1%"
120370,"lordhair.com","Lordhair","3.3%"
120514,"alicelanehome.com","Alice Lane Home","3.3%"
120530,"jonnycota.com","Jonny Cota","5.2%"
120548,"getgolden.com","Get Golden","6.5%"
120554,"undercovertourist.com","Undercover Tourist","0.7%"
120563,"wefeedraw.com","We Feed Raw","13%"
120576,"vinceunfold.com","Vince. unfold","$13.00"
120578,"samplize.com","Samplize","3.9%"
120582,"monrow.com","Monrow","7.8%"
120647,"theartofcharm.com","The Art of Charm","13%"
120654,"dermaestheticsusa.com","Dermaesthetics","6.5%"
120656,"polysleep.com","Polysleep","3.3%"
120664,"tempramed.com","TempraMed","19.5%"
120721,"ibkul.com","IBKUL","6.5%"
120726,"potterywithapurpose.com","Pottery With A Purpose","6.5%"
120728,"prettygarden.com","PrettyGarden","7.8%"
120732,"duderobe.com","DudeRobe","6.5%"
120735,"arrowfilms.com","Arrow Films","3.3%"
120738,"eyebobs.com","Eyebobs","2%"
120743,"barbernation.com","BarberNation","9.8%"
120757,"alldatadiy.com","ALLDATAdiy","13%"
120757,"alldata.com","ALLDATAdiy","13%"
120767,"pinetales.com","PineTales","13%"
120770,"dellrefurbished.com","Dell Refurbished","3.3%"
120833,"luisaviaroma.com","LUISAVIAROMA","5.2%"
120834,"beerdrop.com","Beer Drop","9.8%"
120841,"definitivetechnology.com","Definitive Technology","3.3%"
120853,"littlepartners.com","Little Partners","9.8%"
120930,"hue.com","HUE","0.7%"
120977,"lorenacanals.us","Lorena Canals","3.9%"
120977,"lorenacanals.com","Lorena Canals","3.9%"
120980,"chichome.com","Chic Home","3.3%"
120983,"lostpattern.com","Lost Pattern","6.5%"
120986,"healthbynaturals.com","Health Naturals","13%"
120989,"naturesskinandbody.com","Nature's Skin And Body Food","11.7%"
120994,"gigatechgaming.com","Gigatech Gaming","3.3%"
121175,"ojcommerce.com","OJCommerce","1.3%"
121194,"chuza.com","Chuza","9.8%"
121200,"lucysmarket.com","Lucy's Market","3.3%"
121204,"nadula.com","Nadula","3.9%"
121205,"eskute.com","Eskute","3.3%"
121218,"pintrill.com","PINTRILL","6.5%"
121220,"ottocast.com","ottocast","7.8%"
121231,"spibelt.com","SPIbelt","6.5%"
121236,"platterful.com","Platterful","2%"
121236,"tryplatterful.com","Platterful","2%"
121240,"tacright.com","TacRight","0.7%"
121243,"filtersfast.com","FiltersFast.com","2%"
121249,"kiramoon.com","Kiramoon","11.7%"
121266,"heivy.com","Heivy","3.3%"
121280,"jenniferfurniture.com","Jennifer Furniture","2.6%"
121368,"iedm.com","iEDM","2.3%"
121371,"honuaskincare.com","Honua Hawaiian Skincare","9.8%"
121491,"tangerinepaddle.com","Tangerine Paddle","3.3%"
121494,"dphue.com","dpHUE","2%"
121506,"nucific.com","Nucific","7.8%"
121506,"3harmfulfoods.com","Nucific","7.8%"
121509,"shop.acasis.com","ACASIS","6.5%"
121509,"acasis.com","ACASIS","6.5%"
121529,"hqsolarpower.com","HQST","3.3%"
121531,"kimchichicbeauty.com","KimChi Chic Beauty","11.7%"
121535,"lambwolf.co","Lambwolf Collective","6.5%"
121539,"bellabubear.com","Bellabu Bear","3.3%"
121541,"chillaxcare.com","Chillax","10.4%"
121544,"mazinjewels.com","Mazin Jewels","6.5%"
121580,"paintlabbeauty.com","PAINTLAB","8.1%"
121583,"safeway.com","Safeway","2%"
121608,"tomthumb.com","Tom Thumb","2%"
121609,"jewelosco.com","Jewel Osco","2%"
121610,"vons.com","Vons","2%"
121611,"starmarket.com","Star Market","2%"
121612,"shaws.com","Shaw's","2%"
121613,"fold3.com","Fold3 by Ancestry","19.5%"
121614,"albertsons.com","Albertsons","2%"
121615,"pavilions.com","Pavilions","2%"
121616,"randalls.com","Randalls","2%"
121621,"bowerswilkins.com","Bowers & Wilkins","3.3%"
121623,"gethlth.com","HLTH Code","13%"
121689,"nugs.net","nugs.net","5.2%"
121697,"jadeyoga.com","Jade Yoga","6.5%"
121700,"macduggal.com","Mac Duggal","2%"
121702,"stingeroffroad.com","Stinger","3.3%"
121702,"stingersolutions.com","Stinger","3.3%"
121754,"heirloomhourglass.com","Heirloom Hourglass","6.5%"
121759,"knowledgehut.com","KnowledgeHut","32.5%"
121761,"graduate-pro.com","GraduatePro","5.2%"
121804,"growtal.com","GrowTal","$325.00"
121808,"linguix.com","Linguix","13%"
121936,"jasonwubeauty.com","Jason Wu Beauty","11.7%"
121942,"shop.niu.com","Niu","4.6%"
121961,"aiper.com","Aiper","9.8%"
121970,"readysetfood.com","Ready, Set, Food!","6.5%"
121974,"shop.luvmehair.com","LuvMe Hair","3.3%"
121979,"haymancoffee.com","Hayman Coffee","3.9%"
121990,"daehair.com","Dae Hair","5.2%"
121993,"mdsolarsciences.com","MDSolarSciences","6.5%"
121995,"astorandorion.com","Astor & Orion","6.5%"
122010,"agogie.com","AGOGIE","9.8%"
122011,"totalwine.com","Total Wine","1.3%"
122057,"drinkavaline.com","DrinkAvaline.com","6.5%"
122060,"misfitsmarket.com","Misfits Market","$3.25"
122067,"bubble.io","Bubble","16.3%"
122068,"store.hermanmiller.com","Herman Miller","2.6%"
122073,"fatboysurfclub.com","Fat Boy Surf Club","3.3%"
122075,"lifewellnesshealthcare.com","Life Wellness Healthcare","7.8%"
122104,"territorialseed.com","Territorial Seed Company","4.6%"
122105,"withjoy.com","Joy","$3.25"
122157,"travelsim.com","TravelSim","6.5%"
122171,"surfchique.com","SURFCHIQUE","9.8%"
122194,"kathrynnewyork.com","Kathryn New York","5.2%"
122195,"oluxury.com","OLUXURY","5.2%"
122201,"swoveralls.com","Swoveralls","6.5%"
122228,"jolieskinco.com","Jolie Skin Co","$9.75"
122235,"simoneismith.com","Simone I. Smith","6.5%"
122249,"dearperli.com","Dear Perli","7.8%"
122249,"bundledbaby.co","Dear Perli","7.8%"
122254,"25karats.com","25karats","3.3%"
122400,"pureenrichment.com","Pure Enrichment","3.9%"
122412,"bullystickscentral.com","Bully Sticks Central","3.3%"
122416,"calixsolutions.io","Calix Solutions","$32.50"
122421,"coteshop.co","côte","6.5%"
122426,"toseehair.com","Tosee Hair","1.3%"
122427,"lygfzf.com","LYGFZF","13%"
122430,"wayofwade.com","Way of Wade","0.7%"
122441,"multiplesclothingcompany.com","Multiples Clothing","6.5%"
122442,"truluxejeans.com","Tru Luxe","6.5%"
122447,"cycorldpro.com","Moosehill","6.5%"
122447,"moosehillstore.com","Moosehill","6.5%"
122449,"mitopdeal.com","Mitopdeal","5.2%"
122451,"wishgardenherbs.com","WishGarden Herbs","1.3%"
122455,"pedersonsfarms.com","Pederson's Natural Farms","2.3%"
122468,"cambridgemask.com","Cambridge Mask","13%"
122468,"us.cambridgemask.com","Cambridge Mask","13%"
122469,"yorktest.com","YorkTest","6.5%"
122473,"wemax.com","Wemax","3.3%"
122477,"cleveryoga.com","Clever Yoga","6.5%"
122478,"petmemoryshop.com","Pet Memory Shop","7.8%"
122484,"kindtail.com","KindTail","4.6%"
122486,"happyandpolly.com","Happy and Polly","6.5%"
122502,"harfington.com","Harfington","4.6%"
122504,"egofishing.com","EGO Fishing","3.9%"
122511,"mygardyn.com","Gardyn","2.6%"
122585,"eatiqbar.com","IQBAR","6.5%"
122586,"perfumania.com","Perfumania.com","3.9%"
122591,"gmat.targettestprep.com","Target Test Prep","6.5%"
122593,"the-happiness-project.com","The Happiness Project","6.5%"
122618,"nudeenvie.com","Nude Envie","4.6%"
122620,"thesomelife.com","Lusomé","19.5%"
122620,"us.lusome.com","Lusomé","19.5%"
122773,"gotomypc.com","GoToMyPC","$74.75"
122773,"get.gotomypc.com","GoToMyPC","$74.75"
122827,"textureplus.com","Texture Plus","3.3%"
122841,"shoppremiumoutlets.com","ShopSimon","2.6%"
122841,"shop.simon.com","ShopSimon","2.6%"
122858,"saatva.com","Saatva","0.7%"
122860,"maade.com","maade","$9.75"
122864,"nutri-genetix.com","Nutri-Genetix","5.2%"
122865,"sollybaby.com","Solly Baby","3.9%"
123065,"coreproducts.com","Core Products","3.3%"
123066,"ducadelcosma.us","Duca del Cosma","5.2%"
123066,"ducadelcosma.com","Duca del Cosma","5.9%"
123077,"csd.shop","Consigned Sealed Delivered","2.1%"
123091,"tidio.com","TIDIO","19.5%"
123093,"dryfttosleep.com","Dryft Sleep","13%"
123093,"dryftsleep.com","Dryft Sleep","13%"
123097,"trovata.com","TROVATA","3.3%"
123099,"vievesleaves.com","Vieve's Leaves","9.8%"
123103,"thesupermade.com","Thesupermade","9.8%"
123106,"revivesuperfoods.com","Revive Superfoods","9.8%"
123110,"qases.com","Qases","16.3%"
123114,"girldangerous.com","Girl Dangerous","9.8%"
123115,"vtrpro.com","VTR Learning","9.8%"
123126,"outofthewoods.com","Out of the Woods","2%"
123127,"wingassistant.com","Wing Assistant","$48.75"
123133,"testmyallergy.com","Test My Allergy","6.5%"
123138,"areyougame.com","AreYouGame.com","4.6%"
123139,"uinfootwear.com","uinfootwear","6.5%"
123141,"fantastreet.com","FantaStreet","9.8%"
123148,"tapfiliate.com","Tapfiliate","$115.70"
123149,"juvenon.com","Juvenon","5.2%"
123202,"gaslandchef.com","Gasland Chef","5.2%"
123210,"jlab.com","JLab","6.5%"
123371,"novacolorpaint.com","Nova Color","3.3%"
123377,"sonusleep.com","SONU Sleep","2%"
123378,"store.flycatcher.toys","Flycatcher","3.3%"
123379,"rebootandco.com","Reboot","9.8%"
123381,"missionmightyme.com","Mission MightyMe","3.3%"
123382,"iottie.com","iOttie","3.3%"
123392,"flexinail.org","FlexiNail","9.8%"
123393,"ourcamwell.com","CamWell","13%"
123395,"therafitshoe.com","Therafit Shoe","6.5%"
123399,"buddhastoneshop.com","Buddha Stones","16.3%"
123402,"hovsco.com","Hovsco","4.6%"
123409,"smartsheepdryerballs.com","Smart Sheep Dryer Balls","13%"
123411,"loveisarose.com","LoveIsARose.com","6.5%"
123418,"hockeymonkey.com","HockeyMonkey","3.3%"
123422,"latestbedding.com","Latest Bedding","5.2%"
123434,"apothekeco.com","Apotheke","9.8%"
123439,"cetralight.com","Alimia","5.2%"
123439,"alimiahair.com","Alimia","5.2%"
123439,"alimialight.com","Alimia","5.2%"
123448,"winniespicks.com","Winnie's Picks","6.5%"
123468,"thequiltkeeper.com","The Quilt Keeper","6.5%"
123470,"iwipeout.com","Triple Eight Distribution","6.5%"
123470,"triple8.com","Triple Eight Distribution","6.5%"
123476,"bridgeandburn.com","Bridge & Burn","6.5%"
123478,"beautyforever.com","Beauty Forever","5.2%"
123569,"shop.thedairyfairy.com","The Dairy Fairy","0.7%"
123569,"thedairyfairy.com","The Dairy Fairy","0.7%"
123571,"thetherapywrap.com","The Therapy Wrap","3.3%"
123585,"wildspiritfragrances.com","Wild Spirit Fragrances","6.5%"
123707,"mycarote.com","CAROTE","6.5%"
123708,"bagsmart.com","Bagsmart","6.5%"
123709,"oedro.com","Oedro","4.6%"
123715,"spothero.com","Spot Hero","2%"
123717,"evermill.com","Evermill","0.7%"
123719,"noxgear.com","Noxgear","2.6%"
123722,"curveez.com","CURVEEZ","6.5%"
123723,"oclean.com","Oclean","6.5%"
123730,"amperetime.com","Li Time","3.3%"
123730,"litime.com","Li Time","3.3%"
123733,"peacelily.com","Peacelily","4.6%"
123735,"3dprinteraccessories.shop","3d Printer Accessories","5.2%"
123735,"mintion.net","3d Printer Accessories","5.2%"
123738,"bigforkbrands.com","Big Fork Brands","6.5%"
123745,"glacierfreshfilter.com","Glacierfresh","3.3%"
123754,"headspace.com","Headspace","13%"
123762,"laco-watches.com","Laco","3.3%"
123767,"esacertificate.org","ESA Certificate","13%"
123790,"earthlyco.ca","Earthly Co.","9.8%"
123795,"glamermaid.com","Glamermaid","6.5%"
123796,"betterboat.com","Better Boat","7.8%"
123840,"mynuface.com","NuFace","3.9%"
123845,"simplyhealthchecks.com","Simply Health Checks","6.5%"
123845,"simplysensitivitychecks.com","Simply Health Checks","6.5%"
123861,"fableengland.com","Fable England","2.6%"
123877,"petfriendlybox.com","PetFriendly","13%"
123878,"omegajuicers.com","Omega","5.2%"
123880,"gelato.com","Gelato","$7.80"
123881,"harrys.com","Harry's","4.6%"
123950,"glassesusa.com","GlassesUSA.com","1.6%"
123951,"sanitas-skincare.com","Sanitas Skincare","3.3%"
123955,"hismileteeth.com","HiSmile","11.7%"
123955,"us.hismileteeth.com","HiSmile","11.7%"
123956,"watchwarehouse.com","Watch Warehouse","1.3%"
123965,"mypaume.com","Paume","0.7%"
124180,"goodgoodbrand.com","Good Good","6.5%"
124180,"goodgood.net","Good Good","6.5%"
124186,"craftsports.us","Craft Sportswear","5.2%"
124191,"bartesian.com","Bartesian","$9.75"
124198,"level8cases.com","LEVEL8","6.5%"
124199,"laurennicole.com","Lauren Nicole","6.5%"
124204,"mullybox.com","Mullybox","6.5%"
124204,"mymully.com","Mullybox","6.5%"
124211,"mythirdandmain.com","Third & Main","5.2%"
124224,"buziolife.com","Buzio","9.8%"
124229,"eblofficial.com","EBLOfficial","6.5%"
124233,"highrcollective.com","HIGHR Collective","13%"
124271,"kombuchakamp.com","Kombucha Kamp","3.3%"
124279,"movichhotels.com","Movich Hotels","3.9%"
124281,"mphotels.com","MP Hotels","3.9%"
124282,"mexicograndhotels.com","Mexico Grand Hotels","3.9%"
124283,"safihotel.com","Safi Hotel","3.9%"
124327,"cookingsteels.com","Cooking Steels","6.5%"
124329,"moksha.site","Moksha","19.5%"
124330,"olivenorma.com","Olivenorma","13%"
124337,"lustreclearskin.com","Lustre Clearskin","3.3%"
124338,"wigglekingdom.com","Wiggle Kingdom","7.8%"
124341,"azaria.com","Azaria","6.5%"
124346,"yourbridebox.com","Yourbridebox.com","6.5%"
124483,"vtxwheels.com","VTX Wheels","3.3%"
124486,"ameolife.com","Ameo Life","4.6%"
124488,"funwaterboard.com","Funwater","6.5%"
124492,"everest.com","Everest","4.9%"
124509,"dwarvesshoes.com","Dwarves","5.2%"
124512,"tipxy.com","TIPXY","3.3%"
124517,"myfaceswimsuit.com","My Face Swimsuit","3.3%"
124518,"photoboxer.com","Photoboxer","3.3%"
124519,"facesocksusa.com","Face Socks","3.3%"
124520,"canvascultures.com","Canvas Cultures","9.8%"
124525,"pillowpops.com","Pillowpops","7.8%"
124537,"myspotifyglass.com","My Spotify Glass","6.5%"
124538,"ipowerqueen.com","Power Queen","3.9%"
124539,"veehoo.com","Veehoo","6.5%"
124540,"myphotowallet.com","My Photo Wallet","6.5%"
124545,"fytoo.com","FYTOO","5.2%"
124549,"crealityfalcon.com","CrealityFalcon","3.9%"
124562,"p1travel.com","P1 Travel","2%"
124567,"wildone.com","Wild One","6.5%"
124593,"soldejaneiro.com","Sol de Janeiro","5.2%"
124594,"shopskinnyconfidential.com","The Skinny Confidential","2%"
124607,"raddishkids.com","Raddish Kids","19.5%"
124613,"mariobadescu.com","Mario Badescu","5.2%"
124621,"scandinavianbiolabs.co.uk","Scandinavian Biolabs","13%"
124623,"rmsbeauty.com","RMS Beauty","3.3%"
124624,"pixiemood.com","Pixie Mood","13%"
124625,"saje.com","Saje Wellness","6.5%"
124826,"shop.callofduty.com","Call of Duty League Store","3.3%"
124826,"callofduty.com","Call of Duty League Store","3.3%"
124830,"glimmergoddess.com","GlimmerGoddess","9.8%"
124831,"hillbergandberk.com","Hillberg&Berk","2.6%"
124836,"distilunion.com","Distil Union","3.9%"
124846,"moco.com","MO&Co","8.1%"
124846,"en.moco.com","MO&Co","8.1%"
124849,"apolloliftus.com","APOLLOLIFT","3.9%"
124853,"vmathome.com","V-MAT","6.5%"
124869,"groovebags.com","Groove Bags","6.5%"
124914,"thewodlife.com.au","The WOD Life","3.3%"
124914,"twl.com.au","The WOD Life","3.3%"
124917,"triple-t-studios.com","Triple T Studios","7.8%"
124922,"vibrantbodycompany.com","Vibrant Body","19.5%"
124923,"artphotolimited.com","ArtPhotoLimited","2%"
124929,"bogsfootwear.com","Bogs Footwear","3.3%"
124930,"thestrat.com","The STRAT Hotel","5.2%"
124959,"lilacst.com","Lilac St","3.3%"
124963,"build.com","Build with Ferguson","2%"
124993,"shinysmileveneers.com","Shiny Smile Veneers","3.9%"
125007,"enchroma.com","EnChroma","5.2%"
125315,"gigatechonline.com","Gigatech Online","3.3%"
125316,"rwlasvegas.com","Resorts World","1.3%"
125327,"kimtrue.com","KimTrue","9.8%"
125338,"shopapexel.com","Shop APEXEL","$3.25"
125340,"laserpecker.net","Laser Pecker","3.3%"
125342,"ravefix.com","Rave Fix","6.5%"
125386,"westbend.com","West Bend","5.2%"
125396,"yonanas.com","Yonanas","5.2%"
125397,"vigorpool.com","Vigor Pool","4.6%"
125398,"excaliburdehydrator.com","Excalibur Dehydrator","5.2%"
125400,"salteasloth.com","SalTea Sloth","6.5%"
125411,"dentkits.com","Dent Kits","6.5%"
125449,"piquelife.com","Pique Life","13%"
125449,"piquetea.com","Pique Life","13%"
125454,"stand4socks.com","Stand 4 Socks","3.3%"
125455,"modamia.com","ModaMia","5.2%"
125467,"ivhoody.com","HEAL Fashion","6.5%"
125468,"fioboc.com","Fioboc","2%"
125472,"hifreya.com","Freya","6.5%"
125474,"wildoakboutique.com","Wild Oak Boutique","3.3%"
125530,"clearwellness360.com","Clear Probiotics","6.5%"
125530,"clearprobiotics.com","Clear Probiotics","6.5%"
125532,"modaoperandi.com","Moda Operandi","2.6%"
125595,"elihome.com","Elihome","5.2%"
125599,"minus33.com","Minus33","3.9%"
125600,"clmbr.com","CLMBR","3.6%"
125607,"gir.co","GIR","9.8%"
125608,"letterfolk.com","Letter Folk","7.8%"
125782,"nativepet.com","Native Pet","3.9%"
125783,"glass.com","Glass.com","$6.50"
125785,"jacksflightclub.com","Jack's Flight Club","13%"
125794,"iubenda.com","Iubenda","26%"
125825,"brainpop.com","BrainPOP","$6.50"
125831,"artizanjoyeria.com","Artizan Joyeria","2%"
125835,"kimcmarket.com","Kim'C Market","6.5%"
126055,"revcook.com","Revolution Cooking","2.6%"
126057,"aquaroobabycarrier.com","Aquaroo","6.5%"
126065,"homelectrical.com","HomElectrical.com","5.2%"
126071,"uklash.com","UKLASH","3.3%"
126081,"affinitycellular.com","Affinity Cellular","$26.00"
126103,"us.bigmaxgolf.com","BIG MAX Golf","0.3%"
126107,"parisrhone.co","Paris Rhone","6.5%"
126107,"parisrhone.com","Paris Rhone","6.5%"
126108,"anyhill.com","Any Hill","3.9%"
126110,"hisea.com","HISEA","5.2%"
126119,"thecenteredstudentplanner.com","The Centered Student LLC","6.5%"
126120,"bostonscally.com","Boston Scally Co.","1.3%"
126121,"emeet.com","EMEET","7.8%"
126127,"pillowpia.com","PILLOWPIA","6.5%"
126128,"proofnomore.com","Proof No More","5.2%"
126133,"dupray.com","Dupray","6.5%"
126139,"ursime.com","Ursime","1.3%"
126166,"skincallco.com","Brandefy","9.8%"
126166,"brandefyskin.com","Brandefy","9.8%"
126170,"liforme.com","Liforme","3.3%"
126175,"wholesalemarine.com","Wholesale Marine","0.7%"
126185,"openmityromance.com","OpenMity Romance","6.5%"
126195,"lojel.com","LOJEL","5.2%"
126195,"us.lojel.com","LOJEL","5.2%"
126197,"paternitylab.com","Paternity Lab","19.5%"
126198,"curology.com","Curology","$6.50"
126202,"buythermopro.com","Thermopro","13%"
126204,"chemistconfessions.com","Chemist Confessions Inc.","9.8%"
126296,"antonymorato.com","Antony Morato","4.6%"
126320,"primapave.com","Prima Pave","5.2%"
126346,"givelegacy.com","Legacy","2%"
126349,"itzyritzy.com","Itzy Ritzy","3.3%"
126476,"itoolab.com","iTooLab","32.5%"
126477,"learnfrenchwithalexa.com","Learn French With Alexa","2.6%"
126479,"husbandpillow.com","Husband Pillow","6.5%"
126480,"simplicityvac.com","Simplicity Vacuums","2.6%"
126489,"oscardeen.com","Oscar Deen","6.5%"
126497,"gxpump-us.com","GX PUMP INC","2%"
126503,"imthecheftoo.com","I'm The Chef Too!","2%"
126506,"acaderma.com","Acaderma","9.8%"
126511,"smileie.com","Smileie Inc","5.2%"
126512,"innocn.com","Inno Cn","3.3%"
126514,"retrolifeplayer.com","Retro Life Player","9.8%"
126520,"lamsonproducts.com","Lamson Products","4.6%"
126522,"jovs.com","JOVS Beauty","3.3%"
126531,"jobtestprep.com","JobTestPrep","19.5%"
126561,"rinseroo.com","Rinseroo","6.5%"
126565,"iwalkmall.com","iWALK","13%"
126565,"iwalkworld.com","iWALK","13%"
126569,"merlincycles.com","Merlin Cycles","2%"
126570,"elcid.com","El Cid","3.9%"
126577,"palladiumboots.com","Palladium Boots","0.7%"
126608,"us.jonesbootmaker.com","Jones Bootmaker","0.7%"
126609,"getsmarter.com","GET SMARTER","9.8%"
126636,"cometeer.com","Cometeer","3.3%"
126638,"habausa.com","HABA USA","4.6%"
126646,"neuroencoding.com","The Neuroencoding Institute","6.5%"
126674,"mindmanager.com","Mind Manager","9.8%"
126676,"northernreflections.com","Northern Reflections","2.6%"
126681,"fathead.com","Fathead","5.2%"
126684,"b-lowthebelt.com","B-Low The Belt","6.5%"
126689,"prioriskincare.com","Priori Adaptive Skincare","9.8%"
126850,"enviromedica.com","Enviromedica","5.2%"
126853,"faithheart-jewelry.com","Faith Heart","9.8%"
126854,"mirandafrye.com","Miranda Frye","6.5%"
126867,"ekrauto.com","EKR auto","3.3%"
126868,"fairrc.com","Fair RC","3.3%"
126884,"guiltypaws.com","Guilty Paws","9.8%"
126893,"beyondrecovery.com","Beyond Recovery","13%"
126908,"visitsealife.com","Sea Life","1.3%"
126923,"shop.theskindeep.com","The Skin Deep","1.3%"
126923,"theskindeep.com","The Skin Deep","1.3%"
126928,"dazuma.us","Dazuma","3.3%"
126930,"orlonutrition.com","Orlo Nutrition","13%"
126936,"rustedorange.com","Rusted Orange Craftworks Co.","2.6%"
126938,"jnlnaturals.com","J&L Naturals","6.5%"
126992,"watier.com","Watier","5.9%"
127348,"frankdarling.com","Frank Darling","1.3%"
127349,"marcelle.com","Marcelle","2.6%"
127350,"flycurvy.com","Flycurvy","3.9%"
127350,"us.buybestgear.com","Flycurvy","3.9%"
127351,"greenwatersports.com","Green Water Sports","2%"
127352,"westpaw.com","West Paw","3.3%"
127354,"iclever.com","iClever","5.2%"
127355,"signnow.com","SignNow","$650.00"
127361,"bigislandcoffeeroasters.com","Big Island Coffee Roasters","0.7%"
127363,"thefitville.com","FitVille","6.5%"
127365,"eagle.cool","Eagle","19.5%"
127371,"monumentgrills.com","Monument Grills","2%"
127374,"selenichast.com","Selenichast","3.3%"
127380,"laifentech.com","Laifen","5.2%"
127401,"focusercarving.com","Focuser Carving","13%"
127402,"theberkelworld.com","Berkel","4.2%"
127404,"iproyal.com","IPRoyal","9.8%"
127407,"nexbelt.com","Nexbelt","6.5%"
127410,"coregamingusa.com","CORE Gaming","5.2%"
127412,"lucidsound.com","LucidSound","6.5%"
127414,"powera.com","PowerA","3.3%"
127415,"thebeardclub.com","The Beard Club","3.3%"
127416,"radioflyer.com","Radio Flyer","2%"
127416,"flyer.radioflyer.com","Radio Flyer","2%"
127453,"vlandshop.com","VLAND","3.3%"
127458,"quordlepuzzles.com","Quordle Puzzles","13%"
127467,"venustasofficial.com","Venustas","6.5%"
127468,"grabieart.com","Dream Chasing Technology","0.3%"
127468,"grabie.cc","Dream Chasing Technology","0.3%"
127477,"hokolite.com","Hokolite","6.5%"
127478,"justyling.com","Justyling","6.5%"
127479,"plantx.com","PlantX","6.5%"
127483,"crazydomains.com","Crazy Domains","13%"
127490,"hardaddy.com","Hardaddy","7.8%"
127499,"analanpet.com","Analan affiliate program","6.5%"
127512,"shesaidyes.com","Shesaidyes Jewelry","3.3%"
127515,"redfinpolarized.com","RedFin Polarized","6.5%"
127522,"smafan.com","smafan Outlet","4.6%"
127523,"avyaskincare.com","AVYA Skincare","13%"
127530,"hacknerhome.com","Hackner Home","3.9%"
127535,"healthyhumanlife.com","Healthy Human Life","9.8%"
127537,"bubbablade.com","Bubba","4.6%"
127537,"bubba.com","Bubba","4.6%"
127540,"zoppinh.com","Zoppinh","6.5%"
127541,"proears.com","Pro Ears","5.2%"
127577,"harmlessharvest.com","Harmless Harvest","5.2%"
127602,"ravesports.com","Rave Sports","3.3%"
127603,"thetiebar.com","The Tie Bar","2.6%"
127759,"businesswatchnetwork.com","BusinessWatch Webinars","26%"
127760,"iscooterglobal.com","iScooter","2%"
127762,"xendoo.com","Xendoo","$325.00"
127763,"freshvinewine.com","Fresh Vine Wine","6.5%"
127768,"boxcomponents.com","Box Components","3.3%"
127773,"thexebec.com","Xebec","5.2%"
127778,"montway.com","Montway Auto Transport","$22.75"
127779,"ultraceuticals.com","Ultraceuticals","3.9%"
127781,"collectionsetc.com","Collections Etc.","3.3%"
127782,"giftsdirect.com","GiftsDirect","1.3%"
127788,"aboutvintage.com","About Vintage","1.3%"
127793,"frankbros.com","FrankBros","4.6%"
127797,"irockersup.com","iROCKER","2%"
127798,"walkingpad.com","WalkingPad","7.8%"
127803,"headbangerlures.com","Headbanger Lures","6.5%"
127808,"extranomical.com","Extranomical Tours","3.3%"
127809,"canisathlete.com","Canis Athlete","2%"
127812,"tribest.com","Tribest","6.5%"
127816,"us.merrypeople.com","Merry People","3.9%"
127816,"merrypeople.com","Merry People","3.9%"
127818,"thesleepreset.com","Sleep Reset","$0.65"
127820,"rachelriley.com","Rachel Riley","6.5%"
127823,"waveyewear.com","Wave Eyewear","6.5%"
127824,"us.snapmaker.com","Snapmaker","3.3%"
127831,"unique-vintage.com","UniqueVintage","4.6%"
127835,"olliejayofficial.com","Ollie Jay","6.5%"
127836,"unrealsnacks.com","Unreal Brands","3.3%"
127837,"nickel-designs.com","Nickel Designs Doormats","5.2%"
128103,"getmegiddy.com","Giddy","10.4%"
128109,"meatyourmaker.com","Meat! Your Maker","4.6%"
128110,"coastlineacademy.com","Coastline Academy","19.5%"
128118,"fayettechill.com","Fayettechill","5.2%"
128126,"us.meyer.com","Meyer Brand Cookware","2.6%"
128127,"villeroy-boch.ca","Villeroy & Boch","3.3%"
128128,"theoutset.com","The Outset by Scarlett Johansson","3.3%"
128130,"aarp.com","AARP","$16.25"
128130,"info.aarp.org","AARP","$16.25"
128130,"aarp.org","AARP","$16.25"
128132,"pedalelectric.com","PEDAL Electric","3.3%"
128136,"shoppri.com","PRI","6.5%"
128137,"shopatlasgrey.com","Atlas Grey","3.9%"
128140,"diet.mayoclinic.org","Mayo Clinic Diet","13%"
128143,"purrandmutt.com","Purr and Mutt","9.8%"
128169,"leftonhome.com","Lefton Home","5.2%"
128179,"shinery.com","Shinery","6.5%"
128188,"marcnolan.com","Marc Nolan Create","1.3%"
128189,"kingsyard.com","Kingsyard","3.9%"
128190,"iaohi.com","AOHI","13%"
128193,"woolzies.com","Woolzies","3.9%"
128200,"sirenasystem.com","Sirena Inc","1.3%"
128203,"royceandrocket.com","Royce and Rocket","6.5%"
128206,"syncwire.com","SYNCWIRE","13%"
128208,"zonlihome.com","Zonli Home","3.3%"
128217,"joyin.com","Joyin","7.8%"
128366,"anydesk.com","AnyDesk","13%"
128369,"h-proof.com","H-PROOF","6.5%"
128370,"creality3dofficial.com","CrealityOnlineStore","3.3%"
128371,"c2coi.com","C2COI","4.6%"
128375,"geekompc.com","Geekom","1.3%"
128383,"patriothealth.com","Patriot Health","13%"
128390,"theorganicskinco.com","The Organic Skin","7.8%"
128391,"alleviatetherapy.com","Alleviate Therapy","6.5%"
128397,"foxalien.com","FoxAlien","3.3%"
128406,"kanzenknives.com","Kanzen Knives","6.5%"
128407,"velotricbike.com","Velotric","4.6%"
128412,"featherstoneoutdoor.com","Featherstone","7.8%"
128414,"francesvalentine.com","Frances Valentine","5.2%"
128418,"silverbiotics.com","Silver Biotics","7.2%"
128423,"katherinecosmetics.com","Katherine Cosmetics","9.8%"
128442,"linenhouse.com","Linen House","3.3%"
128445,"us.nakedsundays.com","Naked Sundays","2.6%"
128449,"ellaola.com","EllaOla","6.5%"
128456,"robertbarakett.com","Robert Barakett","2.6%"
128468,"smartpiano.com","The ONE Music Group","5.2%"
128618,"cake-stuff.com","Cake Stuff","3.3%"
128620,"shop.bricktastics.com","Bricktastics","9.8%"
128620,"bricktastics.com","Bricktastics","9.8%"
128644,"areygrey.com","Arey","0.7%"
128646,"vintageelectricbikes.com","Vintage electric bikes","2%"
128652,"sihoooffice.com","SIHOO","5.2%"
128655,"chitaliving.com","Chita Living","2%"
128656,"asobubottle.com","Asobu","6.5%"
128657,"projectcasting.com","Project Casting","13%"
128908,"waxbuffalo.com","Wax Buffalo","6.5%"
128954,"ecosmetics.com","eCosmetics.com","5.2%"
128956,"blokwatches.com","Blok Watches","13%"
128959,"livenobs.com","Live No BS","3.3%"
128961,"omysalon.com","OmySalon","0.7%"
128968,"unlockyourvoice.online","Unlock Your Voice","24.7%"
128981,"littlepoppyco.com","Little Poppy Co","19.5%"
128986,"upperbags.com","Upperbags","13%"
128990,"huttonboots.com","Hutton Europe","$19.50"
128991,"cradlewise.com","Cradlewise","$32.50"
128998,"arylic.com","Arylic","6.5%"
129011,"vivohome.com","VIVOHOME","7.8%"
129021,"aoonuauto.com","AoonuAuto","6.5%"
129024,"crazyneon.com","Crazy Neon","5.2%"
129031,"reallygoodboxedwine.com","Really Good Boxed Wine","9.8%"
129032,"protocol-lab.com","Protocol","13%"
129043,"toughmotherbrand.com","Tough Mother","6.5%"
129056,"foodservicedirect.com","Food Service Direct","2%"
129067,"waterflys.myshopify.com","Waterfly","9.8%"
129067,"waterflyshop.com","Waterfly","9.8%"
129073,"collectiveretreats.com","Collective Retreats","3.3%"
129206,"marmot.com","Marmot","3.9%"
129245,"lealfre.com","Le Alfre","6.5%"
129246,"charbroil.com","Char-Broil","2%"
129247,"joyrideharness.com","Joyride Harness","7.8%"
129258,"app.plai.io","Plai","26%"
129276,"dmc.com","DMC","3.3%"
129294,"us.katthelabel.com","Kat the Label","3.3%"
129295,"powerstep.com","PowerStep","3.3%"
129299,"mylivlit.com","LIVLIT","7.8%"
129388,"sollensium.com","Sollensys","$1.95"
129418,"myshinyjewel.com","My Shiny Jewel","5.2%"
129682,"tikibrand.com","TIKI Brand","3.3%"
129683,"nommaternity.com","NOM Maternity","5.2%"
129684,"hopwtr.com","HOPWTR","13%"
129690,"cityexperiences.com","City Experiences","7.8%"
129696,"timekettle.co","Timekettle","6.5%"
129699,"gog.com","GOG","3.9%"
129700,"nh-hotels.com","NH Hotel Group","3.9%"
129701,"hayabusafight.com","Hayabusa Fight","2%"
129714,"zerowater.com","Culligan ZeroWater","6.5%"
130064,"hibeautifulyou.com","Hi Beautiful You","13%"
130065,"shopparrotfish.com","Parrotfish","9.8%"
130078,"bentgo.com","Bentgo","6.5%"
130081,"hitbalm.com","Hit Balm","4.6%"
130085,"lbedesign.com","LBE Design","6.5%"
130086,"stayhomebody.com","Homebody","5.2%"
130090,"bobblegifts.com","Bobblegifts","3.9%"
130093,"jbtools.com","JB Tools","0.7%"
130105,"orbitkey.com","Orbitkey","6.5%"
130106,"callie.com","Callie","2%"
130140,"oglmove.com","OGL","6.5%"
130149,"sportcompactwarehouse.com","Sport Compact Warehouse","2.6%"
130150,"colorfulkoala.com","Colorfulkoala","6.5%"
130160,"winkcosplay.com","Winkcosplay","5.2%"
130219,"thighsociety.com","Thigh Society","6.5%"
130226,"ejools.com","Ejools","9.8%"
130227,"us.stepone.life","Step One","3.3%"
130254,"winegard.com","Winegard","3.3%"
130261,"keepersecurity.com","Keeper Security","6.5%"
130667,"gemjoy.com","Gem Joy","3.3%"
130672,"anthemionflowers.com","Anthemion Flowers","5.2%"
130682,"tesororesorts.com","Tesoro Hotels & Resorts","2.6%"
130684,"humanity.health","Humanity","39%"
130687,"cheapflightsfares.com","Cheapflightsfares","$5.20"
130689,"metabolic.com","Metabolic","0.7%"
130728,"us.wholee.sale","Wholee","6.5%"
130741,"allbetterco.com","All Better Co.","6.5%"
130754,"roomzzz.com","Roomzzz Aparthotels","3.3%"
130858,"mannkitchen.com","MÄNNKITCHEN","2.6%"
130862,"educative.io","Educative","13%"
130864,"kachava.com","Ka'Chava","5.2%"
130869,"alphaleteathletics.com","Alphalete Athletics","3.3%"
130871,"naturemade.com","NatureMade","13%"
130874,"chipolo.net","Chipolo","3.3%"
130875,"wellbefore.com","WellBefore","6.5%"
130875,"honestppe.supply","WellBefore","6.5%"
130882,"arcstudiopro.com","Arc Studio","$6.50"
130883,"carrieelizabeth.co.uk","Carrie Elizabeth","2.6%"
130884,"roark.com","Roark","6.5%"
130890,"orcacoolers.gathroutdoors.com","ORCA","3.3%"
130890,"orcacoolers.com","ORCA","3.3%"
130907,"cowaymega.com","Coway","2%"
130909,"momcozy.com","Momcozy","5.9%"
130912,"totwooglobal.store","Totwoo","6.5%"
130917,"hototools.com","HOTO Tools","6.5%"
130919,"cinepolisusa.com","Cinepolis Luxury Cinemas","1.6%"
130930,"nutreecosmetics.com","Nutree Cosmetics","7.2%"
130931,"akarali.com","Akarali","9.8%"
130986,"slatemilk.com","Slate Milk","3.3%"
130987,"femiclear.com","FemiClear","6.5%"
130989,"theouai.com","OUAI","1.3%"
130991,"shop.auctmarts.com","Auctmarts","6.5%"
130999,"iniushop.com","INIU","7.8%"
131002,"signlanguage101.com","Sign Language 101","6.5%"
131007,"5hourenergy.com","5-Hour Energy","5.2%"
131013,"builtbyswift.com","Swift Industries","4.6%"
131014,"destira.com","Destira","6.5%"
131018,"air-robo.com","Airrobo","6.5%"
131019,"asjmreye.com","ASJMREYE","2.6%"
131021,"rest.com","Rest Duvet","4.6%"
131021,"restduvet.com","Rest Duvet","4.6%"
131029,"shoplapointe.com","LAPOINTE","13%"
131030,"eatresist.com","Resist Nutrition","9.8%"
131030,"resistnutrition.com","Resist Nutrition","9.8%"
131083,"airdroid.com","AirDroid","22.8%"
131086,"airserbia.com","Air Serbia","0.7%"
131087,"winzip.com","WinZip","9.8%"
131088,"roboform.com","RoboForm","19.5%"
131090,"worx.com","Worx","3.3%"
131091,"chubbiesshorts.com","Chubbies","2%"
131093,"theinkeylist.com","The Inkey List","3.3%"
131094,"mymms.com","M&Ms","3.9%"
131094,"mms.com","M&Ms","3.9%"
131095,"wickedweasel.com","Wicked Weasel","6.5%"
131096,"blueair.com","Blueair","1.3%"
131111,"pcmatic.com","PC Matic","3.3%"
131404,"sealy.com","Sealy","3.9%"
131421,"wheelhero.com","Wheel Hero","4.2%"
131422,"stearnsandfoster.com","Stearns & Foster","1.3%"
131426,"clarev.com","Clare V","3.9%"
131432,"eonon.com","Eonon","2%"
131434,"culturelle.com","Culturelle Probiotics","3.9%"
131437,"us.thrudark.com","Thrudark","9.8%"
131440,"suncentauto.com","SuncentAuto","0.7%"
131441,"gweikecloud.com","GweikeCloud","5.2%"
131441,"shop.gweikecloud.com","GweikeCloud","5.2%"
131478,"circledna.com","CircleDNA","5.2%"
131484,"kikkerland.com","Kikkerland Design","6.5%"
131486,"nomnomnow.com","Nom Nom","13%"
131560,"rhinorack.com","Rhino-Rack","3.3%"
131561,"usserviceanimals.org","US Service Animals","16.3%"
131576,"thinktankphoto.com","thinkTANK","6.5%"
131579,"shieldyourbody.com","Shield Your Body","2.6%"
131582,"twotrees3dofficial.com","TwoTrees","3.9%"
131583,"puravidabracelets.com","Pura Vida Bracelets","3.9%"
131595,"gcioutdoor.com","Gathr Outdoors","5.2%"
131595,"gathroutdoors.com","Gathr Outdoors","5.2%"
131595,"gcioutdoor.gathroutdoors.com","Gathr Outdoors","5.2%"
131598,"truff.com","Truff","6.5%"
131598,"truffhotsauce.com","Truff","6.5%"
131606,"lulasgarden.com","Lula's Garden","3.9%"
131649,"thefiveshotels.com","The Fives Hotels","2.6%"
131665,"catofashions.com","Cato Fashions","2.6%"
131666,"cjs-cdkeys.com","CJS-CDKeys","3.3%"
131671,"asreb.com","Arizona School of Real Estate & Business","3.9%"
131913,"turbotenant.com","TurboTenant","$26.00"
131914,"designeroptics.com","Designer Optics","2%"
131916,"extraholidays.com","Extra Holidays","6.5%"
131954,"humanscale.com","Humanscale","2%"
131957,"frankbody.com","Frank Body","6.5%"
131959,"levoit.com","Levoit","6.5%"
131964,"ballwash.com","Ballsy","6.5%"
131965,"raid-it.com","Raid IT","4.6%"
132029,"vaned.com","VanEd","9.8%"
132030,"virginexperiencegifts.com","Virgin Experience Gifts","3.3%"
132036,"emijay.com","Emi Jay","3.3%"
132095,"exoticindiaart.com","Exotic India","6.5%"
132107,"thereadystate.com","The Ready State","6.5%"
132108,"grillagrills.com","Grilla Grills","3.9%"
132114,"mnml.la","mnml","1.3%"
132115,"grownbrilliance.com","Grown Brilliance","2.6%"
132122,"stardock.com","Stardock","16.3%"
132132,"yak-power.com","Yak Power","6.5%"
132140,"shargeek.com","Sharge","5.2%"
132232,"limelush.com","Lime Lush","0.7%"
132238,"mythermoflask.com","ThermoFlask","3.6%"
132246,"shop.oldrow.net","Old Row","6.5%"
132249,"toys.hape.com","Hape","13%"
132255,"r13.com","R13","3.3%"
132258,"samebike.com","SameBike","5.2%"
132258,"samebike.store","SameBike","5.2%"
132259,"luxebidet.com","Luxe Bidet","9.8%"
132278,"tires-easy.com","Tires-Easy","3.3%"
132282,"nestorliquor.com","Nestor Liquor","$6.50"
132283,"bubsnaturals.com","BUBS Naturals","6.5%"
132341,"freshwaveworks.com","Fresh Wave","3.9%"
132343,"creativecrayonsworkshop.com","Creative Crayon Workshop","9.8%"
132344,"jamesmichelle.com","James Michelle","13%"
132346,"flextail.com","Flextail","6.5%"
132352,"jshotels.com","JS Hotels","4.6%"
132359,"barabasmen.com","Barabas","3.3%"
132363,"lumarysmart.com","Lumary","8.6%"
132367,"gardeninminutes.com","Garden In Minutes","5.2%"
132370,"truniagen.com","Tru Niagen","5.2%"
132376,"janewinchester.com","Jane Win","1.3%"
132376,"janewin.com","Jane Win","1.3%"
132379,"poolpartstogo.com","Pool Parts To Go","2%"
132381,"goinggoinggone.com","Going, Going, Gone!","2.6%"
132382,"urbanambiance.com","Urban Ambiance","3.3%"
132390,"gradprep.com","Grad Prep","0.7%"
132491,"dreo.com","Dreo","6.5%"
132495,"jsdentallab.com","JS Dental Lab","$13.00"
132496,"rezoia.com","Rezoia","6.5%"
132496,"lazecca.com","Rezoia","6.5%"
132497,"giddyhealth.com","Healthy Life Supplements","48.8%"
132497,"healthylifesupplements.com","Healthy Life Supplements","48.8%"
132501,"procolored.com","Procolored","2%"
132505,"en.beachscape.com.mx","Beachscape Kin Ha Villas","2.6%"
132509,"riccar.com","Riccar","1.3%"
132511,"humancentric.com","Human Centric","6.5%"
132512,"shopwayre.com","Wayre","0.7%"
132518,"anastasiabeverlyhills.com","Anastasia Beverly Hills","3.3%"
132538,"copamarina.com","Copamarina Beach Resort & Spa","3.9%"
132546,"artnglow.com","Art N' Glow","6.5%"
132558,"empowerdxlab.com","EmpowerDX","4.6%"
132560,"awolvision.com","AWOL Vision","2%"
132608,"scalesgear.com","Scales Gear","7.8%"
132615,"joyfy.com","Joyfy","7.8%"
132616,"fluxfootwear.com","Flux Footwear","0.3%"
132625,"neutypechic.com","Neutypechic","6.5%"
132627,"boosterss.com","Boosterss","13%"
132627,"boosterfit.com","Boosterss","13%"
132628,"aquatruwater.com","AquaTru","2.6%"
132629,"timeusbpower.com","TimeUSB","3.9%"
132644,"woolboxusa.com","Woolbox","3.6%"
132661,"custoarmor.com","Custoarmor","6.5%"
132674,"popilush.com","Populish","9.1%"
132683,"thegrumpyoctopus.com","The Grumpy Octopus","6.5%"
132690,"hipastore.com","Hipa","3.9%"
132696,"soma.com","SOMA","2%"
132739,"burga.com","Burga","6.5%"
132879,"antonline.com","antonline","1%"
132882,"usetemper.com","Temper","13%"
132882,"products.usetemper.com","Temper","13%"
132884,"ustgear.com","UST","4.6%"
132891,"inyouths.com","Inyouths","6.5%"
132892,"olleusa.com","Olle Gardens","5.2%"
132892,"ollegardens.com","Olle Gardens","5.2%"
133102,"alipearlhair.com","Alipearl","1.3%"
133105,"wigginshair.com","Wiggins Hair","1.6%"
133109,"yolissahair.com","Yolissa Hair","2%"
133110,"asteriahair.com","Asteria Hair","5.2%"
133111,"savethecat.com","Save the Cat!","6.5%"
133112,"tozostore.com","Tozo","9.8%"
133118,"carolinescakes.com","Caroline's Cakes","9.8%"
133119,"craftsmangolf.com","Craftsman Golf","6.5%"
133135,"zitawest.com","Zita West","6.5%"
133142,"fyta.com","Fyta","16.3%"
133143,"puremicronutrients.com","Pure Micronutrients","6.5%"
133205,"westmorebeauty.com","Westmore Beauty","13%"
133207,"linkmypet.com","Link","6.5%"
133208,"growattportable.com","Growatt","3.3%"
133214,"25home.com","25home","6.5%"
133229,"peacocktv.com","Peacock TV","$3.25"
133232,"zstacklife.com","Z-Stack","6.5%"
133233,"spotonfence.com","SpotOn Virtual Fence","4.3%"
133279,"tinybeans.com","Tinybeans","$8.45"
133280,"177milkstreet.com","Milk Street","2.6%"
133284,"dodoutdoors.com","DOD Outdoors","1.2%"
133285,"korfitness.com","Kor Fitness","13.7%"
133296,"remotecoworker.com","Remote CoWorker","$133.25"
133299,"wurthtool.com","Wurth Tool","3.3%"
133300,"linsy.com","Linsy Home","2%"
133300,"linsyhome.com","Linsy Home","2%"
133302,"qforquinn.com","Q for Quinn","3.3%"
133303,"medistik.com","Medistik","13%"
133306,"geetahair.com","GeetaHair","3.3%"
133307,"ervetbedding.com","Ervet","3.3%"
133310,"get.lollyscookiecamp.com","Lolly's Cookie Camp","6.5%"
133310,"lollyscookiecamp.com","Lolly's Cookie Camp","6.5%"
133351,"minicoders.com","Minicoders","$20.15"
133353,"gearhartschocolates.com","Gearharts Fine Chocolates","3.3%"
133354,"yogadesignlab.com","Yoga Design Lab","6.5%"
133359,"mezeaudio.com","Meze Audio","3.3%"
133374,"lepower-tec.com","Lepower","13%"
133374,"ilepower.com","Lepower","13%"
133375,"undefinedco.com","Undefined Beauty","6.5%"
133378,"ruko.net","Ruko","5.2%"
133387,"rbrohant.com","Rbrohant","3.3%"
133432,"scentdecant.com","Scent Decant","7.8%"
133438,"organic-dream.com","Organic Dream","3.3%"
133439,"agedandcharred.com","Aged & Charred","6.5%"
133480,"trifectanutrition.com","Trifecta","$13.00"
133481,"heartlandvetsupply.com","Heartland Vet Supply","3.9%"
133482,"wolfbox.com","Wolfbox","3.3%"
133484,"waistdear.com","Waistdear","5.2%"
133485,"quillingcard.com","Quilling Card","2.6%"
133529,"blackboxmeats.com","Blackbox Meats","2%"
133591,"syntechhome.com","Syntech","7.8%"
133592,"soocas.com","Soocas","9.8%"
133592,"usa.soocas.com","Soocas","9.8%"
133596,"charlotte-stone.com","Charlotte Stone","3.9%"
133598,"sweetology.com","Sweetology","6.5%"
133599,"shoplafleureclose.com","La Fleur Èclose","6.5%"
133600,"shop.peakbiome.com","Peak Biome","16.3%"
133611,"verilux.com","Verilux","3.3%"
133614,"amirobeauty.com","AMIRO","3.3%"
133622,"smartrike.com","SmarTrike","1.6%"
133683,"mygemma.com","my Gemma","3.3%"
133685,"thebodhidog.com","Bodhi Dog","13%"
133691,"vanpowers.com","Vanpowers Bike","7.8%"
133691,"vanpowers.bike","Vanpowers Bike","7.8%"
133692,"twopagescurtains.com","Two Pages Curtain","6.5%"
133696,"ybtoner.com","YB Toner","13%"
133706,"fishnure.com","Fishnure","16.3%"
133712,"shopbrabar.com","Bra Bar","3.3%"
133741,"lumaandleaf.com","Luma & Leaf","6.5%"
133788,"neonchamp.com","Neon Champ","0.7%"
133796,"wyze.com","Wyze","2.6%"
134119,"pjsalvage.com","P.J. Salvage","3.9%"
134160,"shiftkey.com","ShiftKey","$162.50"
134161,"greenworkstools.com","Greenworks Tools","3.9%"
134162,"remote.com","Remote","6.5%"
134163,"zendure.com","Zendure","5.2%"
134201,"updf.com","UPDF","9.8%"
134208,"logistimatics.com","Logistimatics","6.5%"
134212,"roamingman.com","GlocalMe","6.5%"
134212,"glocalme.com","GlocalMe","6.5%"
134218,"atoms.com","Atoms","3.9%"
134219,"sleepsutera.com","Sutera","6.5%"
134462,"arabellahair.com","Arabella Hair","7.8%"
134463,"bee-link.com","Beelink","1.3%"
134630,"icaschool.com","Inspection Certification Associates","4.6%"
134634,"palazzoversace.ae","Palazzo Versace","3.3%"
134732,"happyhealthyhippieco.com","Happy Healthy Hippie","6.5%"
134735,"apebornfitness.com","Ape Born","6.5%"
134759,"marathonsports.com","Marathon Sports","6.5%"
134763,"tweetfull.com","Tweetfull","$9.10"
134769,"beachbound.com","Beachbound","1.3%"
134770,"printsafari.com","PrintSafari.com","6.5%"
134777,"allaboutsuit.com","All About Suit","5.2%"
134793,"katia.com","Katia Yarns","13%"
134798,"sweetv.com","Sweetv","5.2%"
134801,"nadri.com","Nadri","2%"
134803,"spiritsandspice.com","Spirits & Spice","3.3%"
134811,"shopnaturescraft.com","Nature's Craft","11.7%"
134815,"fabulacoffee.com","Fabula Coffee","16.3%"
134836,"makespace.com","Clutter","$3.25"
134836,"clutter.com","Clutter","$3.25"
134840,"skullriderz.com","Skull Riderz","5.2%"
134848,"stream2sea.com","Stream2Sea","6.5%"
134903,"bernardofashions.com","Bernardo Fashions","3.3%"
134912,"eufora.net","Eufora","1.3%"
134925,"meadowlark-pets.com","Meadowlark","5.2%"
134927,"reneesreaders.com","Renee's Readers","5.2%"
134929,"alrska.com","Alrska","5.2%"
134930,"lastgameboard.com","Gameboard","$48.75"
134931,"zeagoo.com","Zeagoo","7.8%"
134963,"digitalocean.com","DigitalOcean","6.5%"
134965,"mindfulness.com","Mindfulness","19.5%"
134968,"thundermountainbikes.com","Thunder Mountain Bikes","4.6%"
134969,"actionheat.com","Action Heat","9.8%"
134973,"ecko.com","Ecko Unltd","2.6%"
135023,"heybike.com","Heybike","2%"
135027,"bisbykids.com","Bibsy","3.9%"
135035,"gourmetgiftbasketstore.com","Gourmet Gift Basket Store","6.5%"
135065,"medpeel.com","MedPeel","9.8%"
135065,"skin-peel.com","MedPeel","9.8%"
135071,"senior.com","Senior.com","2.6%"
135072,"cocoavia.com","CocoaVia","0.7%"
135073,"mosonatural.com","MosoNatural","3.3%"
135086,"donausa.com","DrNatura","6.5%"
135086,"drnatura.com","DrNatura","6.5%"
135957,"ipsy.com","Ipsy","$6.50"
136002,"adguard.com","AdGuard","32.5%"
136009,"flynas.com","Flynas","0.5%"
136119,"familytreedna.com","FamilyTreeDNA","2.6%"
136138,"learnsql.com","LearnSQL","19.5%"
136209,"acmemarkets.com","ACME Markets","0.7%"
136234,"christmas.gaylordhotels.com","Gaylord Hotels","2%"
136236,"modifyhealth.com","ModifyHealth","$5.20"
136237,"bark.us","Bark Parental Controls","$65.00"
136240,"airhelp.com","AirHelp","16.3%"
136327,"lillipad.com","Lillipad Work Solutions","2.6%"
136796,"skintificbeauty.com","Skintific Beauty","9.8%"
136796,"californialiving123.myshopify.com","Skintific Beauty","9.8%"
136798,"bahimi.com","Bahimi","9.8%"
136799,"epiphanie.co","Epiphanie","4.6%"
136799,"epiphanie-co.myshopify.com","Epiphanie","4.6%"
136913,"nypost.com","New York Post","$13.00"
136922,"voices.com","Voices Affiliates","32.5%"
137054,"aeternum.site","The Aeternum Company","6.5%"
137057,"electronics.sony.com","Sony Electronics","2%"
137099,"cognifit.com","CogniFit","5.2%"
137101,"printerval.com","PRINTERVAL","6.5%"
137152,"publiclands.com","Public Lands","2.6%"
137157,"beyondbody.me","Beyond Body","32.5%"
137163,"systweak.com","Systweak Software","32.5%"
137224,"1920-fashion-dress.myshopify.com","Retro Stage","14.3%"
137224,"retro-stage.com","Retro Stage","14.3%"
137234,"the3doodler.com","3Doodler","3.3%"
137248,"venus.com","VENUS","2.6%"
137305,"vertu.com","VERTU PHONE","5.2%"
137310,"beducated.com","Beducated","13%"
137320,"fit2run.com","Fit2Run","3.9%"
137324,"americanstandard-us.com","American Standard","5.2%"
137327,"cleoandcoco.com","Cleo+Coco","6.5%"
137332,"hibearoutdoors.com","Hibear","6.5%"
137332,"hibear.co","Hibear","6.5%"
137334,"joieuse.com","Joieuse","9.8%"
137335,"lochtree.com","Lochtree","9.8%"
137341,"sophieloujacobsen.com","Sophie Lou Jacobsen","6.5%"
137347,"uniwigs.com","UniWigs","3.3%"
137398,"shopcsb.com","Crop Shop Boutique","3.9%"
137398,"cropshopboutique.com","Crop Shop Boutique","3.9%"
137402,"bugmd.com","BugMD","9.8%"
137411,"lightailing.com","Lightailing","5.2%"
137489,"bioptimizers.com","BiOptomizers","22.8%"
137525,"withagency.com","Agency","$11.05"
137527,"trafft.com","Trafft","19.5%"
137533,"guideposts.org","Guideposts","6.5%"
137533,"shopguideposts.org","Guideposts","6.5%"
137544,"wham-o.com","Wham-O","5.2%"
137550,"hero.co","Hero Bread","2%"
137552,"austinair.com","Austin Air","3.3%"
137557,"sansmatin.com","SANS MATIN","3.3%"
137561,"spatarella.eu","Spatarella Shop","6.5%"
137562,"garage-organization.com","Garage Organization","2%"
137564,"megalook.com","Xu Chang Hua Shuo Hair Ltd Company","6.5%"
137569,"vividstormscreen.com","VIVIDSTORM Projection Screen","0.7%"
137575,"ancheer.shop","Ancheer","3.3%"
137603,"educatesimplify.com","Educate Simplify (US)","13%"
137609,"smartwingshome.com","SmartWings","0.7%"
137614,"forme.science","Forme.Science","3.3%"
137822,"thedieseldudes.com","The Diesel Dudes","2%"
137828,"sweethome247.com","Sweethome","6.5%"
137832,"curlsmith.com","Curlsmith","3.3%"
137833,"ellentracy.com","Ellen Tracy","5.2%"
137837,"join.sweat.com","SWEAT","$9.75"
137837,"get.sweat.com","SWEAT","$9.75"
137840,"ar-giri.com","AR Experts | Augmented Reality","13%"
137848,"resbiotic.com","ResBiotic","2.6%"
137864,"koulb.com","Koulb","9.8%"
137868,"bisonoffice.com","BisonOffice","4.7%"
137884,"patricks.com.au","Patricks","3.3%"
137884,"patricks.co","Patricks","3.3%"
137891,"leicacamerausa.com","Leica Camera","0.7%"
137893,"bigdillpickleballcompany.com","Big Dill Pickleball Co","6.5%"
137898,"troxusmobility.com","JOYSEND USA LLC","6.5%"
137899,"ragstock.com","Ragstock","6.5%"
137903,"xvxchannel.com","XVX Keyboards","4.6%"
137903,"en.xvxchannel.com","XVX Keyboards","4.6%"
137908,"intelligentsia.com","Intelligentsia Coffee, Inc.","6.5%"
137909,"yfn.com","YFN FINE JEWELRY","9.8%"
137910,"shopmachete.com","Machete","6.5%"
137924,"whatgeek.com","WhatGeek","5.2%"
137925,"meikeglobal.com","Meike","3.3%"
137931,"rawsugarliving.com","Raw Sugar","5.2%"
137936,"lavividhair.com","LaVividhair","5.2%"
137938,"tms-outsource.com","TMS","19.5%"
137942,"gloskinbeauty.com","Glo Skin Beauty","6.5%"
137947,"g-forcebike.com","G-Force Inc.","3.3%"
137959,"kodiakcanvas.com","Kodiak Canvas","5.2%"
137963,"denvermodern.com","Denver Modern","2.6%"
137964,"m0de.com","M0de","9.8%"
137970,"modabrush.com","MŌDA® Brush","9.8%"
137973,"thumperfab.com","Thumper Fab","3.3%"
137974,"memorystitch.com","MemoryStitch","5.2%"
137975,"dazzlingrock.com","Dazzlingrock","0.7%"
138007,"brooklyncandlestudio.com","Brooklyn Candle Studio","6.5%"
138014,"thursosurf.com","Thurso Surf","2%"
138019,"markandday.com","Mark&Day","3.3%"
138024,"verdanttea.com","Verdant Tea","3.3%"
138026,"robertaxleproject.com","Robert Axle Project","6.5%"
138030,"techwear-x.com","techwear-x","6.5%"
138035,"golfpartnerusa.com","GOLF Partner","4.6%"
138038,"orzorzvip.com","ORZORZ","6.5%"
138040,"immortalmale.com","Gatlan","$32.50"
138040,"gatlan.com","Gatlan","$32.50"
138043,"surgebulbs.com","Surge Bulbs","$39.00"
138050,"lepro.com","Lepro","7.8%"
138053,"easyfeet.store","EASYFEET","13%"
138056,"mommed.com","MomMed","9.8%"
138058,"bellacoterie.com","DLJAEN Business Development","6.5%"
138063,"shopibizapassion.com","Ibiza Passion","9.8%"
138064,"scienlodic.com","scienlodic","3.9%"
138073,"carpuride.com","Carpuride","9.8%"
138074,"shop.deeper.network","Deeper Network Corp.","6.5%"
138082,"atomiscooters.com","Atomi Inc","5.2%"
138091,"thegreategressco.com","The Great Egress Co","5.2%"
138094,"vinylflat.com","Vinyl Flat Record Flattener (US)","$9.75"
138104,"thelandmarkproject.com","The Landmark Project","3.3%"
138125,"pistildesigns.com","Pistil Designs","7.8%"
138140,"firemaplegear.com","Fire Maple","6.5%"
138143,"babeside.com","Babeside","13%"
138145,"autooneled.com","autoone","6.5%"
138156,"bobbleheadcraft.com","Bobblehead Craft","7.8%"
138203,"epidemicsound.com","Epidemic Sound","$13.00"
138206,"backstage.com","Backstage","3.3%"
138213,"bimbaylola.com","Bimba y Lola","5.2%"
138217,"lalal.ai","Lalal.ai","19.5%"
138224,"vooglam.com","Vooglam","6.5%"
138224,"voogueme.com","Vooglam","6.5%"
138246,"elitelearning.com","Elite Learning","6.5%"
138253,"cambridgeaudio.com","Cambridge Audio","1.3%"
138385,"skytechgaming.com","Skytech Gaming","2%"
138424,"namenecklace.com","Name Necklace","11.7%"
138425,"santasocks.com","Santa Socks","4.6%"
138426,"getphotoblanket.com","Get Photo Blanket","3.3%"
138438,"sovol3d.com","Sovol Technology Co","2%"
138446,"dmoose.com","DMoose","5.2%"
138449,"lagarconne.com","La Garconne","2%"
138484,"onewillow.com","Willow Pump","1.3%"
138489,"punktrendy.com","Punktrendy","9.8%"
138497,"vellabio.com","Vella Bioscience","3.9%"
138499,"happynest.com","HappyNest Laundry Service","$22.75"
138504,"fieldsheer.com","Fieldsheer","6.5%"
138531,"originalbtc.com","Original BTC","3.3%"
138533,"royceunion.com","Royce Union","1.6%"
138534,"megawheels.com","Megawheels (Shenzhen) Electronics CO., LTD","5.2%"
138535,"ayiconnection.com","AyiConnect Accelerate","6.5%"
138538,"solovedress.com","solovedress","6.5%"
138585,"cascadiatents.com","Cascadia Vehicle Tents","3.3%"
138590,"iotabody.com","iota","3.3%"
138592,"inalabs.com","Ina Labs LLC","6.5%"
138598,"funwhole.com","Funwhole","5.2%"
138600,"thebelacan.com","Thebelacan lighting compamy","2%"
138601,"housingworks.org","Housing Works","4.6%"
138612,"beringia.world","Beringia","6.5%"
138613,"store.scentair.com","ScentAir","4.6%"
138613,"scentair.com","ScentAir","4.6%"
138615,"luminox.com","Luminox","5.2%"
138627,"princesslife.com","Princess Lifestyle","6.5%"
138628,"tcmtco.com","TCMT","6.5%"
138651,"onor.world","Onor (US)","21.5%"
138666,"jeandousset.com","Jean Dousset","0.2%"
138681,"planetarydesign.com","Planetary Design","2.6%"
138683,"loopearplugs.com","Loop Earplugs","2.6%"
138692,"resume.io","Resume.io","6.5%"
138700,"triplenikel.com","Triple Nikel","7.2%"
138717,"fuelmeals.com","Fuel Meals","19.5%"
138735,"robertmondaviwinery.com","Robert Mondavi Winery","5.2%"
138738,"theprisonerwinecompany.com","The Prisoner Wine Company","5.2%"
138739,"barrywang.com","Barrywang","13%"
138868,"p448.com","P448","6.5%"
138906,"underwateraudio.com","Underwater Audio","6.5%"
138909,"lummiislandwild.com","Lummi Island Wild","3.3%"
139214,"gymstugan.com","Gymstugan","9.8%"
139222,"ashadrynoodle.com","A-Sha Foods","7.8%"
139532,"happiestbaby.com","Happiest Baby","2.6%"
139619,"rapsodo.com","Rapsodo","3.3%"
139638,"cavaletticollection.com","Cavaletti Collection (US)","5.2%"
139640,"markavo.com","Markavo (US)","16.3%"
139641,"us.lskd.co","LSKD","6.5%"
139641,"lskd.co","LSKD","6.5%"
139670,"theelephantproject.com","the elephant project llc","9.8%"
139677,"thebrowbalm.com","The Brow Balm","13%"
139681,"junodawig.com","Xuchang Qingcheng Trading Co., Ltd.","6.5%"
139683,"powr-flite.com","Powr-Flite","1.3%"
139691,"workworld.com","Work World","2%"
139692,"skilhunt.com","SKILHUNT","5.2%"
139762,"app.lingokids.com","Lingo Kids (US)","$6.50"
139770,"varoninc.com","varon","9.8%"
139790,"anyagewear.com","Any Age Activewear","3.9%"
139790,"anyageactivewear.com","Any Age Activewear","3.9%"
139795,"shopmicas.com","Micas","5.2%"
139797,"highlandduds.com","Highland Duds","9.8%"
139800,"lepulsefit.com","Lepulse","6.5%"
139801,"2sand.com","2Sand","2%"
139807,"sneakerthrone.com","Sneaker Throne","3.3%"
139819,"getsuperspace.com","Superspace","3.3%"
139824,"bernardellistores.com","Bernardelli Stores","3.9%"
139826,"sportsevents365.com","Sports Events","4.6%"
139827,"cheeselovershop.com","Savencia Cheese","2%"
139828,"iallpowers.com","ALLPOWERS","3.3%"
139904,"cheapestaiportparking.com","Cheapest Airport Parking","4.6%"
139908,"stonz.com","Stonz Wear Inc.","6.5%"
139911,"lynnliana.com","Lynn & Liana Designs","7.8%"
139913,"damondmotorsports.com","Damond Motorsports","2%"
139920,"maisonrogue.com","Maison Rogue","5.2%"
139929,"mightyhealth.com","Mighty Health","13%"
139931,"willworkjewelry.com","Willwork Jewelry","3.9%"
139935,"paleoonthego.com","Paleo On The Go","6.5%"
139976,"ibesin.com","Besin","2.6%"
139977,"tlyard.com","Tlyard","5.2%"
139981,"wrappily.com","Wrappily","6.5%"
139982,"berootedco.com","Be Rooted","4.6%"
139983,"malamamushrooms.com","Mālama Mushrooms","9.8%"
139986,"milesthelabel.com","Miles the Label","6.5%"
139987,"picassotiles.com","Picasso Tiles","6.5%"
139990,"homewater.com","Homewater","16.3%"
139991,"bajallama.com","Baja Llama","7.2%"
140000,"trihard.co","Trihard","6.5%"
140010,"nearzero.co","Near Zero","2%"
140023,"manlytshirt.com","Manly","11.1%"
140027,"stampsmarketplace.com","stampszone llc","6.5%"
140037,"workprotools.store","GreatStar Industrial USA, LLC","3.3%"
140045,"itsmilla.com","Milla","6.5%"
140047,"linnerlife.com","Linner","9.8%"
140059,"beedvine.com","The Honey Wine Company","13%"
140078,"wethepeoplebible.com","WeThePeopleBible.com","5.2%"
140083,"kanudausa.com","Kanuda","0.7%"
140085,"deviateboardco.com","Deviate Board Co LLC","16.3%"
140090,"racktodoor.com","Rack To Door","3.3%"
140092,"toyotress.com","Toyotress","13%"
140104,"drinkmoment.com","Moment","3.3%"
140271,"albanypark.com","Albany Park","2.6%"
140290,"cocokind.com","Cocokind","3.3%"
140305,"parcilsafety.com","Parcil Safety","9.8%"
140310,"h201shift.co","H201SHIFT","6.5%"
140312,"berlook.com","BERLOOK","6.5%"
140314,"lybethras.com","Lybethras","6.5%"
140317,"echoneon.com","Echo Neon","3.3%"
140322,"baseus.com","BASEUS","5.2%"
140410,"k4g.com","K4G.com","1.3%"
140569,"ywigs.com","YOUTH BEAUTY CORPORATION","3.3%"
140575,"greatlakeswellness.com","Great Lakes Wellness","3.9%"
140576,"nitetronic.com","Nitetronic","5.2%"
140594,"milkshakehair.com","milk_shake","2.1%"
140595,"blinworld.com","blinworld","4.6%"
140597,"funnyfuzzy.com","FunnyFuzzy","5.2%"
140604,"kevinplus.com","WILLIAMSPACE LLC","5.2%"
140607,"pillarsleep.com","Shuteye Home LLC","13%"
140607,"shuteyehome.com","Shuteye Home LLC","13%"
140678,"pgatoursuperstore.com","PGA TOUR Superstore","3.9%"
140679,"flipmits.com","FLIPMITS","6.5%"
140687,"autelpilot.com","Autelpilot","3.6%"
140693,"bossaudio.com","BOSS Audio","2.6%"
140695,"joytutus.com","JoyTutus","6.5%"
140699,"celebritycruises.com","Celebrity Cruises","3.9%"
140701,"cranberryhair.com","Cranberry","6.5%"
140702,"corsetdeal.com","Corset Deal","5.2%"
140703,"davidarchy.com","David Archy","16.3%"
140705,"echoine.com","Echoine","6.5%"
140706,"elguapobitters.com","El Guapo","6.5%"
140712,"domestika.org","Domestika","26%"
140720,"fanttik.com","Fanttik","9.8%"
140721,"fastinsupplement.com","FastinSupplement.com","3.3%"
140725,"fotoandtech.com","Foto & Tech","2%"
140728,"giftlab.com","Giftlab","6.5%"
140732,"gpssmartsole.com","SmartSole","6.5%"
140739,"himoda.com","Himoda","7.8%"
140740,"horrorpack.com","Horror Pack","$6.50"
140743,"incerunmen.com","Incerunmen","6.5%"
140745,"ivosight.com","Ivosight","15.6%"
140748,"koalagp.com","Koala","6.5%"
140750,"likesporting.com","LikeSporting","9.8%"
140752,"vtoman.com","VTOMAN","9.1%"
140753,"muukal.com","Muukal","3.3%"
140755,"mytefl.com","Mytefl","11.7%"
140758,"reasonhealth.com","Reason","6.5%"
140762,"soufeel.com","Soufeel","3.3%"
140764,"tijneyewear.com","TIJN Eyewear","6.5%"
140765,"tijnhome.com","TIJN Home","6.5%"
140767,"trueimagetech.com","True Image","9.8%"
140768,"tubshroom.com","TubShroom","13%"
140770,"warfieldandgrand.com","Warfield & Grand","6.5%"
140771,"whokeys.com","Whokeys","5.2%"
140775,"bakedeco.com","Bake Deco","3.3%"
140778,"moidaus.com","Blooming KOCO","4.6%"
140778,"bloomingkoco.com","Blooming KOCO","4.6%"
140779,"choosemuse.com","Muse Headband","3.9%"
140781,"drprepare.com","Dr.Prepare","7.8%"
140864,"burlapandbarrel.com","Burlap & Barrel","3.3%"
140865,"saltoptics.com","SALT. Optics","1.3%"
140866,"curiada.com","Curiada","2.6%"
140870,"erank.com","eRank","15%"
141055,"bravissimo.com","Bravissimo","6.5%"
141077,"martinsfoods.com","Martin's","$6.50"
141092,"bahia-principe.com","Bahia Principe","3.9%"
141105,"abelssoft.com","Abelssoft","45.5%"
141105,"abelssoft.de","Abelssoft","45.5%"
141111,"taftclothing.com","TAFT Clothing","5.2%"
141113,"smartproxy.com","Smartproxy","6.5%"
141114,"beautytheshop.com","Beauty The Shop","6.5%"
141116,"ourbus.com","OurBus","2.3%"
141190,"motherwellproducts.com","Motherwell Products Inc","6.5%"
141194,"incogni.com","Incogni","29.3%"
141195,"jettly.com","Jettly","$65.00"
141209,"wanderfullbrand.com","WanderFull","13%"
141213,"allballpro.com","All Ball Pro","2.6%"
141227,"differentpuzzles.com","Different Puzzles","2%"
141238,"sableflow.com","Sable Flow","4.6%"
141240,"tradedoctors.com","Trade Doctors (US)","$65.00"
141241,"summersummit.com","Summer Summit LLC","13%"
141243,"sitanhk.com","Stan's Accessories INC","3.3%"
141256,"starstable.com","Star Stable","19.5%"
141268,"litoluxury.com","LITO: Luxury in the Outdoors","6.5%"
141275,"devereuxgolf.com","Devereux Golf","2%"
141275,"dvrxthreads.com","Devereux Golf","2%"
141280,"i-love-plum.myshopify.com","iloveplum","9.8%"
141280,"iloveplum.com","iloveplum","3.3%"
141281,"photobookpress.com","Photobook Press","6.5%"
141285,"eyeoflove.com","Eye of Love","3.3%"
141292,"bouquetbox.com","Bouquet Box","6.5%"
141304,"aligner32.com","Aligner32","3.3%"
141305,"imailerglobal.com","iMailer","3.9%"
141307,"peacesake.com","Peacesake","9.8%"
141316,"yuckypuppy.com","YUCKY PUPPY","9.8%"
141321,"matildejewellery.com","Matilde Jewellery","6.5%"
141360,"petivity.com","Petivity","5.2%"
141431,"tenways.com","TENWAYS","3.9%"
141526,"gamasonic.com","Gama Sonic","3.3%"
141528,"mywirsh.com","Wirsh","6.5%"
141530,"bakeupbeauty.com","Bakeup Beauty","6.5%"
141533,"usaguidedtours.com","USA Guided Tours","6.5%"
141534,"cooghi.com","COOGHI","9.8%"
141535,"anylistingseo.com","AirbnbSEO","6.5%"
141535,"airbnbseo.com","AirbnbSEO","6.5%"
141542,"liveforevergolf.com","Live Forever Golf","2%"
141556,"gelpress.com","Gel Press","6.5%"
141559,"neakasa.com","Neakasa","6.5%"
141567,"starrynitebikes.com","Starrynitebikes","5.2%"
141570,"keepwarming.com","KeepWarming","7.8%"
141577,"hellojupiter.com","hellojupiter.com","2%"
141582,"sartoro.co","Sartoro","2%"
141595,"epochbatteries.com","Epoch Batteries","2.6%"
141597,"iseehair.com","Isee hair company","3.9%"
141598,"pitcommand.com","Pit Command","3.3%"
141599,"rux.life","RUX","3.3%"
141604,"carolbike.com","CAROL Bike","$65.00"
141622,"vallarta-adventures.com","Adventures Vallarta","3.9%"
141631,"businessrocket.com","BUSINESSROCKET.COM","$48.75"
141640,"bodybio.com","BodyBio","6.5%"
141643,"propetfootwear.com","Propét Footwear","7.2%"
141645,"aaprintsupplyco.com","All American Print Supply Co","0.7%"
141651,"golfdirectnow.com","Golf Direct Now","2%"
141655,"cancun-adventure.com","Cancun Adventures","3.9%"
141660,"magnumbikes.com","Magnum Bikes","3.9%"
141662,"major-lutie.com","Major Fitness","1.3%"
141668,"mymoonlite.com","Moonlite","13%"
141719,"premoguard.com","PremoGuard","13%"
141720,"wowangel.com","wowangel","5.2%"
141725,"lumiara.com","Lumiara","6.5%"
141728,"odelebeauty.com","Odele Beauty","7.8%"
141729,"peltierphotocourses.com","Peltier Photo Courses","19.5%"
141731,"sense-u.com","Sense-U Baby","6.5%"
141734,"drinktinto.com","Tinto Amorio","9.8%"
141736,"rizoscurls.com","Rizos Curls","5.2%"
141737,"ssimder.com","ssimder welding equipment inc.","6.5%"
141738,"flasharkracing.com","Flashark","9.8%"
141764,"humoroust-shirts.com","HumorousT-shirts","9.8%"
141768,"korikrilloil.com","Kori","3.9%"
141769,"dunejewelry.com","Dune Jewelry","6.5%"
141770,"graduationmall.com","GraduationMall","5.2%"
141771,"gogglesnmore.com","GogglesNMore.com","3.6%"
141782,"mac-case.com","MacCase","6.5%"
141788,"homecourt.co","Homecourt","6.5%"
141789,"roseskinco.com","RoseSkinCo.","0.7%"
141799,"skintensive.com","Skintensive","8.5%"
141803,"vibrahotels.com","Vibra Hotels (US)","2.6%"
141821,"nanomagic.com","Nano Magic","6.5%"
141824,"store.godox.eu","Next77","2%"
141825,"hipeakbike.com","HIPEAKBIKE","3.9%"
141834,"artmaterial.com","Transon","5.2%"
141836,"olynvolt.com","Olynvolt","9.8%"
141843,"tera-innovation.com","Tera","6.5%"
141844,"cocinare.com","Cocinare Limited","7.8%"
141854,"playfowling.com","Fowling","3.9%"
141855,"consumercellular.com","Consumer Cellular","$65.00"
141877,"equipmentfr.com","Equipment","5.2%"
141894,"birthstonesjewelry.com","Birthstones Jewelry","7.8%"
141894,"momentwish.com","Birthstones Jewelry","7.8%"
141907,"youdrugstore.com","YouDrugstore","9.8%"
142142,"annieselke.com","annie selke","2.6%"
142344,"childrenofdesign.com","Children of Design","6.5%"
142347,"badlandsranch.com","Badlands Ranch","7.8%"
142350,"shopvicson.com","VICSON GROUP LLC","10.4%"
142375,"yuregen-lifestyle.com","YUREGEN","9.8%"
142382,"bbqaidtools.com","BBQ-AID: Tools Built To Last","6.5%"
142416,"pizzello.com","Pizzello","3.3%"
142425,"repprovisions.com","REP Provisions","6.5%"
142441,"teewing.com","TEEWING INDUSTRIAL (HK) CO., LIMITED","3.9%"
142442,"gldn.com","GLDN","3.3%"
142444,"rainyroses.com","Rainy Roses","6.5%"
142446,"chefshop.com","ChefShop.com","4.6%"
142447,"aaawave.com","aaawave","1.6%"
142580,"aesop.com","Aesop","5.2%"
142583,"mountainmanmedical.com","Mountain Man Medical","5.2%"
142584,"cruaoutdoors.com","Crua Outdoors","4.6%"
142585,"sasa.com","Sasa Official Site","6.5%"
142589,"geeksoutfit.com","Geeksoutfit","11.1%"
142590,"sohnne.com","Sohnne Inc","6.5%"
142601,"turbopass.com","Turbopass","3.9%"
142609,"coffeebros.com","Coffee Bros.: Specialty Coffee + Equipment","6.5%"
142611,"blackandcreme.com","Black & Cremè","6.5%"
142612,"copperfitusa.com","Copper Fit","5.2%"
142652,"bowwowlabs.com","Bow Wow Labs","4.6%"
142655,"dreampairshoes.com","Dream Pairs, Bruno Marc, & Nortiv 8 Shoes","9.8%"
142655,"dreampairs.com","Dream Pairs, Bruno Marc, & Nortiv 8 Shoes","5.2%"
142659,"reibii.com","Reibii","5.2%"
142661,"peripageglobal.com","XIAMEN ILEAD TEK CO.,LTD.","13%"
142663,"niimbots.com","Nimbot","9.8%"
142671,"bestpresso.com","Bestpresso","5.2%"
142673,"fopomonitor.com","FOPOMonitor (US)","6.5%"
142792,"iambowling.com","I am Bowling","3.3%"
142794,"hauslane.com","Hauslane","1.3%"
142839,"biotrust.com","BioTRUST","16.3%"
142901,"cargurus.com","CarGurus","$9.75"
142944,"careerist.com","Careerist","$325.00"
143363,"butterbell.com","Butter Bell Crock","5.2%"
143364,"frameitall.com","Frame it All","3.3%"
143578,"healthyheights.com","Healthy Heights","5.2%"
143655,"panthervision.com","Panther Vision","7.8%"
143714,"cameo.com","Cameo","2.6%"
143954,"ezcater.com","ezCater","$3.25"
143958,"jadeleafmatcha.com","Jade Leaf Matcha","6.5%"
144056,"giraffetools.com","Giraffe Tools","8.5%"
144360,"ancestry.com","Ancestry","13%"
144405,"atlassian.com","Atlassian","$6.50"
144406,"thriftbooks.com","ThriftBooks","2.6%"
144583,"wonderbly.com","Wonderbly","3.9%"
144627,"carlinkitfactory.com","Carlinkit Factory","6.5%"
144628,"petersons.com","Peterson's","$9.75"
144630,"vintagehavana.com","Vintage Havana","6.5%"
144631,"nassifmdskincare.com","NassifMD Skincare","6.5%"
144722,"orlandovacation.com","OrlandoVacation.com","3.3%"
144972,"ciciful.com","Ciciful","3.9%"
145138,"ucan.co","UCAN","5.2%"
145187,"vectorstock.com","VectorStock","6.8%"
145190,"thrivecausemetics.com","Thrive Causemetics","3.3%"
145192,"dickies.com","Dickies","2.6%"
145193,"bookshop.org","Bookshop","6.5%"
145195,"ouku.com","Ouku","9.8%"
145201,"veepn.com","Veepn.com","26%"
145202,"freshworks.com","Freshworks","13%"
145258,"esky.com","eSky","2.3%"
145259,"fruugo.us","Fruugo","1.6%"
145261,"terminix.com","Terminix","$26.00"
145270,"olaplex.com","OLAPLEX","3.3%"
145431,"travelup.com","travelup","2.6%"
145433,"aetrex.com","Aetrex","3.3%"
145437,"slamjam.com","Slam Jam","5.2%"
145443,"baggu.com","Baggu","2.6%"
145445,"redpocket.com","Red Pocket Mobile","3.6%"
145458,"hurtigruten.com","Hurtigruten Expeditions","3.3%"
145459,"blackstoneproducts.com","Blackstone Products","2.6%"
145480,"beaueye.com","Extremebeauty","2%"
145497,"virtualvocations.com","Virtual Vocations Affiliate Referral Program","$3.90"
145511,"youthtothepeople.com","Youth To The People","4.6%"
145514,"jessieswig.com","Jessie's Wig","0.7%"
145515,"kollyy.com","Kollyy","9.1%"
145520,"shopsolarkits.com","Shop Solar","2%"
145527,"producerloops.com","Producer Loops","5.2%"
145545,"lolsurprise.com","LOL Surprise","3.3%"
145545,"shop.mgae.com","LOL Surprise","3.3%"
145548,"rockstaroriginal.com","Rockstar Original","2%"
145550,"dedicatedbrand.com","DEDICATED Brand","5.2%"
145553,"coofandy.com","COOFANDY","9.8%"
145566,"beekman1802.com","Beekman 1802","2%"
145572,"bombusbee.net","bombusbee","2.6%"
145577,"higherdose.com","HigherDOSE","3.9%"
145580,"stix.golf","Stix Golf","4.6%"
145588,"viori.com","Viori Beauty","9.8%"
145782,"repurpose.com","Repurpose","6.5%"
145833,"koala.health","Koala Health","$6.50"
146281,"easystandard.co","Easy Standard Apparel","5.2%"
146281,"easystandardapparel.com","Easy Standard Apparel","5.2%"
146379,"veed.io","VEED.IO","13%"
146395,"airasia.com","AirAsia","3.3%"
146396,"napaonline.com","NAPA","0.7%"
146438,"edubirdie.com","EduBirdie","$6.50"
146440,"dsw.com","Designer Shoe Warehouse","2.6%"
146441,"ethika.com","Ethika","3.9%"
146450,"drunkelephant.com","Drunk Elephant","2.6%"
146452,"lemongor.com","Lemongor","13%"
146458,"ppv.com","PPV.COM","6.5%"
146470,"abbottlyon.com","Abott Lyon","2%"
146471,"cocunat.com","Cocunat","5.9%"
146734,"currentstateofbeauty.com","Current State","7.8%"
146887,"boka.com","Boka","2.6%"
146900,"vonageforhome.com","Vonage Home Phones","$32.50"
146931,"acls.com","ACLS Certification Institute","16.3%"
146978,"hydropeptide.com","HydroPeptide","2.6%"
147051,"purpleleafshop.com","Purple Leaf","3.3%"
147053,"curiositybox.com","The Curiosity Box","13%"
147126,"lumierehairs.com","Lumiere Hair","6.5%"
147131,"teckwrapcraft.com","TeckWrapCraft","6.5%"
147338,"mywoof.com","Woof","2.6%"
147359,"thebeachbox.co","BeachBox Summer","7.8%"
147404,"mushroomsupplies.com","MushroomSupplies.com","3.3%"
147448,"efeglasses.com","EFE GLASSES","11.7%"
147690,"bodi.com","BODi","2.6%"
147690,"beachbody.com","BODi","2.6%"
147729,"tryarmra.com","ARMRA","3.3%"
147729,"armra.com","ARMRA","3.3%"
147980,"soothe.com","Soothe","$3.90"
147981,"mylio.com","Mylio Photos","16.3%"
147994,"apmex.com","APMEX","$22.75"
147995,"calendar.com","Calendar.com","22.8%"
148053,"bostonproper.com","Boston Proper","0.7%"
148158,"blackriflecoffee.com","Black Rifle Coffee Company","6.5%"
148234,"benjaminmoore.com","Benjamin Moore","3.9%"
148239,"meetalleyoop.com","Alleyoop","6.5%"
148291,"caddislife.com","CADDIS Eye Appliances","3.3%"
148297,"givemethedirt.com","The Dirt Oral Care","13%"
148406,"divyas.com","Divya's","6.5%"
148407,"jessicurl.com","Jessicurl","6.5%"
148501,"apparel.onepeloton.com","Peloton Apparel","2.6%"
148502,"zappos.com","Zappos","2.6%"
148503,"beyondyoga.com","Beyond Yoga","7.8%"
148505,"busterandpunch.com","Buster and Punch","5.2%"
148506,"consciousitems.com","Conscious Items","3.9%"
148512,"luggageonline.com","Luggage Online","3.9%"
148533,"georgieandtoms.com","Georgie & Tom's","$9.75"
148534,"modernpicnic.com","Modern Picnic","4.6%"
148540,"johnnywas.com","Johnny Was","3.9%"
148623,"libertyandarms.com","Liberty and Arms","6.5%"
148673,"usgreencardoffice.com","US Green Card Office","19.5%"
148676,"mrporter.com","MR PORTER","3.9%"
148759,"xtrema.com","Xtrema Cookware","3.3%"
148769,"goodeeworld.com","Goodee World","2%"
148770,"epicureanusa.com","Epicurean","6.5%"
148790,"sunandski.com","Sun & Ski Sports","3.3%"
148792,"poplin.co","Poplin","$9.75"
148793,"maxfoot.bike","Maxfoot Electric Bike","3.3%"
148794,"geckobrands.com","Geckobrands","2%"
148795,"serta.com","Serta","3.3%"
148796,"freshbody.com","Fresh Body","5.2%"
148798,"vivoprint.com","VivoPrint","5.2%"
148799,"magiclinen.com","MagicLinen","3.3%"
148800,"woolfit-slippers.com","WoolFit","3.9%"
148801,"remodelyourhome.net","Remodel Your Home","$78.00"
148860,"wps.com","WPS Office","45.5%"
148862,"dochub.com","DocHub","26%"
148863,"degsandsal.com","Degs & Sal","6.5%"
148875,"wild-willies.com","Wild Willies","9.8%"
148995,"parachutehome.com","Parachute Home","2.6%"
149005,"contourdesign.com","Contour Design","3.3%"
149008,"historeetees.com","HistoreeTees","9.8%"
149009,"jackarcher.com","Jack Archer","9.8%"
149010,"thesensoryjoy.co","Sensory Joy","7.8%"
149011,"thestemkids.co","STEMKids","9.8%"
149012,"mayuwater.com","Mayu Water","13%"
149335,"beautyrest.com","Beautyrest","3.3%"
149337,"mailchimp.com","Intuit Mailchimp","26%"
149359,"shopflys.com","Shopflys","6.5%"
149363,"ringconn.com","RingConn","6.5%"
149365,"jardina.com","Jardina","6.5%"
149521,"honeybook.com","HoneyBook","$65.00"
149523,"lladro.com","Lladro","4.6%"
149524,"salomon.com","Salomon","5.2%"
149525,"bigbatbox.com","Big Bat Box","6.5%"
149528,"tailwindnutrition.com","Tailwind Nutrition","6.5%"
149531,"glazehair.co","Glaze Hair","2.6%"
149533,"nfl.com","NFL+","6.5%"
149590,"ticombo.com","Ticombo","4.6%"
149591,"drhouse.com","DrHouse","$52.00"
149598,"oneworldobservatory.com","One World Observatory","6.5%"
149656,"tres-bien.com","Tres Bien","1.3%"
149657,"livemomentous.com","Momentous","4.2%"
149663,"goclove.com","Clove","3.3%"
149664,"dakotalithium.com","Dakota Lithium","4.6%"
149669,"carluex.com","Carluex","6.5%"
149669,"carluex.store","Carluex","6.5%"
149742,"scrambly.io","Scrambly","$3.25"
149761,"visitbritainshop.com","Visit Britain","6.5%"
149763,"broadwaydirect.com","Broadway Direct","$3.25"
149769,"lumedeodorant.com","Lume Deodorant","2%"
149770,"buffy.co","Buffy","3.3%"
149774,"career.io","Career.io","6.5%"
149777,"mojawa.com","Mojawa","4.6%"
149780,"feature.com","Feature","2.6%"
149783,"blackbeardfire.com","Black Beard Fire Starters","9.8%"
149784,"howlerbros.com","Howler Brothers","7.8%"
149786,"kanefootwear.com","Kane Footwear","3.3%"
149787,"pakaapparel.com","PAKA Apparel","5.2%"
149788,"suncompany.com","Sun Company","7.8%"
149789,"drcuddles.com","Dr. Cuddles","19.5%"
149790,"loop-mobile.com","Loop Mobile","3.9%"
149984,"grandpatio.com","Grand Patio","6.5%"
149986,"timoandviolet.com","Timo and Violet","5.2%"
149989,"con-cret.com","CON-CRET","3.9%"
149990,"meowbox.com","meowbox","5.2%"
149991,"bellabooty.com","Bellabooty","6.5%"
149992,"bodykitchen.com","Body Kitchen","6.5%"
149993,"lucidmattress.com","Lucid Mattresses","3.3%"
149994,"move.one","Move","3.3%"
149995,"kjaerweis.com","Kjaer Weis","1.3%"
150014,"sensi.copeland.com","Sensi","6.5%"
150014,"sensi.emerson.com","Sensi","6.5%"
150015,"tadibrothers.com","TadiBrothers","6.5%"
150018,"mightly.com","Mightly","6.5%"
150026,"cleannutra.com","Clean Nutra","13%"
150079,"pearlizumi.com","PEARL iZUMi","2%"
150080,"seatosummit.com","Sea to Summit","3.3%"
150101,"lifeprofitness.com","LifePro Fitness","3.3%"
150136,"mizzenandmain.com","Mizzen + Main","0.7%"
150170,"eufymake.com","AnkerMake","7.8%"
150170,"ankermake.com","AnkerMake","7.8%"
150171,"childsplayclothing.co.uk","Childsplay Clothing","3.3%"
150173,"kits.ca","Kits","6.5%"
150175,"noteworthyscents.com","Noteworthy Scents","2%"
150185,"bistromd.com","BistroMD","$13.00"
150190,"misantoremedio.com","Santo Remedio","6.5%"
150197,"jessicasimpson.com","Jessica Simpson E Commerce","3.3%"
150199,"sensibo.com","Sensibo","9.8%"
150201,"ultahost.com","Ultahost","6.5%"
150204,"struthealth.com","Strut Health","$65.00"
150205,"torraslife.com","Torras","9.8%"
150208,"ysebeauty.com","YSE Beauty","0.7%"
150209,"abcya.com","ABCya","6.5%"
150213,"sportisgood.com","Sport is Good","3.3%"
150216,"selleriemae.shop","La Sellerie de Mae","3.9%"
150217,"naturopathica.com","Naturopathica","2%"
150218,"ironpandafit.com","IronPanda","11.7%"
150219,"tahitivillage.com","Tahiti Village","6.5%"
150221,"mobilitymart.com","Mobility Mart","3.3%"
150234,"paintwithdiamonds.com","Paint With Diamonds","7.8%"
150239,"comohotels.com","Como Hotels and Resorts","3.3%"
150265,"roundlab.com","Round Lab","3.3%"
150267,"cabanalife.com","Cabana Life","3.3%"
150271,"halfdays.com","Halfdays","6.5%"
150273,"pinsandaces.com","Pins & Aces","6.5%"
150274,"2ndandcharles.com","2nd & Charles","5.2%"
150275,"fullcompass.com","Full Compass Systems","2.6%"
150276,"redken.com","Redken","7.2%"
150279,"etickets.com","Etickets","1.3%"
150280,"bloomnation.com","BloomNation","6.5%"
150286,"theblacktux.com","The Black Tux","2.6%"
150290,"teachersgram.com","Teachersgram","11.1%"
150325,"cleobella.com","Cleobella","2%"
150331,"byjasco.com","Jasco","5.2%"
150347,"fromourplace.com","Our Place","2.6%"
150421,"asaptickets.com","ASAP Tickets","$3.90"
150430,"fidelitydenim.com","Fidelity Denim","3.9%"
150431,"movadocompanystore.com","Movado Company Store","2.6%"
150433,"varsitybase.com","Varsity Base","6.5%"
150434,"yohomobile.com","Yoho Mobile","6.5%"
150559,"bestnest.com","BestNest","2.6%"
150560,"ashimaryhair.com","Ashimary Hair","4.6%"
150562,"kyikyi.com","Kyi Kyi","3.3%"
150569,"byfood.com","byFood","3.3%"
150626,"casa-andina.com","Casa Andina Hotels","2.6%"
150633,"airport-reservations.com","Airport-Resevations.com","1.3%"
150634,"formnutrition.com","Form Nutrition","5.2%"
150638,"standardselfcare.com","Standard Self Care","13%"
150639,"xandrolab.com","Xandro Lab","3.3%"
151032,"bernardo1946.com","Bernardo 1946","7.8%"
151036,"tomahawkshades.com","Tomahawk Shades","2.6%"
151037,"nodayswasted.co","NoDaysWasted","2%"
151039,"sunsiyam.com","Sun Siyam Resorts","3.9%"
151040,"chefpaw.com","ChefPaw","5.2%"
151041,"clearance-furniture.com","ClearanceFurniture.com","1.6%"
151267,"blackanddecker.com","BLACK+DECKER","2.6%"
151300,"cheekbonebeauty.com","Cheekbone Beauty","5.2%"
151389,"tuesdaymorning.com","Tuesday Morning","2%"
151418,"mangorx.com","MangoRx","13%"
151453,"freebeatfit.com","Freebeat","5.2%"
151885,"lollyhair.com","Lolly Hair","4.6%"
151889,"aurovila.com","AUROVILA","7.8%"
151890,"viraldine.com","Viraldine","6.5%"
151933,"paypair.com","PayPair","1.3%"
152042,"mybillie.com","Billie","3.3%"
152044,"drinkhappyviking.com","Happy Viking","2%"
152054,"hide.me","hide.me","19.5%"
152058,"ixl.com","IXL","4.6%"
152060,"flsun3d.com","Flsun","3.3%"
152185,"mauijim.com","Maui Jim","3.9%"
152264,"omnisend.com","Omnisend","13%"
152267,"coreldraw.com","CorelDRAW","6.5%"
152274,"garmentory.com","Garmentory","2%"
152283,"disneyplus.com","Disney+","11.7%"
152298,"opositiv.com","Opositiv","5.2%"
152318,"us.beau-domaine.com","Le Domaine","6.5%"
152318,"us.le-domaine.com","Le Domaine","6.5%"
152336,"covesmart.com","Cove Smart Home Security","9.8%"
152340,"bond-touch.com","Bond Touch","2%"
152377,"redbarn.com","Redbarn","3.3%"
152392,"swifdoo.com","SwifDoo","32.5%"
152543,"weboost.com","weBoost","6.5%"
152546,"caskcartel.com","CaskCartel.com","6.5%"
152878,"artbloom.co","Art Bloom","3.3%"
152879,"pogobouncehouse.com","Pogo Bounce House","3.3%"
152885,"augustberg.com","August Berg","6.5%"
152892,"42lolita.com","42Lolita","3.3%"
152897,"jamesbark.us","James Bark","6.5%"
152899,"lofta.com","Lofta","2.6%"
152900,"bgmgirl.com","Bgmgirl hair company","4.6%"
152902,"shopunderstatement.com","Understatement","3.3%"
152929,"organixx.com","Organixx","4.6%"
152929,"go.organixx.com","Organixx","4.6%"
152929,"shop.organixx.com","Organixx","4.6%"
152934,"hsialife.com","HSIA","5.2%"
152935,"unlocator.com","Unlocator","39%"
152937,"aurolaus.com","AUROLA","6.5%"
152939,"antlerrings.com","Antler Rings","3.3%"
153208,"cuisinart.com","Cuisinart","1.3%"
153255,"lackofcolor.com","Lack of Color","6.5%"
153256,"global.musinsa.com","Musinsa","1.3%"
153268,"emergencyassistanceplus.com","Emergency Assistance Plus","$22.75"
153269,"nootopia.com","Nootopia","13%"
153270,"thefuturerocks.com","The Future Rocks","3.3%"
153274,"caribbean-joe.com","Caribbean Joe","6.5%"
153284,"petsnowy.com","PetSnowy","7.8%"
153289,"coldture.com","Coldture","3.3%"
153292,"wildcraftcare.ca","Wildcraft Skincare","6.5%"
153308,"hypeauditor.com","HypeAuditor","32.5%"
153331,"pressed.com","Pressed Juicery","3.3%"
153332,"roundhouseprovisions.com","Roundhouse Provisions","5.2%"
153334,"rhinousainc.com","Rhino","4.6%"
153337,"selfdecode.com","SelfDecode","9.8%"
153339,"goape.com","Go Ape","3.3%"
153344,"mauviel-usa.com","Mauviel","3.3%"
153348,"1620usa.com","1620 USA","2.6%"
153358,"anuts.com","Argires Snacks","3.3%"
153359,"secureteen.com","SecureTeen","13%"
153365,"alemira.com","Constructor","$26.00"
153365,"constructor.tech","Constructor","$26.00"
153367,"trendgallery.art","Trendgallery","3.3%"
153370,"giftory.com","Giftory","9.8%"
153374,"rope-master.com","Rope Master","4.7%"
153376,"natrusmile.com","NatruSmile","2%"
153378,"lassola.com","Las Sola","6.5%"
153379,"waldencast.com","Coats Skincare","1.3%"
153382,"popsa.app","Popsa","3.3%"
153384,"kaabousa.com","Kaabo","3.3%"
153385,"liquidhealth.us","Liquid Health","9.8%"
153389,"onlineshoes.com","Online Shoes","2%"
153457,"highwood-usa.com","Highwood USA","9.8%"
153516,"feelyounger.net","Feel Younger","13%"
153518,"calisupersoil.com","California Super Soil","6.5%"
153521,"youngdays.com","Young Days","5.2%"
153522,"hostkicker.com","Hostkicker","19.5%"
153523,"lipault-usa.com","Lipault","6.5%"
153525,"beflaxlinen.com","Beflax Linen","3.9%"
153529,"sunnyshowerusainc.com","Sunny Shower","8.5%"
153531,"azulixtapa.com","Azul Ixtapa Hotels","4.6%"
153534,"jimmystyks.com","Jimmy Styks","5.2%"
153536,"tarotcardsdarkforest.com","Dark Forest","6.5%"
153560,"caddytalkusa.com","CaddyTalk USA","6.5%"
153569,"halosandarrows.com","Halos and Arrows","3.3%"
153570,"superfoodscience.com","Superfood Science","6.5%"
153571,"war-locker.com","War Locker","6.5%"
153574,"vosbody.com","VOS Body Care","4.6%"
153575,"ledda.co","LEDDA","6.5%"
153580,"aftfitnesscoaching.com","AFT Fitness Coaching","$6.50"
153584,"pureandcimple.com","Pure & Cimple","6.5%"
153585,"santaslittlehelpersgame.com","Santa's Little Helpers","6.5%"
153617,"usamedicalshop.com","USA Medical","22.8%"
153617,"usamedical.com","USA Medical","22.8%"
153618,"baronfleet.com","BaronFleet","6.5%"
153623,"us.tonies.com","tonies","6.5%"
153645,"membership.inspiringspeakers.com","Inspiring Speakers Bureau","32.5%"
153646,"kismetdecals.com","Kismet Decals","6.5%"
153647,"not-forgotten.io","Not Forgotten","9.8%"
153659,"jonesbar.com","Jonesbar","6.5%"
153660,"home.sunrider.com","Sunrider","6.5%"
153661,"store.carkeysexpress.com","Car Keys Express","6.5%"
153662,"us.getcubo.com","CuboAi","4.2%"
153663,"us.nothing.tech","Nothing Tech","2.9%"
153691,"schoolandcamplabels.com","School and Camp Labels","6.5%"
153695,"usa.bardot.com","Bardot","5.2%"
153696,"collegeinsights.com","College Insights","13%"
153699,"us.inikaorganic.com","INIKA Organic","3.9%"
153700,"us.store.tp-link.com","TP-Link USA","6.5%"
153701,"hedleyandbennett.com","Hedley & Bennett","5.2%"
153704,"bullystick.com","BullyStick","5.2%"
153713,"a-premium.com","A-Premium","7.8%"
153715,"striven.com","Striven","$81.25"
153718,"sundaycitizen.co","Sunday Citizen","3.9%"
153751,"harrypottertheplay.com","Harry Potter and the Cursed Child - Broadway","0.5%"
153751,"broadway.harrypottertheplay.com","Harry Potter and the Cursed Child - Broadway","0.5%"
153752,"atmosai.io","AtmosAI","13%"
153757,"thebs.com","THEBS","2%"
153760,"calverthomeschool.com","Calvert Education","2.6%"
153787,"feelhour.com","FEELHOUR","3.9%"
153946,"us.dryrobe.com","dryrobe","2.6%"
153948,"purovitalis.com","Purovitalis","5.2%"
153949,"a1hcshop.com","Delara Home","3.9%"
153949,"delarahome.com","Delara Home","3.9%"
154199,"ita-airways.com","ITA Airways","5.3%"
154203,"puresleep.com","PureSleep","7.8%"
154206,"fxw.life","FXW Dog Playpens","7.8%"
154313,"burrow.com","Burrow","3.3%"
154345,"staplespromo.com","Staples Promo","5.2%"
154395,"rollerrabbit.com","Roller Rabbit","2.6%"
154447,"mountainkhakis.com","Mountain Khakis","3.9%"
154450,"dimebeautyco.com","DIME Beauty","0.7%"
154454,"nativetowear.com","Native To Wear","2.6%"
154499,"symbiome.com","Symbiome","6.5%"
154509,"womaness.com","Womaness","9.8%"
154512,"tousains.com","Tousains","13%"
154532,"knackbags.com","Knack Bags","3.9%"
154537,"ohora.com","Ohora","3.3%"
154548,"naenka.com","Naenka Tech","6.5%"
154577,"veeps.com","VEEPS","9.8%"
154578,"dollarflightclub.com","Dollar Flight Club","31.2%"
154578,"signup.dollarflightclub.com","Dollar Flight Club","26%"
154588,"flairespresso.com","Flair Espresso","3.3%"
154592,"gregnormancollection.com","Greg Norman","2.6%"
154594,"airhubapp.com","Airhub","6.5%"
154598,"soniahou.com","SONIA HOU Jewelry","13%"
154599,"tonal.com","Tonal","1.3%"
154657,"trailmagik.com","Trail Magik","6.5%"
154791,"elascoproducts.com","Elasco Products","3.3%"
154798,"hdramps.com","Heavy Duty Ramps","3.3%"
154819,"macscustomtiedowns.com","Mac's Tie-Downs","3.3%"
154935,"upwork.com","Upwork","48.8%"
154940,"interiordefine.com","Interior Define","1%"
154952,"spoton.com","SpotOn Transact","$325.00"
154997,"riedellskates.com","Riedell Skates","3.3%"
155000,"myperfectplants.com","Perfect Plants Nursery","8.1%"
155024,"homeaglow.com","Homeaglow","$4.55"
155031,"saint-james.com","Saint James","3.9%"
155031,"us.saint-james.com","Saint James","3.9%"
155033,"esimusa.com","eSIM World","6.5%"
155034,"sermo.com","Sermo","$13.00"
155036,"skyluxtravel.com","Skylux Travel","$11.31"
155038,"pdxsalt.com","Portland Salt Co.","7.8%"
155544,"yuneyoga.com","Yune Yoga","15.6%"
155634,"reverb.com","Reverb","3.3%"
155669,"koa.com","Kampgrounds of America","$9.75"
155672,"aspendental.com","Aspen Dental","$6.50"
155690,"taotronics.com","TaoTronics","5.2%"
155694,"backstagemerch.com","Backstage Merch","1.3%"
155711,"sabina.com","Sabina","2.9%"
155730,"pergoluxshop.com","Pergolux","2%"
155887,"truconnect.com","TruConnect","$19.50"
156017,"try.frndlytv.com","Frndly TV","$6.50"
156020,"onsentowel.com","Onsen Towel","2.6%"
156025,"lightopia.com","Lightopia","3.9%"
156031,"logosnutritionals.com","Logos Nutritionals","6.5%"
156051,"dorne.com","Dorne","6.5%"
156054,"inglesina.us","Inglesina","3.3%"
156056,"escapetheroom.com","Escape the Room","7.8%"
156058,"nesn.com","New England Sports Network","$3.25"
156059,"barristerandmann.com","Barrister and Mann","3.3%"
156060,"isagenix.com","Isagenix","5.2%"
156061,"sfh.com","SFH","5.2%"
156062,"cosori.com","COSORI","6.5%"
156066,"amana.com","Amana","2%"
156069,"auroratrainingadvantage.com","Aurora Training Advantage","16.3%"
156072,"pixlr.com","Pixlr","18.2%"
156094,"evermorepetfood.com","Evermore Pet Food","9.8%"
156098,"naayastudio.com","Naaya Studio","8.1%"
156107,"progurt.com","Progurt","9.8%"
156115,"warmkisshome.com","Warmkiss","9.8%"
156162,"atlasflyfishing.com","Atlas Fly Fishing","6.5%"
156441,"holyhydrogen.com","Holy Hydrogen","3.3%"
156448,"thepick.store","The Pick","6.5%"
156453,"ownyouraura.com","Aura Essentials","13%"
156459,"psylos1.com","Psylos1","6.5%"
156460,"dermrays.com","DermRays","3.3%"
156461,"drinkvuum.com","VUUM","3.9%"
156464,"wigfever.com","WigFever","4.6%"
156469,"qvr.com","QVR Hair","7.8%"
156472,"curlwarehouse.com","Curl Warehouse","6.5%"
156479,"sealight-led.com","SEALIGHT","6.5%"
156481,"transformationprotein.com","Transformation Protein","$16.25"
156496,"getkonnen.com","Können","7.8%"
156502,"kawa-in.com","KAWA","3.9%"
156505,"vibealley.com","Vibe Alley","$3.25"
156507,"kilgourmd.com","KilgourMD","11.7%"
156511,"nicepairs.com","Nicepairs","11.7%"
156515,"mikoh.com","MIKOH","19.5%"
156521,"below60.com","Below 60","6.5%"
156526,"plantbasedcandles.com","Plant Based Candles","6.5%"
156534,"lovekyir.com","KYIR","9.8%"
156538,"mukkpetbike.com","MukkPet Bike","2%"
156541,"thegloryboard.com","Gloryboard","6.5%"
156612,"saaligners.com","SA Aligners","4.6%"
156617,"kiauraeyewear.com","KIAURA Eyewear","5.2%"
156624,"lohlasport.com","LOHLA SPORT","4.6%"
156625,"smileperfect.us","Smile Perfect","9.8%"
156627,"earthshopp.com","EarthShopp","6.5%"
156628,"kwikpets.com","Kwik Pets","9.8%"
156633,"senseng-apparel.com","Senseng Apparel","13%"
156650,"minebrick.com","MineBrick","3.3%"
156654,"fabawigs.com","FABAwings","3.3%"
156655,"wildfoods.co","Wild Foods Co","9.8%"
156660,"weartranscend.com","Transcend","3.3%"
156876,"alibonnie.com","Alibonnie","5.2%"
156878,"displaysmarket.com","Display Market","6.5%"
156879,"boomebike.com","BoomBike","3.6%"
156880,"carerspk.com","Carer","6.5%"
156897,"waterh.com","Water H","6.5%"
156898,"iteaworld.com","iteaworld","6.5%"
156900,"mochigummies.com","Issei","6.5%"
156901,"madeleine-thompson.com","Madeleine Thompson","6.5%"
156902,"jigsawsurfco.com","Jigsaw Surf Co.","13%"
156904,"lussoleather.com","Lusso Leather","1.3%"
156907,"thewarecompany.com","The Ware Company","13%"
156911,"eggheadnutrition.com","Egghead Nutrition","22.8%"
156911,"egghead-nutrition.myshopify.com","Egghead Nutrition","22.8%"
156912,"boozedogs.com","Booze Dogs","6.5%"
156946,"bunnyhopkinstoys.com","Bunny Hopkins","3.3%"
157007,"cozyla.com","Cozyla","0.7%"
157008,"autoallies.com","Auto Allies","$3.25"
157013,"ohmyprettywig.com","OhMyPretty","5.2%"
157029,"guide.michelin.com","Michelin Guide Hotels","3.3%"
157031,"questhealth.com","Quest Health","6.5%"
157090,"skims.com","SKIMS","2.6%"
157129,"hairinbeauty.com","Hairinbeauty","5.2%"
157133,"sneakin.shop","Sneakin","2.6%"
157136,"xbloom.com","xbloom","5.2%"
157137,"deckmate.me","Mechanism","6.5%"
157137,"getmechanism.com","Mechanism","6.5%"
157201,"getbellway.com","Bellway","13%"
157209,"govoyagin.com","Rakuten Travel","2.6%"
157210,"almedia.co","Freecash","$3.25"
157210,"freecash.com","Freecash","$3.25"
157211,"perurail.com","PeruRail","2.6%"
157216,"wearewild.com","Wild Cosmetics","7.8%"
157218,"picnictime.com","Picnic Time","1.3%"
157361,"clothdiaper.com","ClothDiaper.com","6.5%"
157365,"takecanary.com","Take Canary","6.5%"
157367,"simplycoding.org","SimplyCoding","11.7%"
157411,"justhuman.shop","justhuman","7.8%"
157424,"skytrakgolf.com","SkyTrak","6.5%"
157427,"everleagues.com","Everleagues Inc.","6.5%"
157432,"firsthoney.com","First Honey","9.8%"
157443,"thesiliconekitchen.com","The Silicone Kitchen","3.3%"
157445,"deals.getwearables.co","Wearables","$11.38"
157445,"getwearables.co","Wearables","$11.38"
157450,"freein.com","Freein","3.3%"
157454,"gowithsocks.com","GoWithSocks","3.3%"
157458,"pupper.com","Pupper","16.3%"
157461,"zeraclub.com","ZeraClub","0.1%"
157462,"ezmob.com","Easy Mob Holdings LTD","$6.50"
157463,"psynclabs.com","PSYNC LABS, INC","13%"
157467,"2putt.com","2 Putt","5.2%"
157469,"satavinaturals.com","Satavi Naturals","6.5%"
157473,"5thwheelebike.com","5th Wheel","3.3%"
157478,"onceagainnutbutter.com","Once Again Nut Butter","9.8%"
157481,"tastelli.com","Tastelli","6.5%"
157483,"coffeeroastco.com","CoffeeRoast Co.","0.7%"
157484,"findercube.com","Findercube","9.8%"
157485,"ilioslighting.co","Ilios Lighting","6.5%"
157492,"trystrips.com","STRIPS","$2.60"
157496,"westernchief.com","Western Chief","6.5%"
157505,"thespeedhound.com","Speed Hound","9.8%"
157507,"elehear.com","ELEHEAR","3.3%"
157509,"ritkeeps.com","RitKeep","0.7%"
157510,"jennylemons.com","Jenny Lemons","6.5%"
157513,"canarycleanco.com","Canary Clean Products, LLC","$3.25"
157517,"signaturemenswear.com","Signature Menswear","6.5%"
157522,"cayatch.com","Cayatch Posture Corrector","9.8%"
157529,"ancel.com","ANCEL","5.2%"
157578,"handso.it","Handso","4.9%"
157582,"pingroupie.com","Pingroupie","22.8%"
157584,"cherylleemd.com","Cheryl Lee MD Sensitive Skincare","3.3%"
157586,"coloready.com","Coloready","6.5%"
157590,"store.topnotetonic.com","Top Note Tonics","1.3%"
157593,"coloflax.com","ColoBotanix LLC","5.2%"
157596,"sabercustom.com","SaberCustom","2%"
157599,"lightmap.app","Lightmap, LLC","13%"
157600,"onemorehair.com","OneMoreHair","5.2%"
157602,"cieluxe.com","Cie Luxe Brands","13%"
157605,"resumewritinggroup.com","Resume Writing Group","$48.75"
157607,"libertytabletop.com","Liberty Tabletop","0.7%"
157609,"roamr.biz","Roamr","9.8%"
157611,"underyourskin.us","Under Your Skin US LLC","13%"
157616,"mivarecovery.com","MIVA Recovery","6.5%"
157621,"lamomoneon.com","Lamomo Neon","6.5%"
157626,"paliwineco.com","Pali Wine Co.","6.5%"
157627,"wecreat.com","WECREAT TECH LTD","3.3%"
157628,"manjeriskincare.com","Manjeri Skincare","13%"
157632,"blokes.co","Blokes LLC","6.5%"
157637,"visionofselfjewelry.com","Vision Of Self","6.5%"
157638,"air-threads.com","AIRTHREADS INC. (DBA AIRTHREADS)","5.2%"
157641,"us.lazartigue.com","Lazartigue","6.5%"
157642,"testa-omega3.com","Testa Omega","6.5%"
157739,"patiowell.com","Patiowell","9.8%"
157769,"whitewall.com","WhiteWall","6.5%"
157774,"diymattress.com","DIY Mattress","6.5%"
157776,"mannioil.com","Manni Oil","6.5%"
157777,"resona.health","Resona Health","6.5%"
157787,"letterjoy.co","Letterjoy","5.2%"
157792,"westernrise.com","Western Rise","5.9%"
157800,"beautyliv.com","BeautyLIV","2%"
157803,"mayarts.com","May Arts Ribbon","6.5%"
157809,"coremedscience.com","Core Med Science","6.5%"
157810,"hibermate.com","Hibermate","5.2%"
157818,"doublestitch.com","Double Stitch by Bedsure","6.5%"
157826,"moonkieshop.com","Moonkie","6.5%"
157829,"ptahdusgear.com","PTAHDUS Gear","6.5%"
157833,"briskshirts.com","Brisk Shirts","3.3%"
157834,"gstpautoparts.com","GTSP Auto Parts","6.5%"
157846,"horowbath.com","Horow Bath","11.7%"
157846,"horow.com","Horow Bath","11.7%"
157859,"shopbobbys.com","ShopBobbys.com","3.3%"
157876,"hoverair.com","HoverAir","5.2%"
157876,"thehover.com","HoverAir","5.2%"
157886,"wagwellpet.com","Wagwell","6.5%"
157887,"latesundayafternoon.com","Late Sunday Afternoon","6.5%"
157891,"magiccanvas.com","Magic Canvas","9.8%"
157900,"supermouth.com","SuperMouth","6.5%"
157909,"damiensaber.com","DAMIENSABER","3.3%"
157911,"retrouve.com","Retrouvé","6.5%"
157917,"gaomon.net","Gaomon","3.3%"
157919,"briskitgrills.com","Brisk It","3.3%"
157920,"snowcityshop.com","Snowcityshop","5.2%"
157923,"rebalancehealth.com","Rebalance Health","16.3%"
157927,"eleganteternity.com","Elegant Eternity","0.3%"
157932,"gamakay.com","gamakay","5.2%"
157940,"classyleatherbags.com","Classy Leather Bags","6.5%"
157943,"fysetc.com","Fysetc","3.3%"
157946,"hylands.com","Hyland's","6.5%"
157947,"drinkryl.com","RYL","2.6%"
157952,"slumberpod.ca","SlumberPod","3.3%"
157952,"slumberpod.com","SlumberPod","3.3%"
157955,"yarlap.com","YARLAP","6.5%"
157958,"otterspirit.com","Otter Spirit","3.3%"
157969,"yoshinopower.com","Yoshino Power","3.3%"
157979,"cuckooamerica.com","CUCKOO Electronics","3.3%"
157997,"smokonow.com","Smoko Inc","6.5%"
158006,"clippervacations.com","FRS Clipper","3.3%"
158008,"vivtone.com","Vivtone Hearing","9.8%"
158030,"milusosskincare.com","Mil Usos","13%"
158035,"lanyspace.com","Lany Space","1.6%"
158042,"jdictioncraft.com","JDiction","6.5%"
158044,"edifier-online.com","Edifier","6.5%"
158047,"translayte.com","Translayte","6.5%"
158048,"scribble.art","Scribble","6.5%"
158054,"hemhealer.com","Hem Healer LLC","9.8%"
158054,"hem-healer-llc.myshopify.com","Hem Healer LLC","19.5%"
158057,"awrusa.com","American Water Resources","54%"
158059,"pngtree.com","Pngtree","2%"
158092,"viewboston.com","View Boston","7.3%"
158125,"bellissimahairtools.com","Bellissima","2%"
158168,"kleankanteen.com","Klean Kanteen","3.9%"
158211,"ivyrx.com","IVY RX","$6.50"
158214,"peachyairportparking.com","Peachy Airport Parking","3.3%"
158214,"booking.peachyairportparking.com","Peachy Airport Parking","3.3%"
158338,"handball-store.com","Handball-Store","3.3%"
158384,"homestyler.com","Homestyler","19.5%"
158385,"rarecarat.com","Rare Carat","3.3%"
158478,"foot-store.com","Foot Store","3.3%"
158707,"pearson.com","Pearson","$6.50"
158729,"shokz.com","Shokz","3.3%"
158757,"internationaldriversassociation.com","International Drivers Association","13%"
158774,"traditionalmedicinals.com","Traditional Medicinals","3.9%"
158775,"norlanglass.com","Norlan","3.3%"
158778,"stigaus.com","STIGA Sports","6.5%"
158781,"privatemdlabs.com","Private MD Labs","6.5%"
158784,"poundfun.com","PoundFun","5.2%"
158807,"ielts-practice-tests.com","IELTS Practice Tests","10.4%"
158857,"acemagic.com","ACEMAGIC","0.7%"
158857,"acemagicians.com","ACEMAGIC","0.7%"
158884,"onestopparking.com","One Stop Parking","3.3%"
158922,"baskits.com","Baskits","5.2%"
158978,"ellastein.com","Ella Stein","6.5%"
158983,"gallop-store.com","Gallop Store","3.3%"
159205,"pinter.com","Pinter","$13.00"
159392,"ciarra.store","Ciarra","5.2%"
159392,"ciarraappliances.com","Ciarra","5.2%"
159410,"florencebymillsbeauty.com","Florence by mills","3.3%"
159410,"florencebymillsfashion.com","Florence by mills","2%"
159669,"pqswim.com","PQ Swim","3.9%"
159672,"beautyblender.com","Beautyblender","6.5%"
159757,"theyamazakihome.com","Yamazaki","6.5%"
159801,"milacares.com","Mila Cares","3.9%"
159965,"garnethill.com","Garnet Hill","3.3%"
160007,"eurekaergonomic.com","Eureka Ergonomic","2.6%"
160066,"shop.myxplora.com","Xplora","6.5%"
160066,"myxplora.com","Xplora","6.5%"
160072,"airindia.com","Air India","0.5%"
160076,"tons-shop.com","TONS Pittsburgh","9.8%"
160084,"dieuxskin.com","Dieux Skin","3.3%"
160093,"tempomeals.com","Tempo by Home Chef","$6.50"
160094,"nickeykehoe.com","Nickey Kehoe","3.3%"
160106,"mytrip.com","Mytrip.com","$3.25"
160116,"dailysteals.com","DailySteals","4.6%"
160117,"fanka.com","Fanka","4.6%"
160124,"fjallraven.com","Fjallraven Shop","3.6%"
160125,"klevgrand.com","KLEVGR.","7.8%"
160158,"homefi.info","Homefi","39%"
160160,"stickergiant.com","StickerGiant","3.3%"
160162,"happyboxstore.com","Happy Box Store","3.9%"
160166,"trynood.com","Try Nood","6.5%"
160169,"sitkaseafoodmarket.com","Sitka Seafood Market","3.9%"
160184,"outandbackoutdoor.com","Out&Back Outdoor","5.2%"
160195,"keepyourhomeip.com","KeepYourHomeIP","3.3%"
160213,"vikingculinaryproducts.com","Viking Culinary Products","3.9%"
160228,"dealmirror.com","DealMirror","9.8%"
160242,"viberg.ca","Viberg","6.5%"
160242,"viberg.com","Viberg","6.5%"
160253,"directdeals.com","DirectDeals","6.5%"
160254,"swirlwineshop.com","Swirl Wine Shop","5.2%"
160257,"jeanerica.com","Jeanerica","6.5%"
160263,"sqairz.com","Sqairz Golf","6.5%"
160305,"magidglove.com","Magid Glove & Safety","16.3%"
160314,"johnboos.com","John Boos & Co.","2.6%"
160317,"cookandbecker.com","Cook and Becker","7.8%"
160322,"hellomilli.com","Milli","7.8%"
160329,"videsi.com.au","VIDESI","6.5%"
160344,"mudpuppy.com","Mudpuppy","1.3%"
160348,"mizubatea.com","Mizuba Tea Co.","6.5%"
160349,"pumagolf.com","Puma Golf and Cobra Golf","3.9%"
160350,"numastays.com","Numa","6.5%"
160354,"benchmarkabrasives.com","Benchmark Abrasives","3.3%"
160356,"islideusa.com","ISlide","5.2%"
160362,"oldsouthernbrass.com","Old Southern Brass","9.8%"
160363,"svr.com","SVR","9.8%"
160363,"us.svr.com","SVR","9.8%"
160371,"heltstudio.com","Helt Studio","1.3%"
160374,"truvaga.com","Truvaga","2%"
160383,"gardenreet.com","Gardenreet","6.5%"
160393,"starknightmt.com","StarknightMT","5.9%"
160454,"catlinkus.com","Catlink","5.2%"
160465,"astekhome.com","Astek","6.5%"
160467,"huug.co","Huug","4.6%"
160508,"emensuits.com","Emensuits","6.5%"
160509,"grahamandfisk.com","Graham + Fisk's","9.8%"
160511,"miroirusa.com","Miroir","3.3%"
160518,"mauipineapplestore.com","Maui Gold Pineapple","6.5%"
160519,"tourstriker.com","Tour Striker","6.5%"
160520,"suuksess.com","Suuksess","2%"
160524,"personalhour.com","PersonalHour","3.3%"
160526,"garvee.com","Garvee","6.5%"
160541,"escaladesports.com","Escalade Sports","3.3%"
160546,"aspencollection.com","ASPENX","9.8%"
160546,"aspenx.com","ASPENX","9.8%"
160554,"promova.com","Promova","32.5%"
160558,"proclaimhealth.com","Proclaim","$26.00"
160561,"intrepidcampgear.com","Intrepid Camp Gear","4.6%"
160568,"insulation4us.com","Insulation4less","1.3%"
160569,"oklahomajoes.com","Oklahoma Joe's","2%"
160571,"aoolia.com","Aoolia","6.5%"
160573,"sachiskin.com","Sachi Skin","6.5%"
160578,"ecletticos.com","Ecletticos","6.5%"
160580,"buysecuremat.com","The Secure Mat","9.8%"
160582,"shop.open.store","OpenStore","6.5%"
160584,"modernistmetal.com","Modernist Metal","6.5%"
160587,"luxunfiltered.com","Lux Unfiltered","9.8%"
160588,"silvercrossus.com","Silver Cross","7.8%"
160593,"omorpho.com","OMORPHO","6.5%"
160595,"inkeeze.com","INKEEZE","6.5%"
160599,"matboardandmore.com","Matboard and More","2%"
160603,"anifurry.com","Anifurry Blankets","6.5%"
160611,"onixpickleball.com","ONIX","6.5%"
160617,"akovagear.com","AKOVA Gear","5.2%"
160618,"guestinresidence.com","Guest In Residence","9.8%"
160625,"soulouter.com","Soulout","3.3%"
160627,"store.happymammoth.com","Happy Mammoth","6.5%"
160627,"happymammoth.com","Happy Mammoth","6.5%"
160645,"lillylashes.com","Lilly Lashes","9.8%"
160646,"esim4travel.com","eSIM4Travel","6.5%"
160647,"bagborroworsteal.com","Bag Borrow or Steal","6.5%"
160649,"balabala.com","Balabala","13%"
160657,"originalsprout.com","Original Sprout","6.5%"
160660,"braxleybands.com","Braxley Bands","1.6%"
160663,"neonwill.com","NeonWill","3.3%"
160665,"caveandpost.com","Cave and Post","5.2%"
160667,"rocketsofawesome.com","Rockets of Awesome","6.5%"
160674,"fancl.com","Fancl","8.1%"
160699,"windmillair.com","Windmill","3.3%"
160701,"shopdiva.com","DIVA","6.5%"
160701,"shopdiva.ca","DIVA","6.5%"
160706,"rebeccazung.com","Rebecca Zung","6.5%"
160707,"canvasback.com","Canvasback","3.3%"
160709,"goldhinge.com","Gold Hinge","3.3%"
160718,"goalrilla.com","Goalrilla","3.3%"
160724,"wildlyorganic.com","Wildly Organic","3.3%"
160726,"wooshbeauty.com","Woosh Beauty","9.1%"
160732,"activistskincare.com","Activist Skincare","6.5%"
160740,"sonderla.com","Sonder Los Angeles","3.3%"
160757,"shopluebona.com","LUE BONA","3.3%"
160765,"readysetromper.com","Ready Set Romper","6.5%"
160776,"gladiatorlacrosse.com","Gladiator Lacrosse","3.9%"
160779,"kasper.com","Kasper Clothing","3.3%"
160786,"bundlexjoy.com","Bundle x Joy","13%"
160790,"theoffbits.com","The OffBits","9.8%"
160795,"paulstuart.com","Paul Stuart","2.6%"
160796,"turbro.com","TURBRO","0.7%"
160798,"allegra-k.com","Allegra K","9.8%"
160802,"epickatech.com","Epicka","6.5%"
160820,"typhur.com","Typhur","4.6%"
160828,"alternativeairlines.com","Alternative Airlines","$1.30"
160843,"naturesgenerator.com","Nature's Generator","3.3%"
160848,"myfancyfeast.com","My Fancy Feast","5.2%"
160895,"monportlaser.com","MONPORT","3.3%"
160897,"realcraft.com","RealCraft","2%"
160903,"bromeliaswimwear.com","Bromelia Swimwear","13%"
160905,"mimiohealth.com","Mimio Health","6.5%"
160909,"bagsandbowsonline.com","Bags & Bows","3.3%"
160976,"qidi3d.com","Qidi Tech","3.3%"
160988,"bellamihair.com","Bellami Hair","0.7%"
160994,"borboleta.com","Borboleta","9.8%"
161001,"jacarandaliving.com","Jacaranda Living","3.3%"
161006,"smilingtreetoys.com","Smiling Tree Toys","5.2%"
161009,"mysoiltesting.com","MySoil","3.9%"
161013,"store.3dmakerpro.com","3DMAKERPRO","6.5%"
161013,"3dmakerpro.com","3DMAKERPRO","6.5%"
161023,"albertonardoni.com","Alberto Nardoni","5.9%"
161026,"mideerart.com","mideer","11.7%"
161037,"ziketech.com","ZikeTech","6.5%"
161039,"miseczki.com","Miseczki","3.3%"
161044,"patinahotels.com","Patina Hotels","3.3%"
161066,"storeyourboard.com","StoreYourBoard","5.2%"
161067,"lanza.com","L'ANZA","6.5%"
161069,"lullabyearth.com","Lullaby Earth","3.9%"
161073,"knesko.com","Knesko Skin","9.8%"
161078,"theodots.com","THEODOTS CO., LIMITED","9.8%"
161114,"losano.com","Losano","13%"
161117,"distrokid.com","DistroKid","16.3%"
161122,"hydrinity.com","Hydrinity","16.3%"
161127,"elementor.com","Elementor","29.3%"
161128,"lightedaddressnumbers.com","Lighted Address Numbers","9.8%"
161132,"coohom.com","Coohom","19.5%"
161133,"rovsun.com","Rovsun","3.3%"
161139,"trubar.com","TRUBAR","3.3%"
161141,"hellosimply.com","Simply Guitar","$32.50"
161143,"unpakful.com","UNPAKFUL LIMITED","0.7%"
161154,"swiglife.com","Swig Life","3.3%"
161159,"chicsew.com","Chicsew","3.3%"
161163,"renegadegamestudios.com","Renegade Game Studios","5.2%"
161163,"uk.renegadegamestudios.com","Renegade Game Studios","6.5%"
161170,"us.woombikes.com","woom","5.2%"
161170,"woom.com","woom","5.2%"
161171,"sculpfun.com","Sculpfun","3.9%"
161472,"soundsonline.com","EastWest Sounds","6.5%"
161617,"myvega.com","Vega","2%"
161618,"jennypatinkin.com","Jenny Patinkin","9.8%"
161620,"re-play.com","Re-Play","9.8%"
161697,"headout.com","Headout","3.3%"
161700,"awaytravel.com","AWAY","2.6%"
161705,"avidlove.com","Avidlove","7.8%"
161709,"auraframes.com","Aura Frames","6.5%"
161793,"rta.com","RTA","2%"
161836,"armitron.com","Armitron","2.6%"
161875,"picturestudio.com","Ambir","6.5%"
162000,"cobaboard.com","COBA Board Plus","5.2%"
162005,"dermavitality.com","dermavitality","9.8%"
162021,"stzyfootwear.com","STZY Footwear","9.8%"
162093,"fleo.com","FLEO","2.6%"
162094,"coastalpet.com","Coastal Pet Products Inc.","3.3%"
162096,"miradoroutdoor.com","Mirador","6.5%"
162099,"lamourpearls.com","L'Amour Pearls","2%"
162112,"minorhistory.com","Minor History","6.5%"
162131,"glassyeyewear.com","Glassy Eyewear","6.5%"
162164,"dabbsson.com","Dabbsson","3.3%"
162222,"trusador.com","Trusador","5.2%"
162223,"oxbowgear.com","Oxbow","6.5%"
162233,"goodcharlie.com","GoodCharlie","$32.50"
162238,"ca.eco-worthy.com","Eco-Worthy","3.3%"
162238,"eco-worthy.com","Eco-Worthy","3.3%"
162254,"plantpaper.us","PlantPaper","5.2%"
162255,"overcoatusa.com","OvercoatUSA","9.8%"
162313,"peta2z.com","peta2z","6.5%"
162340,"countrykitchensonline.com","Country Kitchens","1.3%"
162343,"guzzleh2o.com","Guzzle H2O","4.6%"
162388,"charmanty.com","CHARMANTY","6.5%"
162395,"mujjo.com","Mujjo","3.9%"
162466,"sicksciencelabs.com","Sick Science","6.5%"
162478,"groovyguygifts.com","Groovy Guy Gifts","4.6%"
162653,"mycorneacare.com","CorneaCare","6.5%"
162661,"martindingman.com","Martin Dingman","2.6%"
162679,"drwilsons.com","Doctor Wilson's Original Formulations","3.3%"
162688,"bumpriderstore.com","bumprider","3.3%"
162688,"bumprider.us","bumprider","3.3%"
162694,"allgoodbodycare.com","Elemental Herbs Inc DBA All Good","6.5%"
162700,"bouncenutrition.com","Bounce Nutrition","6.5%"
162718,"skinjourney.shop","SkinJourney","9.8%"
162719,"sfoglini.com","Sfoglini","6.5%"
162720,"ramgolf.com","Ram Golf","6.5%"
162723,"vesta-sleep.com","Vesta Living, Corp.","9.8%"
162730,"paragon-outdoor.com","Paragon Group USA","2.6%"
162733,"redragonshop.com","Redragon","3.3%"
162735,"chella.com","Chella","6.5%"
162742,"wybotpool.com","Wybot","11.7%"
162753,"dressin.com","Dressin","16.3%"
162760,"bellini.com","Bellini","6.5%"
162761,"verticalgroovegolf.com","Vertical Groove Golf","9.8%"
162763,"jackstonehouse.com","Jack Stonehouse","4.6%"
162765,"activeweargroup.com","Activewear Group","3.3%"
162787,"royalcanin.com","Royal Canin","7.2%"
162793,"getpuroair.com","PuroAir","6.5%"
162795,"hardyfishing.com","Hardy Fishing","1.6%"
162797,"fortunoffbys.com","Fortunoff Backyard Store","2.6%"
162798,"meltmethod.com","MELT Method","6.5%"
162799,"chairking.com","Chair King Backyard Store","2.6%"
162800,"snapsclothing.com","Snaps Clothing Inc.","3.3%"
162805,"hairsmarket.com","Hairs Market","4.6%"
162811,"shapenbarefoot.com","Shapen Barefoot","6.5%"
162861,"halebreathing.com","Hale Breathing","9.8%"
162861,"deals.gethalebreathing.io","Hale Breathing","$10.40"
162861,"gethalebreathing.io","Hale Breathing","$10.40"
162867,"freedrinkingwater.com","APEC Water","2.6%"
162868,"housefloral.com","House by JSD","5.2%"
162868,"housebyjsdonline.com","House by JSD","5.2%"
162869,"imprintnow.com","Imprint Now","2.6%"
162901,"gu-ecom.com","Home Match - Motivated Leads","$24.38"
162909,"christianbook.com","Christianbook.com","3.3%"
162932,"dunlopsports.com","Dunlop Sports","6.5%"
162932,"us.dunlopsports.com","Dunlop Sports","6.5%"
162974,"welcome.storyworth.com","Storyworth","3.3%"
162974,"storyworth.com","Storyworth","3.3%"
162977,"purple-brand.com","Purple Brand","3.9%"
162978,"premamawellness.com","Premama","3.9%"
162980,"topodesigns.com","Topo Designs","5.2%"
162981,"tillak.com","Tillak","3.9%"
163028,"o2.oxygenmachinevip.com","Oxygen Machine","7.8%"
163028,"oxygenmachinevip.com","Oxygen Machine","7.8%"
163031,"alexevenings.com","Alex Apparel Group","3.3%"
163035,"sportsresearch.com","Sports Research","5.2%"
163038,"reathlete.com","ReAthlete","13%"
163044,"barefootdreams.com","Barefoot Dreams, Inc.","5.2%"
163046,"gracekarinonline.com","GRACE KARIN","16.3%"
163048,"evolutionofsmooth.com","EOS Evolution of Smooth","3.3%"
163060,"alva-cookware.us","Alva Cookware","6.5%"
163069,"heyhanni.com","Hanni","7.8%"
163071,"sisalrugs.com","Sisal Rugs Direct","5.2%"
163075,"meowant.com","MeoWant","7.8%"
163077,"kohapet.com","Koha Pet","4.6%"
163080,"caglasses.com","CA Glasses","10.4%"
163100,"skinworldwide.com","Skin Worldwide","3.3%"
163101,"byheart.com","ByHeart","11.7%"
163103,"rattanebike.com","rattanebike","0.7%"
163112,"epres.com","Epres","6.5%"
163323,"nixbiosensors.com","Nix Biosensors","5.2%"
163325,"holosskincareusa.com","Holos Skincare","6.5%"
163345,"litnxt.com","LITNXT","5.2%"
163349,"ulivarylife.com","Ulivary","6.5%"
163352,"booe.com","Booe","6.5%"
163357,"store.autelenergy.com","Autel","5.2%"
163360,"rackorapro.com","Rackora","16.3%"
163360,"standsets.com","Rackora","16.3%"
163383,"mavis.com","Mavis Tire","3.3%"
163420,"shop.bakingsteel.com","Baking Steel Company LLC","5.9%"
163420,"bakingsteel.com","Baking Steel Company LLC","5.9%"
163442,"partyglowz.com","Party Glowz","9.8%"
163455,"oxygenconcentratorsupplies.com","The Oxygen Concentrator Supplies Shop","3.3%"
163457,"egohome.com","EGOHOME","9.8%"
163462,"tirestreets.com","Tire Streets","0.7%"
163464,"pandomoto.com","Pando Moto","2%"
163478,"redtop.com","REDTOP","9.8%"
163491,"myvacaya.com","VACAYA","$13.00"
163511,"ahacarbon.com","Ahacarbon","3.3%"
163520,"politesociety.com","Polite Society Beauty","6.5%"
163523,"pettreatery.com","The Granville Island Pet Treatery Corp","6.5%"
163525,"vanimy.com","Vanimy","6.5%"
163528,"azova.com","Azova Inc.","13%"
163529,"paddlesmash.com","Paddle Smash","6.5%"
163538,"rsscsports.com","Rsscsports","9.8%"
163544,"patioheatandshade.com","Patio Heat and Shade","3.3%"
163547,"lukilab.com","Luki Lab","9.8%"
163550,"moussy-global.com","Moussy","4.6%"
163551,"cpopowertools.com","CPO Dewalt","2%"
163559,"howitzerclothing.com","Howitzer Clothing","9.8%"
163560,"novaalab.com","NOVAALAB","13%"
163572,"deltachildren.com","Delta Children","3.3%"
163590,"yocolorado.com","YoColorado","5.2%"
163592,"megelin.com","Megelin","3.3%"
163617,"orchardandbroome.com","Orchard & Broome","6.5%"
163634,"hulalahome.com","HULALA HOME","5.2%"
163637,"gym-mikolo.com","Mikolo fitness","2%"
163638,"babybrezza.com","Baby Brezza","3.3%"
163639,"mustelausa.com","Mustela","4.6%"
163640,"after.com","AFTER","6.5%"
163644,"linguafranca.nyc","Lingua Franca NYC","6.5%"
163657,"earpeace.com","EarPeace Ear Plugs","9.8%"
163659,"paynesgray.com","Paynes Gray Inc","6.5%"
163660,"kxclothing.com","Kinetix Casual Luxury","5.2%"
163684,"biggmans.com","BIGGMANS","9.8%"
163688,"activityconnection.com","Activity Connection","4.6%"
163695,"1800gear.com","Gritr Outdoors","6.5%"
163699,"kisslovehair.com","KissLove Hair","5.9%"
163701,"golfballs.com","Golfballs.com","5.2%"
163702,"oxiline.shop","Oxiline","9.8%"
163708,"nomadinternet.com","Nomad Internet","$22.75"
163709,"porteandhall.com","Porte + Hall","1.3%"
163712,"pawstruck.com","Pawstruck","6.5%"
163713,"lodgecastiron.com","Lodge Cast Iron","2%"
163716,"everand.com","Everand","$8.45"
163718,"store.crunchyroll.com","Crunchyroll","5.2%"
163718,"crunchyroll.com","Crunchyroll","5.2%"
163721,"marsghc.com","Mars by GHC","3.3%"
163723,"amicole.com","Ami Cole","2%"
163738,"eraorganics.com","Era Organics","6.5%"
163749,"macgregorgolf.com","MacGregor Golf (USA)","3.3%"
163750,"hidoes.com","Hidoes","3.3%"
163760,"acopower.com","ACOPOWER","5.2%"
163781,"tinylandus.com","Tiny Land","6.5%"
164292,"klawfootwear.com","KLAW Footwear Inc","2%"
164293,"btartboxnails.com","BTArtboxnails","6.5%"
164321,"cheryindustrial.com","Chery Industrial","9.8%"
164322,"gmktec.com","GMKtek","3.3%"
164325,"plaud.ai","Plaud","6.5%"
164424,"ableclothing.com","Able Clothing","2.6%"
164440,"theimpeccablepig.com","The Impeccable Pig","6.5%"
164457,"drinkmateina.com","Mateina","7.8%"
164460,"plankandbeam.com","Plank+Beam","0.7%"
164462,"aputure.com","Aputure","3.3%"
164465,"viviebikes.com","Vivi Bicycle Technology Limited","6.5%"
164470,"gentlebands.com","Gentlebands","7.8%"
164500,"mermadehair.com","Mermade Hair","13%"
164521,"krogerwireless.com","Kroger Wireless","6.5%"
164527,"curlyme.com","CurlyMe Hair","3.9%"
164528,"dovoh.com","Dovoh","9.8%"
164530,"icrimptools.com","iCrimp Tools","4.6%"
164565,"florencemarinex.com","Florence Marine X","1.3%"
164566,"bibalosangeles.com","BIBA Los Angeles","9.8%"
164569,"canadianinsulin.com","Canadian Insulin","6.5%"
164571,"selectumllc.com","Selectum LLC","2.6%"
164575,"spanel.io","SPanel","65%"
164579,"us.star-board.com","Starboard","2%"
164579,"star-board.com","Starboard","2%"
164580,"baits.com","Yamamoto Baits","6.5%"
164583,"tenkoolight.com","Hykoont","6.5%"
164583,"hykoont.com","Hykoont","7.8%"
164588,"caddydaddygolf.com","CaddyDaddy","6.5%"
164589,"mindfulsouls.com","Mindful Souls","$15.25"
164590,"empirecovers.com","Empire Covers","7.8%"
164596,"arrae.com","Arrae","6.5%"
164600,"goldenmateenergy.com","Golden Mate","6.5%"
164604,"nicecnc.com","NICECNC","5.2%"
164608,"newoptionssports.com","New Options Sports","6.5%"
164611,"galison.com","Galison","1.3%"
164618,"vsl3.com","VSL#3","6.5%"
164622,"ledgeloungers.com","Ledge Loungers","3.3%"
164626,"murfelectricbikes.com","MURF Electric Bikes","3.3%"
164637,"mediazilla.com","MediaZilla","13%"
164665,"kubbaby.com","KUB Baby","9.8%"
164667,"kyokuknives.com","Kyoku Knives","6.5%"
164670,"cadense.com","Cadense","3.3%"
164672,"shopjuliajordan.com","Julia Jordan","7.8%"
164674,"advancedmolecularlabs.com","Advanced Molecular Labs","2%"
164681,"sodigear.com","SODI","9.8%"
164682,"anodyneshoes.com","Anodyne","6.5%"
164684,"alcamielements.com","ALCAMI","7.8%"
164769,"doctorschoice.com","Doctor's Choice","9.8%"
164801,"avaccess.com","AV Access","9.8%"
164808,"ixacurtains.com","IXA Curtains","7.8%"
164809,"blauerboardshop.com","Blauer Board Shop","5.2%"
164815,"ladyblacktie.com","Lady Black Tie","4.6%"
164824,"cghunter.com","CG Hunter","5.2%"
164907,"bestqool.com","BETSQOOL","7.8%"
165031,"prismlensfx.com","Prism Lens FX","15.6%"
165043,"westpath.com","West Path","7.2%"
165051,"hesstoytruck.com","Hess Toy Truck","3.9%"
165053,"cosmotogether.com","COSMO","2.6%"
165058,"mynasnacks.com","Myna Snacks","13%"
165071,"nativecampervans.com","Native Campervans","$52.00"
165073,"duncantoys.com","Duncan Toys Company","2.6%"
165079,"wildzora.com","Wild Zora","6.5%"
165080,"blindsmagic.com","BlindsMagic","0.7%"
165086,"huntandbloom.com","Hunt & Bloom","3.3%"
165098,"primabiotic.com","Primabiotic Co.","9.8%"
165111,"womierkeyboard.com","Womier","3.3%"
165132,"abi-ame.myshopify.com","ABI AMÉ","6.5%"
165132,"abi-ame.com","ABI AMÉ","6.5%"
165134,"beddley.com","Beddley","4.6%"
165160,"canfieldbikes.com","Canfield Bikes","6.5%"
165164,"mtntactical.com","Mountain Tactical Institute","6.5%"
165166,"legourmetcentral.com","LE GOURMET CENTRAL","3.3%"
165169,"10web.io","10Web","6.5%"
165172,"ativafit.com","Ativa Fit","2%"
165232,"sherpani.com","Sherpani","6.5%"
165241,"senderopc.com","Sendero Provisions Co.","4.6%"
165242,"joahbeauty.com","Kiss","3.3%"
165242,"kissusa.com","Kiss","3.3%"
165245,"currex.com","Currex","3.3%"
165250,"franklinsports.com","Franklin Sports","2%"
165281,"yoolax.com","Yoolax","2.6%"
165352,"us.castore.com","Castore","3.6%"
165352,"castore.com","Castore","3.6%"
165354,"oojo.com","Oojo","$9.75"
165360,"lespecs.com","Le Specs","0.7%"
165363,"jlobeauty.com","JLo Beauty","2%"
165366,"yuplay.com","Yuplay","2.6%"
165576,"cruises.com","Cruises.com","1.3%"
165577,"cruisesonly.com","CruisesOnly","1.3%"
165579,"cheapcruises.com","Cheap Cruises","1.3%"
165589,"wideopensocks.com","Wide Open","5.2%"
165590,"coreequipment.com","Core Equipment","5.2%"
165592,"travelingbaby.com","Traveling Baby Company","4.6%"
165593,"bigbitebaits.com","Big Bite Baits","6.5%"
165612,"bisoncoolers.com","Bison Coolers","9.8%"
165618,"ridelikeaninja.com","Ninja Mountain Bike Performance","6.5%"
165623,"bakcou.com","Bakcou","3.9%"
165686,"designerplants.com","Designer Plants","5.2%"
165694,"lasertree.com","LASER TREE","3.3%"
165713,"tivichealth.com","Tivic Health","6.5%"
165715,"bryte.com","Bryte","7.8%"
165731,"plumbingsell.com","Plumbing Sell","4.6%"
165768,"expresswater.com","Express Water","2.6%"
165769,"bluatlas.com","Blu Atlas","5.2%"
165771,"corepickleballusa.com","CORE Athletics","7.8%"
165771,"coreathletics.com","CORE Athletics","7.8%"
165772,"icemulecoolers.com","ICEMULE Coolers","5.2%"
165776,"nicks-sticks.com","Nick's Stick's","2%"
165823,"highsierrashowerheads.com","High Sierra Showerheads","5.2%"
165959,"gohunt.com","GOHUNT","3.3%"
165964,"kosas.com","Kosas","6.5%"
165971,"psd.com","PSD","3.3%"
166077,"kaygosafety.com","KAYGO","6.5%"
166108,"hudabeauty.com","Huda Beauty","3.3%"
166145,"immersivegamebox.com","Immersive Gamebox","3.3%"
166150,"millenniumshoes.com","Millennium Shoes","5.2%"
166159,"starregistration.net","StarRegistration.net","16.3%"
166172,"caperobbin.com","Cape Robbin","4.6%"
166179,"rydertoys.com","Ryder Toys","5.2%"
166186,"tayloani.com","Tayloáni","7.8%"
166187,"studiodhome.com","studio D.","3.3%"
166187,"shop.studiodhome.com","studio D.","3.3%"
166197,"farmandforestcoffee.com","Farm & Forest Organic Coffee Roasters","3.3%"
166199,"kegg.tech","Kegg","$13.00"
166211,"ohuhu.com","Ohuhu","3.9%"
166221,"wavymyhair.com","Wavymy Hair","3.3%"
166224,"alleven.com","ALLEVEN","13%"
166225,"golfdivision.com","Golf Division","3.3%"
166226,"purethera.com","Pure TheraPro Rx","0.7%"
166228,"frontline-optics.com","Frontline Optics","2%"
166229,"ampexgear.com","AMPEX Gear","5.2%"
166236,"trideer.com","Trideer","13%"
166242,"mommymatters.com","Mommy Matters","6.5%"
166246,"malcoautomotive.com","Malco Automotive","5.2%"
166253,"mymusicfolders.com","My Music Folders","4.6%"
166254,"beeinspiredgoods.com","Bee Inspired Goods","2%"
166256,"cristelusa.com","Cristel","6.5%"
166333,"vyond.com","Vyond","9.8%"
166415,"us-banbeeyewear.com","Banbe Eyewear","3.3%"
166416,"alaskanleathercompany.com","Alaskan Leather Company","5.2%"
166419,"worksport.com","Worksport","5.2%"
166420,"nesco.com","Nesco","3.3%"
166421,"gsioutdoors.com","GSI Outdoor","4.6%"
166511,"mimiseabrook.com","Mimi Seabrook","6.5%"
166517,"goldietees.com","Goldie Lewinter","6.5%"
166518,"loveandpebble.com","Love & Pebble","9.8%"
166522,"furbulouspet.com","Furbulous","6.5%"
166523,"monishamelwani.com","Monisha Melwani Fine Jewelry","5.2%"
166559,"woodstovekitchen.com","Wood Stove Kitchen","16.3%"
166562,"delaviesciences.com","Delavie Sciences","3.3%"
166563,"teranaturals.com","Tera Naturals","9.8%"
166564,"udog.cc","UDOG","5.2%"
166565,"bonsaiishop.com","Bonsaii","2.3%"
166572,"moskintousa.com","Moskinto: Live Itch-Free","6.5%"
166635,"noc.com","Nantahala Outdoor Center","1.3%"
166637,"adventuremedicalkits.com","Adventure Medical Kits","5.2%"
166638,"zulaykitchen.com","Zulay Kitchen","7.8%"
166707,"cleanchoiceenergy.com","CleanChoice Energy","$26.00"
166710,"antler.com","Antler","2%"
166711,"rishi-tea.com","Rishi Tea & Botanicals","6.5%"
166713,"nakto.com","naktoebike","3.9%"
166723,"quadlayers.com","Quadlayers","13%"
166728,"shop.terracycle.com","TerraCycle","5.2%"
166731,"alohahoo.com","alohahoo","7.8%"
166739,"cyberclinic.us","CyberClinic Inc.","5.2%"
166740,"bellame.com","Bellame","2%"
166760,"polarbearcoolers.com","Polar Bear Coolers","3.3%"
166761,"businessconnectadventure.com","Business Connect","13%"
166761,"businessconnectworld.com","Business Connect","13%"
166762,"musejuri.com","MaiaMina","13%"
166762,"maiamina.com","MaiaMina","13%"
166763,"maoiswim.com","Maoi Swim","2.6%"
166764,"hallettguttercover.com","Hallett Gutter Supply","13%"
166766,"remirhode.com","Remi Rhode","2.6%"
166767,"mtap.io","mTap","10.4%"
166774,"parkitmovement.com","PARKIT","5.2%"
166775,"raineandhumbleus.com","Raine & Humble","5.2%"
166776,"bettermrcloth.com","Bettermrcloth","9.8%"
166987,"prozis.com","Prozis","8.5%"
167020,"losangelesapparel.net","Los Angeles Apparel","4.6%"
167021,"banwood.com","Banwood","3.9%"
167021,"banwood.eu","Banwood","3.9%"
167021,"banwood.us","Banwood","3.9%"
167022,"partiqlar.com","partiQlar","3.3%"
167043,"parfumcirquedusoleil.com","Cirque du Soleil Perfume","7.8%"
167046,"lull.com","Lull","6.5%"
167047,"theladders.com","Ladders","13%"
167048,"dkhardware.com","DK Hardware","5.2%"
167049,"slnt.com","SLNT","2%"
167052,"redi.co","Redi","6.5%"
167053,"reglow.com","ReGlow","9.8%"
167054,"bitbrand.com","Bitbrand","16.3%"
167055,"freerangeequipment.com","Free Range Equipment","13%"
167056,"freeskycycle.com","Freesky","0.7%"
167084,"achairgo.com","Achairgo","6.5%"
167138,"fashiongo.net","FashionGo","$39.00"
167159,"goldia.com","Goldia","4.9%"
167182,"negativeunderwear.com","Negative Underwear","3.9%"
167186,"mezlan.com","Mezlan","6.5%"
167189,"wacom.com","Wacom","3.3%"
167189,"estore.wacom.com","Wacom","3.3%"
167201,"187killerpads.com","187 Killer Pads","3.3%"
167268,"lolablankets.com","Lola Blankets","1.3%"
167298,"eventbrite.com","Eventbrite","$5.20"
167371,"gevi.com","GEVI","7.8%"
167439,"sixmoondesigns.com","Six Moon Designs","5.2%"
167541,"rahua.com","RAHUA BEAUTY","3.9%"
167542,"legend-footwear.com","Legend Footwear","9.8%"
167572,"wellnesswag.com","Wellness Wag","9.8%"
167599,"luxyhair.com","Luxy Hair","0.7%"
167605,"djamtours.com","Dick Jensen & Alan McKay Tours","$32.50"
167861,"diamonddrunk.com","Diamond Drunk","6.5%"
167910,"ca.directferries.com","Direct Ferries","2.6%"
167910,"directferries.com","Direct Ferries","2.6%"
167997,"truenutrition.com","True Nutrition","2.6%"
167999,"jackerwin.com","Jack Erwin","9.8%"
168287,"ubereats.com","Uber Eats","$1.95"
168357,"ford.com","Ford Accessories","3.3%"
168357,"accessories.ford.com","Ford Accessories","3.3%"
168393,"wbworldabudhabi.com","Warner Bros World","3.1%"
168396,"labellastella.com","La Bella Stella","1.3%"
168397,"cleverfoxplanner.com","Clever Fox Planner","6.5%"
168399,"terrakaffe.com","Terra Kaffe","$6.50"
168403,"resetsmile.com","Reset Smile","$65.00"
168405,"flowcode.com","Flowcode","8.5%"
168414,"apothekary.co","Apothékary","1.3%"
168417,"k18hair.com","K18 Hair","6.5%"
168435,"cepcompression.com","CEP Compression","5.2%"
168435,"ceprunning.com","CEP Compression","5.2%"
168436,"victoryrangehoods.com","Victory Range Hoods","6.5%"
168440,"mammut.com","Mammut","5.2%"
168545,"spode.com","Spode","5.9%"
168603,"huanuo.com","Huanuo","6.5%"
168674,"ceretone.com","Ceretone","5.2%"
168683,"joinhomebase.com","Join Homebase","$65.00"
168778,"helasjewelry.com","HELAS Jewelry","6.5%"
168780,"sonr.pro","SONR Music","9.8%"
168802,"iflyworld.com","iFLY","5.2%"
168984,"bogeybros.co","Bogey Bros","4.6%"
169014,"naturalpatch.com","NatPat","0.5%"
169015,"us.lovingtan.com","Loving Tan","3.9%"
169017,"smile-zemi.com","Smile Zemi","3.3%"
169112,"mensuas.com","Mensuas","9.8%"
169114,"curateur.com","Curateur","$6.50"
169136,"rollo.com","Rollo","5.2%"
169141,"spoiledchild.com","SpoiledChild","$3.25"
169142,"ferriswheelpress.com","Ferris Wheel Press","3.3%"
169147,"inspiringvacations.com","Inspiring Vacations","2.6%"
169152,"cherley.com","Cherley","2.6%"
169195,"ovago.com","Ovago","$19.50"
169198,"cuisineryfoodmarket.com","Cuisinery Food Market","6.5%"
169203,"americantall.com","American Tall","2.6%"
169205,"popl.co","Popl","13%"
169211,"ohwill.com","OHWILL","6.5%"
169231,"rawpixel.com","Rawpixel","45.5%"
169232,"zwift.com","Zwift","3.3%"
169234,"brahmin.com","Brahmin","1.3%"
169239,"magneticme.com","Magnetic Me","3.3%"
169241,"energybits.com","bits","2%"
169249,"rboutique.com","Rboutique","3.9%"
169307,"poster-girl.com","Poster Girl","5.2%"
169309,"pamperedchef.com","Pampered Chef","2.6%"
169309,"pamperedchef.ca","Pampered Chef","2.6%"
169320,"le-parmentier.com","LePARMENTIER Paris","10.4%"
169334,"4allpromos.com","4AllPromos","1.3%"
169335,"beatbot.com","Beatbot","6.5%"
169418,"catricecosmetics.com","Catrice Cosmetics","3.9%"
169421,"jennycraig.com","Jenny Craig","6.5%"
169422,"nomadoutdoor.com","Nomad Outdoor","2%"
169425,"tomskey.com","Tom's Key","1.3%"
169470,"shopvitality.com","Vitality","2.6%"
169473,"educationalproducts.com","Educational Products","3.3%"
169517,"eu.d1milano.com","D1 Milano","3.9%"
169517,"d1milano.com","D1 Milano","3.9%"
169519,"eltamd.com","EltaMD","2%"
169523,"enphase.com","Enphase","6.5%"
169527,"bigfigmattress.com","Big Fig Mattress","3.3%"
169528,"thehoth.com","The HOTH","32.5%"
169553,"us.earlyrider.com","Early Rider","3.9%"
169570,"yasisland.com","Yas Island","3.1%"
169575,"currentbackyard.com","Current Backyard","2%"
169576,"pulsetto.tech","Pulsetto","13%"
169612,"walsunny.com","Walsunny","2%"
169623,"novilla.net","Novilla","3.9%"
169630,"buff.com","Buff","3.9%"
169747,"mixplaces.com","MixPlaces","13%"
169748,"zimaboard.com","Zima","9.8%"
169748,"zimaspace.com","Zima","9.8%"
169762,"pangaia.com","Pangaia","7.8%"
169769,"kica-care.com","KICA","9.8%"
169770,"somneesleep.com","Somnee","7.8%"
169775,"laundrysauce.com","Laundry Sauce","19.5%"
169783,"deolax.com","deolax","3.3%"
169824,"heyritual.com","OurRitual","$97.50"
169824,"ourritual.com","OurRitual","$97.50"
169827,"corporatefinanceinstitute.com","Corporate Finance Institute","2.6%"
169836,"icontactcamera.com","iContact Camera","6.5%"
169838,"formulafunboards.com","Formula Fun","6.5%"
169851,"x1.com","X1 Discovery","35.8%"
169852,"linzheritageangus.com","The Linz Shop","3.3%"
169852,"shop.linzheritageangus.com","The Linz Shop","3.3%"
169853,"thermos.com","Thermos","0.7%"
169857,"treatmyuti.com","Treat My UTI","6.5%"
169866,"loungefly.com","Loungefly","1.3%"
169867,"oribe.com","Oribe Hair Care","2.6%"
169872,"gruns.co","Gruns","2.6%"
169908,"lifefactory.com","Lifefactory","6.5%"
169911,"sijohome.com","Sijo","6.5%"
169929,"cincomshop.com","CINCOM","6.5%"
169932,"ernestarugs.com","Ernesta Rugs","2.6%"
169934,"abestorm.com","Abestorm","6.5%"
169946,"info.gottman.com","Gottman","13%"
169971,"star-naming.com","Star-Naming","9.8%"
169974,"sleepingduck.com","Sleeping Duck","3.3%"
169977,"freaksofnature.com","Freaks of Nature","3.3%"
169978,"branchfurniture.com","Branch Furniture","3.3%"
169979,"shopakira.com","AKIRA","3.3%"
170034,"partyfoulsealer.com","Party Foul","13%"
170075,"bbcicecream.com","Billionaire Boys Club","4.6%"
170092,"moirabeauty.com","Moira Beauty","3.3%"
170356,"egyptianlinens.com","Egyptian Linens","6.5%"
170548,"innisfree.com","innisfree","2.6%"
170548,"us.innisfree.com","innisfree","2.6%"
170563,"apexlearningvs.com","Apex Learning","3.9%"
170702,"aosulife.com","AOSU","3.3%"
170728,"katalyst.com","Katalyst","2.6%"
170732,"ros-garden.com","Ro's Garden","7.2%"
170756,"electricbikecompany.com","Electric Bike Company","3.9%"
170758,"sheglam.com","SHEGLAM","4.6%"
170760,"haciendadoka.com","Hacienda Doka","3.3%"
170764,"belffin.com","Belffin","1.3%"
170765,"metagenics.com","Metagenics","3.3%"
170770,"ziphealth.co","ZipHealth","6.5%"
170783,"roofing4us.com","Roofing4US","1.3%"
170801,"younbeauty.com","Youn Beauty","4.6%"
170835,"dryworldshop.com","DRYWORLD","1.3%"
179600,"aperturee.com","Aperturee","6.5%"
187830,"fitkingshop.com","Fit King","6.5%"
187840,"sparkleinpink.com","Sparkle in Pink","6.5%"
187841,"vallon.com","VALLON","5.9%"
187842,"shop.ca.fourseasons.com","Four Seasons At Home","1.3%"
187842,"shop.fourseasons.com","Four Seasons At Home","1.3%"
187851,"study.com","Study.com","5.2%"
188129,"bowlero.com","Bowelero","3.3%"
188196,"mcgeeandco.com","McGee and Co.","3.3%"
188226,"mendhambikes.com","Mendham Bicycles","3.3%"
188279,"polaroid.com","Polaroid","3.9%"
188280,"ultenic.com","Ultenic","6.5%"
188282,"nunonalife.com","Nunona","7.8%"
188291,"shopcommence.com","Commence","5.2%"
188393,"mainstreetagencytravel.com","MainStreet Travel Agency","9.8%"
188444,"skknbykim.com","SKKN BY KIM","2.1%"
188483,"saily.com","Saily","6.5%"
188498,"gqbox.com","GQ Box","$5.20"
188498,"beststuffbox.gq.com","GQ Box","$6.50"
188505,"junkbrands.com","Junk Brands","1.6%"
188506,"kulfibeauty.com","Kulfi Beauty","5.2%"
188507,"goflaus.com","Flaus","3.3%"
188520,"maisonmargiela-fragrances.us","Maison Margiela","5.2%"
188522,"skutchi.com","Skutchi Designs","6.5%"
188535,"rowabi.com","Rowabi","6.5%"
188542,"comfelie.com","Comfelie","16.3%"
188552,"ralphlaurenfragrances.com","Ralph Lauren Fragrances","2.6%"
188561,"unagiscooters.com","Unagi Scooters","$10.40"
188623,"lavieenrose.com","la Vie en Rose","4.6%"
188766,"flatsocks.com","Flat Socks","3.3%"
188768,"acanva.com","Acanva","4.6%"
188772,"points.com","Wyndham Rewards - Points.com","1.6%"
188831,"myhumehealth.com","Hume Health","$26.00"
188831,"humehealth.com","Hume Health","$26.00"
188864,"shopindoorgolf.com","The Indoor Golf Shop","4.9%"
188885,"cheerfulpainting.com","Cheerful Painting","13%"
188885,"blinggemart.com","Cheerful Painting","13%"
188891,"evelynbobbie.com","Evelyn Bobbie","3.9%"
188920,"trainingthestreet.com","Training The Street","9.8%"
188947,"reencle.co","Reencle","3.3%"
188947,"reencleus.com","Reencle","3.3%"
188950,"tramontina.com","Tramontina","2.6%"
188951,"spiritedpaw.com","Spirited Paw","5.2%"
188952,"mypossible.com","POSSIBLE","9.8%"
188955,"melin.com","Melin","4.6%"
188960,"drivesafeonline.org","DriveSafe Online","6.5%"
189023,"ambrosiaproducebag.com","Ambrosia","4.6%"
189043,"nanobag.com","Nanobag","3.3%"
189048,"quickplaysport.us","QUICKPLAY","3.3%"
189050,"colugo.com","Colugo","2%"
189054,"mangooutlet.com","Mango Outlet","2.6%"
189063,"sleepzonelife.com","Sleep Zone","9.8%"
189064,"ateliersaucier.la","ATELIER SAUCIER","6.5%"
189074,"hollandamerica.com","Holland America","2.6%"
189080,"44pro.com","44 Pro","1.3%"
189089,"elysiumblack.com","Elysium","6.5%"
189286,"lugless.com","LugLess","3.3%"
189288,"phantompickleball.com","Phantom Pickleball","5.2%"
189303,"kittl.com","Kittl","13%"
189305,"keegoblinds.com","Keego Blinds","6.5%"
189311,"crepprotect.com","Crep Protect","6.5%"
189401,"becker.com","Becker","2%"
189415,"americansignaturefurniture.com","American Signature","4.6%"
189416,"rosehipvital.com","Rose-Hip Vital","3.3%"
189427,"olivejune.com","Olive and June","9.8%"
189427,"oliveandjune.com","Olive and June","9.8%"
189515,"wondercide.com","Wondercide","13%"
189664,"sau-lee.com","Sau Lee","3.3%"
189698,"marcypro.com","Marcy Pro","2%"
189699,"restaurantsupply.com","RestaurantSupply.com","3.3%"
189700,"discountcontacts.com","Discount Contacts","2%"
189859,"goodstoneinc.com","GOODSTONE","2%"
189936,"amarancreators.com","amaran","4.6%"
189944,"lahomedecor.com","Lahome","7.8%"
190066,"woodfurniture.com","Wood Furniture","3.3%"
190067,"stcusa.com","Securities Training Corporation","2.6%"
190068,"getnoosh.com","NOOSH","0.7%"
190259,"silkelondon.com","SILKE London","3.3%"
190318,"proovtest.com","Proov","6.5%"
190321,"vinpearl.com","Vinpearl","3.9%"
190322,"goto.com","GoTo Resolve","$65.00"
190323,"keter.com","Keter","2%"
190324,"truhart.com","TruHart","3.3%"
190325,"homeceuconnection.com","HomeCEU","6.5%"
190326,"wetkiss.com","WetKiss","7.8%"
190501,"shepherdofsweden.com","Shepherd of Sweden","6.5%"
191070,"invoicesimple.com","Invoice Simple","$32.50"
191072,"gofun.com","GoFun","4.6%"
191500,"windsorstore.com","Windsor","2.6%"
191611,"addisonross.com","Addison Ross","6.5%"
191611,"usa.addisonross.com","Addison Ross","6.5%"
192041,"flewdstresscare.com","Flewd Stresscare","3.3%"
192042,"townappliance.com","Town Appliance","2.6%"
192043,"myq.com","myQ","2.6%"
192047,"moz.com","Moz","$146.25"
192049,"us.mustardmade.com","Mustard Made","2.6%"
192049,"mustardmade.com","Mustard Made","2.6%"
192050,"readyrefresh.com","ReadyRefresh","3.9%"
192117,"rileyhome.com","RiLEY Home","3.3%"
192119,"chefsdeal.com","Chef's Deal","1.3%"
192125,"simplenursing.com","SimpleNursing","6.5%"
192126,"nutrafol.com","Nutrafol","$9.75"
192129,"nutricost.com","Nutricost","9.8%"
192130,"vermontcountrystore.com","The Vermont Country Store","3.9%"
192132,"clearweatherbrand.com","Clearweather","9.8%"
192133,"shehds.com","SHEHDS","3.3%"
192135,"mfimedical.com","MFI Medical","2.6%"
192137,"gatorade.com","Gatorade","6.5%"
192140,"inmotionworld.com","INMOTION","4.6%"
192140,"store.inmotionworld.com","INMOTION","4.6%"
192141,"cutelycovered.com","Cutely Covered","10.4%"
192460,"nobullproject.com","NOBULL","2.6%"
192553,"sockwellusa.com","SockWell","6.5%"
192973,"bestmytest.com","BestMyTest","0.7%"
193102,"plumpaper.com","Plum Paper","3.3%"
193208,"flosports.tv","FloSports","3.9%"
193209,"clicks.tech","Clicks","3.3%"
193212,"vitalydesign.com","Vitaly","3.3%"
193217,"pfluegerfishing.com","Pflueger","6.5%"
193219,"uglystik.com","Ugly Stik","6.5%"
193221,"bonesandballoons.com","Bønes and Balløøns","19.5%"
193227,"thedoux.com","The Doux","2.6%"
193234,"shopjourney.com","Journey Health & Lifestyle","2.6%"
193243,"finexusa.com","Finex","3.3%"
193288,"senser.net","SENSER","6.5%"
193290,"bookofthemonth.com","Book of the Month","$6.50"
193292,"theexcellencecollection.com","The Excellence Collection","$78.00"
193295,"hubblecontacts.com","Hubble Contacts","2%"
193296,"kingofchristmas.com","King of Christmas","5.2%"
193314,"bondandgrace.com","Bond & Grace","4.6%"
193359,"schwinnfitness.com","Schwinn","3.3%"
193362,"stugastudio.com","Stuga","2%"
193364,"drinkharlo.com","Harlo","9.8%"
193370,"diamondartclub.com","Diamond Art Club","3.9%"
193371,"hibbett.com","Hibbett","3.3%"
193372,"hillhousehome.com","Hill House Home","2.6%"
193374,"singer.com","Singer","2.6%"
193375,"workglovesdepot.com","WorkGlovesDepot","6.5%"
193376,"fableandmane.com","Fable & Mane","2%"
193438,"waterport.com","WaterPORT","3.3%"
193500,"getwonderfeel.com","Wonderfeel","9.8%"
193628,"waxlondon.com","Wax London","3.3%"
193658,"clocksandcolours.com","Clocks and Colours","3.9%"
193733,"upliftdesk.com","UPLIFT Desk","0.7%"
193736,"beachriot.com","Beach Riot","2%"
193742,"babylisspro.com","BaByliss PRO","2.6%"
193748,"magicspoon.com","Magic Spoon","5.2%"
193907,"realrelaxmall.com","Real Relax Mall","3.3%"
193907,"elenkerwalker.com","Real Relax Mall","3.3%"
193909,"goblacklyte.com","Blacklyte","6.5%"
193909,"blacklyte.com","Blacklyte","1.3%"
193909,"blacklyte.ca","Blacklyte","1.3%"
193916,"notta.ai","Notta","19.5%"
193996,"ever-eden.com","Evereden","2%"
193999,"wanderprints.com","Wander Prints","6.5%"
194007,"crownandpaw.com","Crown & Paw","6.5%"
194220,"happierapp.com","Happier","9.8%"
194220,"meditatehappier.com","Happier","9.8%"
194221,"keepyourcadence.com","Cadence","2.6%"
194358,"skinmedica.com","SkinMedica","4.6%"
194434,"classpop.com","Classpop","6.5%"
195276,"cleure.com","Cleure","4.6%"
195357,"westgatereservations.com","Westgate Reservations","13%"
195371,"kanuk.com","Kanuk","2.6%"
195490,"xhibition.co","Xhibition","3.3%"
195637,"portalsparfums.com","Portals Parfums","9.8%"
195650,"woolly.clothing","Woolly Clothing","9.8%"
195656,"pascaldesign.com","Pascal","5.2%"
196201,"a1garage.com","A1 Garage","$11.05"
197274,"patternbeauty.com","Pattern Beauty","5.2%"
197310,"gbc.com","GBC","6.5%"
197311,"quartet.com","Quartet","6.5%"
197368,"zonealarm.com","Zone Alarm","13%"
197692,"thesetcollection.com","The Set Collection","2%"
197768,"calpaktravel.com","CALPAK Travel","1.3%"
197871,"hrkgame.com","HRKGame","3.3%"
197872,"prezzee.com","Prezzee","1.3%"
198197,"overstock.com","Overstock","2%"
199379,"midinmod.com","midinmod","3.3%"
199380,"imagine.art","Imagine.art","6.5%"
199566,"auroragift.com","Aurora","3.3%"
199566,"aurora-world.myshopify.com","Aurora","3.3%"
199594,"gl-inet.com","GL-Inet","5.2%"
199647,"babylock.com","Baby Lock","3.3%"
199689,"maximustribe.com","Maximus","$16.25"
199692,"thebourbonconcierge.com","Bourbon Concierge","3.3%"
199848,"anta.com","ANTA","2.6%"
199963,"dermsilk.com","DermSilk","3.9%"
199965,"gaala.com","GaaLa","3.3%"
199974,"elspet.com","Els Pet","5.2%"
200000,"padi.com","PADI","2.6%"
200027,"heimnest.com","Heim Nest","5.2%"
200040,"theiuga.com","IUGA","9.8%"
200249,"normakamali.com","NORMA KAMALI","6.5%"
200252,"kiinde.com","Kiinde","2.6%"
200253,"osprey.com","Osprey","5.2%"
200256,"ufcfightclub.com","UFC Fight Club","5.2%"
200291,"allinclusiveoutlet.com","All Inclusive Outlet","2.6%"
200301,"vni.life","Victory Nutrition International","6.5%"
200342,"mgmresorts.com","MGM Resorts","6.5%"
200407,"hausofbrilliance.com","Haus of Brilliance","16.3%"
200414,"hocoos.com","Hocoos","19.5%"
200429,"thezeroproof.com","The Zero Proof","9.8%"
200537,"wateranywhere.com","WaterAnywhere","5.2%"
200540,"northamericanherbandspice.com","North American Herb and Spice","9.8%"
200773,"golfforever.com","GolfForever","3.3%"
200812,"one30m.com","ONE30M","3.3%"
200989,"fastestvpn.com","Fastest VPN","39%"
201062,"wentworthpuzzles.com","Wentworth Puzzles","4.6%"
201133,"clearstem.com","ClearStem Skincare","2%"
201133,"clearstemskincare.com","ClearStem Skincare","2%"
201185,"itworks.com","It Works!","3.9%"
201210,"airestech.com","Aires Tech","5.2%"
201212,"glassguard.com","Glassguard","3.3%"
201214,"girotti.com","GIROTTI","9.8%"
201217,"luggageforward.com","Luggage Forward","3.3%"
201226,"balanceapp.com","Balance","$1.95"
201287,"shop.nationaltree.com","National Tree Company","2.6%"
201287,"nationaltree.com","National Tree Company","2.6%"
201299,"naturalshilajit.com","Natural Shilajit","16.3%"
201310,"oakessentials.com","Oak Essentials","6.5%"
201321,"fragranceshop.com","FragranceShop.com","3.3%"
201322,"zumba.com","Zumba Fitness App","$16.25"
201325,"hyoufinejewelry.com","Hyou Fine Jewelry","9.8%"
201357,"hygienelab.com","HygieneLab","3.3%"
201628,"us.aktlondon.com","AKT","6.5%"
201631,"built.com","BUILT (US)","6.5%"
201696,"littletikes.com","Little Tikes","2.3%"
201697,"buybigjoe.com","Big Joe","2%"
201699,"untouchedworld.com","Untouched World","6.5%"
201744,"rosaholics.com","Rosaholics (US)","13%"
201753,"blonyx.com","Blonyx","9.8%"
201755,"sportdog.com","SportDOG","5.2%"
201758,"mattresswarehouse.com","Mattress Warehouse","0.7%"
201760,"rawrev.com","Raw Rev","26%"
201763,"redwingshoes.com","Red Wings Shoes","3.9%"
201853,"swissklip.com","Swissklip","1.3%"
201906,"kids2.com","Kids2Shop","4.6%"
201906,"shop.kids2.com","Kids2Shop","4.6%"
201907,"interviewkickstart.com","Interview Kickstart","6.5%"
201911,"sundae.school","Sundae School","3.9%"
201969,"roli.com","ROLI","3.9%"
201970,"glo.com","Glo Digital","$9.75"
201977,"bernhelmets.com","Bern Helmets","5.2%"
201993,"cafeappliances.com","Cafe Appliances (US)","1.3%"
202049,"speedwaymotors.com","Speedway Motors","2.9%"
202051,"rejuvafresh.com","Rejuva Fresh","2%"
202226,"hellotickets.com","Hello Tickets","3.3%"
202310,"bmimd.com","bmiMD (US)","$32.50"
202384,"pmdbeauty.com","PMD Beauty","6.5%"
202451,"catworkwear.com","CAT Workwear","2%"
202466,"breezygolf.com","Breezy Golf","3.3%"
202477,"dimo.co","Dimo (US)","9.8%"
202478,"furcybotanik.com","Furcy Botanik","6.5%"
202483,"getmyimmunity.com","My Immunity","3.3%"
202492,"strongcell.com","StrongCell","7.8%"
202713,"livejoju.com","JOJU","6.5%"
202721,"parcelmonkey.com","Parcel Monkey","6.5%"
202724,"simplynutrients.com","Simply Nutrients","6.5%"
202727,"colemanfurniture.com","Coleman Furniture","0.7%"
202814,"nanobebe.com","Nanobebe (US)","5.2%"
202828,"restreligion.com","Rest Religion","2.6%"
202831,"ragefitness.com","Rage Fitness","3.9%"
202886,"fogattiliving.com","Fogatti","3.3%"
202887,"easyplumbing.com","Easy Plumbing","2.3%"
202894,"ispringfilter.com","iSpring","3.3%"
202898,"sicotas.com","Sicotas","7.8%"
203232,"olivieri1882.com","Olivieri 1882","3.3%"
203233,"parallelsleep.com","Parallel Sleep","6.5%"
203394,"kailashenergy.com","Kailash Energy","6.5%"
203396,"argentumapothecary.com","Argentum","2.6%"
203396,"argentum.com","Argentum","2.6%"
203402,"shop.moen.com","Moen","6.5%"
203408,"3dlasergifts.com","Beyond Memories","6.5%"
203408,"beyond-memories.com","Beyond Memories","6.5%"
203414,"livebearded.com","Live Bearded","6.5%"
203416,"tovfurniture.com","TOV Furniture","2%"
203418,"filterbuy.com","Filterbuy","6.5%"
203607,"smmtoutdoor.com","SMMT Outdoor","6.5%"
203699,"bearbottomclothing.com","Bearbottom Clothing","6.5%"
203701,"tracerbikes.com","Tracer Bikes","6.5%"
203759,"waterguru.com","WaterGuru","6.5%"
203760,"reshoevn8r.com","Reshoevn8r","3.3%"
203774,"procompression.com","Pro Compression","1.3%"
203776,"fullwindsor.com","Full Windsor","0.7%"
203778,"treestuff.com","TreeStuff","2%"
203790,"kent.bike","Kent International","3.3%"
203797,"cruiseamerica.com","Cruise America","$16.25"
203799,"hunkmenswear.com","HUNK Menswear","6.5%"
203801,"cascadedesigns.com","Cascade Designs","2.6%"
203861,"pristinehydro.com","PristineHydro (US)","6.5%"
203956,"apriahome.com","ApiraHome","2.6%"
203977,"jockofuel.com","Jocko Fuel","9.8%"
204065,"wrinklesschminkles.com","Wrinkles Schminkles","3.9%"
204071,"ascentoutdoors.com","Ascent Outdoors","2.3%"
204078,"fijiwater.com","FIJI Water","7.8%"
204172,"thecoolcatcooler.com","COOLCAT","6.5%"
204194,"ridstar.net","Ridstar","2%"
204205,"blacktie.com","BLACKTIE","6.5%"
204304,"toty.com","TOTY","6.5%"
204935,"spectrum.com","Spectrum","$152.75"
205086,"tremendousparfum.com","Tremendous Parfum","13%"
205086,"theperfumespot.com","Tremendous Parfum","13%"
205096,"arangrant.com","Arangrant","$9.75"
205306,"alldeals.com","All Deals","5.2%"
205322,"esun3dstore.com","eSUN","3.3%"
205330,"nexustours.com","NexusTours","3.9%"
205367,"g-form.com","G-Form","3.9%"
205393,"candyinbulk.com","Candy In Bulk","2%"
205601,"sedetalife.com","SEDETA","6.5%"
205660,"liene-life.com","Liene","4.6%"
205694,"philodobikes.com","Philodo Bike","6.5%"
205731,"alivinghome.com","AlivingHome","6.5%"
205749,"kspmotor.com","DNK Motor","4.9%"
205774,"taimatitanium.com","Taima Titanium","$3.25"
205779,"flytographer.com","Flytographer","2.6%"
205780,"commomy.com","Commomy Decor","11.7%"
205807,"feelconfident.com","Feel Confident","6.5%"
205810,"landguardgarden.com","Land Guard","6.5%"
205820,"elixhealing.com","Zenchi Inc d/b/a Elix","9.8%"
205891,"layinsun.com","LayinSun","6.5%"
205907,"riversol.com","Riversol","3.9%"
205948,"wabiwhiffs.com","Wabi Whiffs","13%"
205961,"ninetyninedreams.com","Ninetynine Dreams","6.5%"
205967,"reef.com","Reef Sandals","1.6%"
205971,"murad.com","Murad","2.6%"
205982,"elixirshots.com","Elixir Shots","9.8%"
205994,"coolibar.com","Coolibar","7.2%"
206588,"solacebands.com","Solace Bands","3.9%"
206595,"fenwickfishing.com","Fenwick Fishing","6.5%"
206624,"trendingcustom.com","Trending Custom","7.8%"
206742,"missacc.com","Missacc","6.5%"
206755,"kulacloth.com","Kula Cloth","2.6%"
207168,"firstsaturdaylime.com","First Saturday Lime","2%"
207223,"tcoflyfishing.com","TCO Fly Shop","4.6%"
207367,"forthecubs.com","For the Cubs","16.3%"
207403,"sundayred.com","Sun Day Red","3.9%"
207625,"savethegirls.com","Save the Girls","2%"
207645,"lonzashoes.com","Lonza Shoes","7.8%"
207655,"goodfordad.com","Coco Moon Hawai'i","5.2%"
207655,"cocomoonhawaii.com","Coco Moon Hawai'i","5.2%"
207662,"kxkshop.com","KXKshop","6.5%"
207736,"litter-robot.com","Litter-Robot","2%"
207746,"twinklebeds.com","Twinkle Beds","9.8%"
207765,"grouprentals.com","Group Rental","2%"
207807,"fontanaforniusa.com","Fontana Forni USA","3.9%"
207808,"mckissock.com","Mckissock","3.9%"
207823,"medi-dyne.com","Medi-Dyne Healthcare Products","6.5%"
207856,"zumanutrition.com","Zuma Nutrition","3.3%"
207905,"psaskincare.shop","PSA Skincare","8.5%"
207925,"seagate.com","Seagate","2%"
207940,"bodiedbybella.com","Body by Bella","11.1%"
208032,"shopmando.com","Mando","2%"
208163,"nicetown.com","Nicetown","5.2%"
208165,"yarna.com","Yarna Water Descaler","22.8%"
208252,"statikco.com","Statik","9.8%"
208258,"deervalleybath.com","DeerValley","6.5%"
208632,"westandwillow.com","West and Willow","6.5%"
208750,"us.comfortzoneskin.com","Comfort Zone Skin","3.9%"
208952,"shophoneybug.com","HoneyBug","9.8%"
209162,"embarkvet.com","embarkvet","2.6%"
209333,"carsondellosa.com","Carson Dellosa Education","3.3%"
209964,"designevo.com","PearlMountain Limited","35.8%"
5474918,"123inkjets.com","123Inkjets","3.3%"
5474932,"1800baskets.com","1800Baskets.com","3.9%"
5474933,"1800flowers.com","1800Flowers","2%"
5474936,"1800gotjunk.com","1-800-GOT-JUNK?","1.3%"
5474939,"1800lighting.com","1-800Lighting","2%"
5474952,"1ink.com","1ink.com","6.5%"
5474965,"24-7pressrelease.com","24-7PressRelease","$9.75"
5474975,"2xist.com","2xist","2.6%"
5474979,"32degrees.com","32 Degrees","4.2%"
5474999,"4inkjets.com","4inkjets","1.3%"
5475025,"7forallmankind.com","7 For All Mankind","2.6%"
5475029,"800florals.com","1-800-FLORALS","13%"
5475043,"a1supplements.com","A1 Supplements","1.3%"
5475048,"aaptiv.com","Aaptiv","$19.50"
5475055,"abchome.com","ABC Carpet & Home","0.7%"
5475057,"abcmouse.com","ABCmouse","$5.20"
5475059,"abebooks.com","AbeBooks","2.6%"
5475068,"abt.com","Abt Electronics","3.9%"
5475076,"all.accor.com","Accorhotels.com","2.6%"
5475076,"accorhotels.com","Accorhotels.com","2.6%"
5475079,"acdsee.com","ACDSee","9.8%"
5475079,"acdsystems.com","ACDSee","9.8%"
5475083,"www.acehardware.com","Ace Hardware","16.7%"
5475092,"acronis.com","Acronis","9.8%"
5475101,"acurite.com","AcuRite","3.3%"
5475102,"adagio.com","Adagio Teas","3.3%"
5475121,"adorama.com","Adorama","1.3%"
5475123,"adoreme.com","Adore Me","6.5%"
5475125,"adrenaline.com","Adrenaline","3.3%"
5475127,"adriannapapell.com","Adrianna Papell","2.6%"
5475143,"aeroflowbreastpumps.com","Aeroflow Healthcare","6.5%"
5475145,"aeropostale.com","Aeropostale","1.6%"
5475148,"ae.com","American Eagle & Aerie","1.3%"
5475152,"constantcontact.com","Constant Contact","32.5%"
5475156,"affiliate.windycitynovelties.com","Windy City Novelties","5.9%"
5475156,"windycitynovelties.com","Windy City Novelties","5.9%"
5475171,"agjeans.com","AG Jeans","6.5%"
5475174,"agriframes.us","Agriframes","6.5%"
5475176,"ahava.com","AHAVA","4.6%"
5475176,"ahavaus.com","AHAVA","1.6%"
5475185,"airfiltersdelivered.com","Air Filters Delivered","5.2%"
5475186,"airfilters.com","AirFilters.com","7.8%"
5475195,"airportparkingreservations.com","Airport Parking Reservations","13%"
5475196,"airportrentalcars.com","AirportRentalCars.com","3.3%"
5475202,"ajmadison.com","AJ Madison","2%"
5475206,"alamo.com","Alamo Rent a Car","2%"
5475207,"alamy.com","Alamy","6.5%"
5475212,"aldoshoes.com","Aldo","3.9%"
5475217,"alexisbittar.com","Alexis Bittar","3.3%"
5475223,"alibris.com","Alibris","2.6%"
5475225,"aliceandolivia.com","Alice + Olivia","0.5%"
5475228,"aliexpress.com","AliExpress","5.2%"
5475228,"aliexpress.us","AliExpress","5.2%"
5475237,"power.tenergy.com","Tenergy","5.2%"
5475240,"allenedmonds.com","Allen Edmonds","5.9%"
5475254,"allsole.com","Allsole","5.2%"
5475262,"alpacadirect.com","Alpaca Direct","5.2%"
5475266,"alphabetdeal.com","Alphabet Deal","6.5%"
5475267,"alphaindustries.com","Alpha Industries","3.3%"
5475273,"als.com","Als.com","2%"
5475284,"alyaka.com","Alyaka","3.3%"
5475297,"ambersceats.com","Amber Sceats","5.9%"
5475307,"americangirl.com","American Girl","0.7%"
5475319,"amscope.com","AmScope","2.6%"
5475323,"amyojewelry.com","AMY O. Jewelry","6.5%"
5475326,"anantara.com","Anantara Resorts","3.3%"
5475327,"anarieldesign.com","Anariel Design","15.6%"
5475337,"angara.com","Angara","5.2%"
5475346,"anjaysdesigns.com","Anjays Designs","2.6%"
5475368,"aop.com","Alpha Omega Publications","6.5%"
5475374,"appaman.com","Appaman","1.3%"
5475382,"appliancepartspros.com","AppliancePartsPros.com, Inc.","5.9%"
5475398,"aquasana.com","Aquasana","3.3%"
5475405,"ardene.com","Ardene","1.3%"
5475419,"armorconcepts.com","Armor Concepts","6.5%"
5475445,"ashford.com","Ashford Luxury Watches","3.9%"
5475446,"ashleystewart.com","Ashley Stewart","5.2%"
5475449,"asics.com","ASICS","2%"
5475457,"astorchocolate.com","Astor Chocolate","5.2%"
5475464,"ataglance.com","AT-A-GLANCE","13%"
5475467,"athleta.gap.com","Athleta","2.6%"
5475472,"atlantisbahamas.com","Atlantis Resorts","2.6%"
5475473,"atmcollection.com","ATM Collection","4.6%"
5475483,"audials.com","Audials Windows Software","26%"
5475486,"audiobooksnow.com","AudioBooksNow","5.2%"
5475490,"augasonfarms.com","Augason Farms","6.5%"
5475516,"autoeurope.com","Auto Europe Car Rentals","3.3%"
5475525,"autonomous.ai","Autonomous Inc.","2%"
5475540,"avast.com","Avast","19.5%"
5475542,"aveda.com","Aveda","0.7%"
5475546,"avery.com","Avery","5.2%"
5475548,"avg.com","AVG","19.5%"
5475550,"avianca.com","Avianca","1.3%"
5475551,"avidmaxoutfitters.com","AvidMax","3.1%"
5475551,"avidmax.com","AvidMax","3.1%"
5475552,"avira.com","Avira","19.5%"
5475553,"avis.com","Avis Rent A Car","2%"
5475555,"avon.com","Avon","0.7%"
5475556,"avoyatravel.com","Avoya Travel","1.3%"
5475567,"awesomeseating.com","AwesomeSeating","4.6%"
5475580,"babbel.com","Babbel","7.8%"
5475597,"backcountry.com","Backcountry.com","5.2%"
5475617,"bakemeawish.com","Bake Me A Wish","8.5%"
5475620,"mybalancemeals.com","Balance by bistroMD","$13.00"
5475630,"banarepublic.gapfactory.com","Banana Republic Factory","2.6%"
5475630,"bananarepublicfactory.gapfactory.com","Banana Republic Factory","2.6%"
5475632,"bananarepublic.gap.com","Banana Republic","2.6%"
5475634,"banggood.com","BangGood","8.5%"
5475645,"barenecessities.com","Bare Necessities","3.3%"
5475653,"barrondesigns.com","Barron Designs","2%"
5475657,"baseballsavings.com","Baseball Savings","0.7%"
5475677,"battlbox.com","BattlBox","4.6%"
5475691,"beallsflorida.com","Bealls Florida","2%"
5475702,"beautifiedyou.com","BeautifiedYou.com ","6.5%"
5475704,"beautybakerie.com","Beauty Bakerie","3.3%"
5475706,"beautybrands.com","Beauty Brands","4.6%"
5475717,"beckett.com","Beckett Media","3.3%"
5475736,"beginningboutique.com","Beginning Boutique","3.3%"
5475744,"belk.com","Belk","3.9%"
5475756,"beltoutlet.com","BeltOutlet.Com","6.5%"
5475761,"benefitcosmetics.com","Benefit Cosmetics","10.4%"
5475775,"bergsskishop.com","Berg's Ski and Snowboard Shop","6.5%"
5475778,"berries.com","Shari's Berries","2%"
5475784,"bestbuy.com","Best Buy","1.3%"
5475804,"bestusedtires.com","TireMax.com","3.9%"
5475804,"tiremart.com","TireMax.com","3.9%"
5475805,"bestvetcare.com","Best Vet Care","6.5%"
5475806,"bestwesternvietnam.com","Best Western","2%"
5475806,"bestwestern.nl","Best Western","2%"
5475806,"bestwestern.com.br","Best Western","2%"
5475806,"bestwestern.co.th","Best Western","2%"
5475806,"bestwestern.fr","Best Western","2%"
5475806,"bestwestern.no","Best Western","2%"
5475806,"bestwesternindonesia.com","Best Western","2%"
5475806,"bestwestern.co.uk","Best Western","2%"
5475806,"bestwestern.pt","Best Western","2%"
5475806,"bestwestern.fi","Best Western","2%"
5475806,"bestwestern.gr","Best Western","2%"
5475806,"bestwestern.it","Best Western","2%"
5475806,"bestwestern.se","Best Western","2%"
5475806,"bestwestern.dk","Best Western","2%"
5475806,"bestwestern.jp","Best Western","2%"
5475806,"bestwestern.be","Best Western","2%"
5475806,"bestwestern.net.cn","Best Western","2%"
5475806,"bestwestern.com","Best Western","2%"
5475806,"bestwestern.co.kr","Best Western","2%"
5475806,"bestwestern.com.tr","Best Western","2%"
5475806,"bestwestern.pl","Best Western","2%"
5475812,"betseyjohnson.com","Betsey Johnson","3.3%"
5475820,"betterworldbooks.com","Better World Books","3.3%"
5475828,"beverlydiamonds.com","Beverly Diamonds","6.5%"
5475843,"bigbustours.com","Big Bus Tours","6.5%"
5475848,"biggerbooks.com","BiggerBooks.com","4.6%"
5475877,"bioliteenergy.com","BioLite","4.6%"
5475895,"bissell.com","Bissell","2.6%"
5475899,"bitdefender.se","Bitdefender","45.5%"
5475899,"bitdefender.co.uk","Bitdefender","45.5%"
5475899,"bitdefender.be","Bitdefender","45.5%"
5475899,"bitdefender.es","Bitdefender","45.5%"
5475899,"bitdefender.de","Bitdefender","45.5%"
5475899,"bitdefender.com","Bitdefender","45.5%"
5475899,"bitdefender.pt","Bitdefender","45.5%"
5475899,"bitdefender.com.au","Bitdefender","45.5%"
5475899,"bitdefender.fr","Bitdefender","45.5%"
5475899,"bitdefender.nl","Bitdefender","45.5%"
5475899,"bitdefender.com.br","Bitdefender","45.5%"
5475899,"bitdefender.ro","Bitdefender","45.5%"
5475899,"bitdefender.it","Bitdefender","45.5%"
5475899,"bitdefender.co.jp","Bitdefender","45.5%"
5475904,"bjornborg.com","Bjorn Borg","6.5%"
5475907,"blackhalo.com","Black Halo","8.3%"
5475929,"blindsexpress.com","BlindsExpress.com","2%"
5475941,"bloomingdales.com","Bloomingdale's","16.7%"
5475949,"blueapron.com","Blue Apron","13%"
5475958,"bluemercury.com","bluemercury","3.3%"
5475964,"blueseventy.com","Blueseventy","6.5%"
5475977,"bobbibrowncosmetics.com","Bobbi Brown Cosmetics","6.5%"
5476006,"bogner.com","Bogner","3.9%"
5476014,"bollandbranch.com","Boll & Branch","2.6%"
5476020,"bondno9.com","Bond No 9","3.3%"
5476022,"bonds.com.au","Bonds","4.6%"
5476025,"bonobos.com","Bonobos","3.9%"
5476027,"bonsaiboy.com","Bonsai Boy of New York","13%"
5476035,"bookbindersdesign.com","Bookbinders Design","6.5%"
5476045,"booksamillion.com","Books-a-Million","2%"
5476064,"boscovs.com","Boscov's Department Stores","2.6%"
5476083,"bowflex.com","Bowflex","5.9%"
5476088,"boxlunch.com","BoxLunch","0.7%"
5476106,"brandsmartusa.com","BrandsMart USA","2.6%"
5476117,"brenthaven.com","Brenthaven","5.2%"
5476118,"brewdemon.com","BrewDemon.com","5.2%"
5476125,"briggs-riley.com","Briggs & Riley Travelware","0.7%"
5476147,"brownsfashion.com","Browns Fashion","4.6%"
5476152,"bstn.com","BSTN","5.2%"
5476159,"buckle.com","Buckle.com","1.3%"
5476164,"budgetpetcare.com","Budget Pet Care","6.5%"
5476165,"budgetpetworld.com","BudgetPetWorld","6.5%"
5476166,"budget.com","Budget Rent a Car","2%"
5476170,"buffalojeans.com","Buffalo David Bitton","3.3%"
5476172,"easycanvasprints.com","BuildASign and EasyCanvasPrints","2%"
5476172,"buildasign.com","BuildASign and EasyCanvasPrints","2%"
5476178,"buildium.com","Buildium","22.8%"
5476178,"learn.buildium.com","Buildium","22.8%"
5476182,"bulbhead.com","BulbHead","6.5%"
5476183,"bulkofficesupply.com","BulkOfficeSupply","1.3%"
5476189,"bumbleandbumble.com","Bumble and bumble","3.9%"
5476198,"burkedecor.com","Burke Decor","4.2%"
5476199,"burkesoutlet.com","Bealls","1.3%"
5476199,"bealls.com","Bealls","1.3%"
5476205,"burpee.com","Burpee Gardening","3.3%"
5476206,"burtsbeesbaby.com","Burts Bees Baby","2.6%"
5476217,"buyautoparts.com","BuyAutoParts.com","2%"
5476218,"buydig.com","BuyDig","1.3%"
5476223,"buy.guildwars2.com","Guild Wars 2","6.5%"
5476249,"cafebritt.com","Cafe Britt Gourmet Coffee","5.2%"
5476255,"calendars.com","Calendars.com","6.5%"
5476258,"callawaygolfpreowned.com","Callaway Golf Pre-Owned","3.9%"
5476259,"callawaygolf.com","Callaway Golf","3.9%"
5476261,"calvinklein.us","Calvin Klein","2%"
5476261,"calvinklein.com","Calvin Klein","1.6%"
5476263,"cambridgesatchel.com","Cambridge Satchel","3.9%"
5476263,"us.cambridgesatchel.com","Cambridge Satchel","3.9%"
5476271,"cameronsseafood.com","Cameron's Seafood Online","1.3%"
5476274,"caminyc.com","CAMI","2%"
5476281,"campingworld.com","Camping World","6.5%"
5476282,"campmor.com","Campmor","1.6%"
5476304,"canvasdiscount.com","Canvasdiscount.com","7.8%"
5476306,"canvasonsale.com","canvasonsale.com","5.2%"
5476307,"canvaspeople.com","Canvas People","9.8%"
5476320,"care.com","Care.com","$6.50"
5476322,"carhartt.com","Carhartt","1.3%"
5476325,"cariloha.com","Cariloha","3.9%"
5476330,"carlsgolfland.com","Carl's Golfland","2.6%"
5476331,"carmellimo.com","CarmelLimo.com","3.3%"
5476351,"carters.com","Carter's","1.3%"
5476367,"case-mate.com","Case-Mate","6.5%"
5476368,"casetify.com","Casetify","6.8%"
5476370,"cashmereboutique.com","Cashmere Boutique","5.2%"
5476379,"catfootwear.com","Cat Footwear","2%"
5476405,"cellucor.com","Cellucor","11.7%"
5476405,"c4energy.com","Cellucor","11.7%"
5476420,"chacos.com","Chaco","2%"
5476426,"championusa.com","Champion Apparel","6.5%"
5476426,"champion.com","Champion Apparel","3.3%"
5476427,"champssports.com","Champs Sports","2.6%"
5476437,"charlottetilbury.com","Charlotte Tilbury","3.3%"
5476438,"chaserbrand.com","Chaser Brand","2.6%"
5476440,"chatbooks.com","Chatbooks","6.5%"
5476447,"cheapoair.com","CheapOair","$22.75"
5476460,"chemicalguys.com","Chemical Guys","1.3%"
5476464,"cheryls.com","Cheryl's Cookies","2%"
5476476,"chicme.com","ChicMe","7.8%"
5476481,"chifly.com","Chicago Fly Fishing Outfitters","4.6%"
5476485,"chineselaundry.com","Chinese Laundry","9.8%"
5476494,"choicehomewarranty.com","Choice Home Warranty","$13.00"
5476495,"choicehotels.com","Choice Hotels","2%"
5476516,"chromeindustries.com","Chrome Industries","0.5%"
5476516,"chrome-ind.myshopify.com","Chrome Industries","0.5%"
5476547,"citybeach.com","City Beach","3.9%"
5476560,"claires.com","Claire's","3.3%"
5476565,"clarks.com","Clarks","5.2%"
5476581,"clickmeeting.com","ClickMeeting","26%"
5476586,"clinique.com","Clinique","2.6%"
5476590,"cliradex.com","Cliradex","7.8%"
5476590,"prnvision.com","Cliradex","7.8%"
5476595,"clothingshoponline.com","Clothing Shop Online","3.3%"
5476604,"cmsnl.com","CMSNL.com","2.6%"
5476611,"coalatree.com","Coalatree","5.2%"
5476620,"coffeebean.com","Coffee Bean & Tea Leaf","2.6%"
5476622,"coffee.org","Coffee.org","5.2%"
5476623,"coggles.com","Coggles","3.9%"
5476627,"coldwatercreek.com","Coldwater Creek","0.7%"
5476628,"colehaan.com","Cole Haan","1.3%"
5476629,"coleman.com","Coleman","3.9%"
5476634,"colleenrothschild.com","Colleen Rothschild Beauty","5.2%"
5476636,"colorfulimages.com","Colorful Images","2%"
5476640,"columbia.com","Columbia Sportswear","5.2%"
5476645,"comboink.com","ComboInk","16.3%"
5476651,"compandsave.com","CompAndSave","9.8%"
5476657,"competitivecyclist.com","Competitive Cyclist","3.3%"
5476680,"contactlensking.com","Contact Lens King","0.7%"
5476683,"contactsdirect.com","ContactsDirect","2.6%"
5476684,"containerstore.com","The Container Store","2%"
5476688,"contiki.com","Contiki","3.3%"
5476691,"converse.com","Converse","5.2%"
5476695,"cookiesbydesign.com","Cookies by Design","5.2%"
5476714,"corelle.com","Corelle","1.3%"
5476720,"cornerstorkbabygifts.com","Corner Stork Baby Gifts","4.6%"
5476723,"corsair.com","Corsair.com","0.7%"
5476724,"cosbar.com","Cos Bar","3.9%"
5476738,"costway.com","Costway","3.3%"
5476739,"cosyfeet.com","Cosyfeet","2.6%"
5476762,"coyuchi.com","Coyuchi","4.6%"
5476765,"cpooutlets.com","CPO Outlets","1.3%"
5476766,"cpraedcourse.com","American Health Care Academy","11.7%"
5476780,"cratejoy.com","Cratejoy","5.2%"
5476787,"crazyshirts.com","Crazy Shirts","1%"
5476802,"cremedelamer.com","Creme De La Mer","3.3%"
5476810,"crocs.com","Crocs","2%"
5476818,"cruisedirect.com","CruiseDirect","2%"
5476841,"cupshe.com","Cupshe","3.3%"
5476845,"currentcatalog.com","Current Catalog","5.2%"
5476856,"cutterbuck.com","Cutter and Buck","3.3%"
5476857,"cvs.com","CVS","4.6%"
5476864,"cyber-florist.com","Cyber Florist","6.5%"
5476865,"cyberghostvpn.com","CyberGhost","29.3%"
5476866,"cyberlink.com","CyberLink Affiliate Program","19.5%"
5476881,"dailysale.com","Daily Sale","3.3%"
5476893,"dangoproducts.com","Dango Products","6.5%"
5476900,"darden.com","Darden Restaurants","1.3%"
5476904,"darntough.com","Darn Tough Vermont","0.7%"
5476905,"darphin.com","Darphin","3.9%"
5476906,"dartagnan.com","D'Artagnan","3.3%"
5476910,"dashlane.com","Dashlane","16.3%"
5476911,"daskeyboard.com","Das Keyboard","9.8%"
5476920,"daytimer.com","Day-Timer","13%"
5476958,"deepdiscount.com","Deep Discount","2.1%"
5476993,"dentalplans.com","DentalPlans.com","$16.25"
5476998,"depositphotos.com","Depositphotos","13%"
5477001,"dermaclara.com","Dermaclara","$5.20"
5477003,"dermae.com","DERMA E","3.3%"
5477004,"dermaflash.com","Dermaflash","4.2%"
5477006,"dermelect.com","Dermelect","2%"
5477007,"desertessence.com","Desert Essence","3.9%"
5477010,"designbyhumans.com","Design by Humans","2%"
5477011,"designcrowd.com","DesignCrowd","$0.65"
5477023,"dxl.com","DXL","1.3%"
5477023,"destinationxl.com","DXL","1.3%"
5477054,"diamondveneer.com","Diamond Veneer","9.8%"
5477057,"diecastmodelswholesale.com","Diecast","6.5%"
5477072,"dinnerly.com","Dinnerly","$6.50"
5477088,"discountdance.com","Discount Dance","2.6%"
5477089,"discountednewspapers.com","Newspaper Subscription","13%"
5477099,"discountsurgical.com","Discount Surgical","3.3%"
5477102,"dish.com","Dish Network","$91.00"
5477120,"dji.com","DJI","2.6%"
5477124,"dl1961.com","DL1961 Women","3.9%"
5477144,"dolcevita.com","DolceVita.com","1.3%"
5477145,"dollardays.com","DollarDays","3.3%"
5477147,"dollar.com","Dollar Rent-A-Car","0.7%"
5477157,"donjoystore.com","DonJoy Store","3.3%"
5477158,"dkny.com","DKNY","0.7%"
5477158,"donnakaran.com","DKNY","0.7%"
5477165,"dormify.com","Dormify","5.2%"
5477177,"dowerandhall.com","Dower and Hall","4.6%"
5477182,"draperjames.com","Draper James","5.2%"
5477186,"drberg.com","Dr. Berg","4.6%"
5477186,"shop.drberg.com","Dr. Berg","4.6%"
5477187,"drbrandtskincare.com","Dr. Brandt Skincare","2%"
5477196,"dresslily.com","Dresslily","6.5%"
5477200,"drfuhrman.com","Dr. Fuhrman","7.8%"
5477204,"drhonow.com","Dr Ho's","7.8%"
5477213,"driversed.com","Drivers Ed","6.5%"
5477213,"idrivesafely.com","Drivers Ed","6.5%"
5477222,"dronenerds.com","Drone Nerds","0.7%"
5477236,"moonbowsleep.com","DubsLabs","0.7%"
5477236,"dubslabs.com","DubsLabs","0.7%"
5477248,"durangoboots.com","Durango Boots","9.8%"
5477254,"dwr.com","Design Within Reach","1.3%"
5477256,"dylanscandybar.com","Dylan's Candy Bar","3.9%"
5477257,"dynadot.com","Dynadot.com","16.3%"
5477259,"dynamiteclothing.com","Dynamite Clothing","3.3%"
5477263,"dyson.com","Dyson","1.3%"
5477269,"us.easirent.com","Easirent US & CA","4.6%"
5477276,"eastpak.com","Eastpak","3.3%"
5477299,"easyskinz.com","Qskinz","3.9%"
5477300,"easyspace.com","Easyspace","19.5%"
5477301,"easyspirit.com","Easy Spirit","3.9%"
5477318,"eboost.com","EBOOST","0.7%"
5477320,"ecampus.com","eCampus.com","5.2%"
5477340,"eddiebauer.com","Eddie Bauer","1.3%"
5477349,"edureka.co","Edureka","9.1%"
5477352,"edx.org","edX","6.5%"
5477354,"efax.com","eFax","$18.20"
5477357,"effyjewelry.com","Effy Jewelry","2%"
5477367,"egoshoes.com","Ego Shoes Ltd","3.3%"
5477399,"us.elemis.com","ELEMIS","2%"
5477399,"elemis.com","ELEMIS","2%"
5477402,"elfcosmetics.com","e.l.f. Cosmetics","3.3%"
5477416,"elizabetharden.com","Elizabeth Arden","2.6%"
5477454,"engagedmedia.store","Engaged Media Inc.","9.8%"
5477454,"engagedmediamags.com","Engaged Media Inc.","9.8%"
5477455,"englandrugbystore.com","ENGLAND RUGBY STORE","1.3%"
5477467,"shop.entertainment.com","Entertainment.com","13%"
5477468,"entirelypetspharmacy.com","EntirelyPets Pharmacy","2%"
5477469,"entirelypets.com","EntirelyPets","3.9%"
5477472,"en-us.sennheiser.com","Sennheiser","5.9%"
5477472,"sennheiser-hearing.com","Sennheiser","5.9%"
5477475,"xcaret.com","Xcaret.com","3.9%"
5477483,"epromos.com","ePromos","1.3%"
5477484,"epson.com","Epson","1.3%"
5477490,"equipesport.com","Equipe Sport","3.9%"
5477496,"ereleases.com","eReleases Press Release Distribution","$226.85"
5477497,"ergobaby.com","Ergobaby","2.6%"
5477518,"eshop.macsales.com","Mac Sales | Other World Computing","19.5%"
5477536,"esteelauder.com","Estee Lauder","5.2%"
5477548,"ethelm.com","Ethel M Chocolates","3.3%"
5477556,"ettitude.com","Ettitude","3.3%"
5477557,"etundra.com","TundraFMP","3.3%"
5477562,"eukhost.com","eUKhost Ltd","42.3%"
5477573,"evan-moor.com","Evan-Moor Educational Publishers","4.6%"
5477578,"evelom.com","Eve Lom","1.3%"
5477585,"everlywell.com","Everlywell","$4.55"
5477586,"evermine.com","Evermine","6.5%"
5477592,"everyman.co","Everyman","6.5%"
5477619,"expertrating.com","ExpertRating","19.5%"
5477630,"extendedstayamerica.com","Extended Stay America","2.6%"
5477632,"eyebuydirect.com","EyeBuyDirect","2.6%"
5477634,"eyedictive.com","Eyedictive","5.2%"
5477636,"eyeglasses.com","Eyeglasses.com","5.9%"
5477650,"eztaxreturn.com","ezTaxReturn.com","16.3%"
5477655,"fabfitfun.com","FabFitFun","$3.25"
5477665,"factorydirectfilters.com","Factory Direct Filters","3.3%"
5477668,"fahertybrand.com","Faherty","1.3%"
5477678,"famousfootwear.com","Famous Footwear","2%"
5477681,"fanatics.com","Fanatics","5.2%"
5477697,"farfetch.com","Farfetch","1.3%"
5477699,"farmandfleet.com","Blain Farm & Fleet","3.3%"
5477718,"fatbraintoys.com","Fat Brain Toys","3.9%"
5477729,"fc-moto.com","FC Moto","4.2%"
5477732,"office.fedex.com","FedEx Office","2%"
5477769,"findmypast.com","findmypast","20.8%"
5477771,"finejewelers.com","FineJewelers.com","2.6%"
5477777,"firstaidbeauty.com","First Aid Beauty","2.6%"
5477781,"firstleaf.com","Firstleaf Wine Club","$13.00"
5477781,"firstleaf.club","Firstleaf Wine Club","$13.00"
5477785,"fishwest.com","Fishwest","5.2%"
5477787,"fitflop.com","FitFlop","2.6%"
5477804,"fitzandfloyd.com","Fitz and Floyd","5.2%"
5477807,"fiverr.com","Fiverr","$4.55"
5477820,"flexispot.com","Flexispot","1.3%"
5477821,"flexshopper.com","FlexShopper","$16.25"
5477824,"flighthub.com","FlightHub","6.5%"
5477841,"floraqueen.com","Floraqueen","6.5%"
5477845,"florists.com","Florists.com","2%"
5477846,"florsheim.com","Florsheim","1.3%"
5477852,"flowersfast.com","Flowers Fast","13%"
5477854,"flowershopping.com","FlowerShopping.com","1.3%"
5477885,"footlocker.com","Foot Locker","2.6%"
5477894,"foreo.com","Foreo","4.6%"
5477944,"foxrentacar.com","Fox Rent A Car","2.6%"
5477947,"sobelia.com","Fragora","5.2%"
5477947,"fragora.com","Fragora","5.2%"
5477950,"fragrancenet.com","FragranceNet.com","1.3%"
5477952,"fragrancex.com","FragranceX.com","3.9%"
5477955,"framesdirect.com","FramesDirect.com","2.6%"
5477961,"francosarto.com","Franco Sarto","2%"
5477965,"shop.franklinplanner.com","FranklinPlanner","6.5%"
5477965,"franklinplanner.com","FranklinPlanner","6.5%"
5477972,"fredericks.com","Frederick's of Hollywood","3.3%"
5477973,"fredmeyerjewelers.com","Fred Meyer Jewelers","4.6%"
5477976,"freecountry.com","Free Country","2%"
5477988,"freepeople.com","Free People","2%"
5477997,"frenchtoast.com","French Toast","2.6%"
5478018,"fromyouflowers.com","From You Flowers","5.2%"
5478025,"fruitbouquets.com","FruitBouquets","3.9%"
5478029,"ftd.com","FTD","5.2%"
5478033,"fugoo.com","Fugoo","9.8%"
5478049,"fun.com","Fun.com","5.2%"
5478059,"fuselenses.com","Fuse Lenses","2%"
5478067,"fye.com","FYE.com","2%"
5478068,"g2a.com","G2A","1.3%"
5478071,"gadventures.com","G Adventures","4.6%"
5478077,"gallerycollection.com","Gallery Collection","2.6%"
5478081,"gameduell.com","GameDuell","$9.75"
5478084,"gamersgate.com","GamersGate.com","3.3%"
5478087,"gamestop.com","GameStop","6.5%"
5478097,"gapfactory.com","Gap Factory","2.6%"
5478125,"geapplianceparts.com","GE Appliances Parts & Accessories","1.3%"
5478130,"gearx.com","Outdoor Gear Exchange","3.9%"
5478135,"gelpro.com","GelPro","3.3%"
5478136,"gemandharmony.com","Gem and Harmony","3.9%"
5478152,"georgiaboot.com","Georgia Boot","9.8%"
5478168,"getjackblack.com","Jack Black","3.3%"
5478175,"getnamenecklace.com","GetNameNecklace","2%"
5478176,"getolympus.com","Olympus","2%"
5478176,"explore.omsystem.com","Olympus","2%"
5478188,"getskitickets.com","GetSkiTickets.com","2%"
5478191,"getthelabel.com","Get The Label","2%"
5478200,"ghdhair.com","GHD Hair","2%"
5478201,"ghirardelli.com","Ghirardelli Chocolate","5.2%"
5478210,"giftcards.com","GiftCards.com","3.3%"
5478213,"giftsforyounow.com","GiftsForYouNow.com","5.2%"
5478221,"gilt.com","Gilt","2%"
5478237,"glassesshop.com","GlassesShop","7.8%"
5478238,"glasses.com","Glasses.com","3.9%"
5478243,"globaldelight.com","Global Delight Apps","19.5%"
5478244,"globalindustrial.com","Global Equipment Company","2.6%"
5478249,"glossier.com","Glossier","2.6%"
5478260,"gnc.com","GNC","0.7%"
5478269,"gobble.com","Gobble","$7.80"
5478275,"godaddy.com","GoDaddy","6.5%"
5478277,"godiva.com","Godiva","1.3%"
5478282,"gognarly.com","Gnarly","5.2%"
5478289,"goldmedalwineclub.com","Gold Medal Wine Club","9.8%"
5478319,"goodamerican.com","Good American","0.7%"
5478331,"gorjana.com","gorjana","2.6%"
5478340,"gourmetfoodstore.com","GourmetFoodStore","6.5%"
5478341,"gourmetfoodworld.com","Gourmet Food World","6.5%"
5478342,"gourmetgiftbaskets.com","GourmetGiftBaskets.com","9.8%"
5478363,"grandecosmetics.com","Grande Cosmetics","9.8%"
5478369,"grassracks.com","Grassracks","6.5%"
5478374,"greatclubs.com","Clubs of America","$7.80"
5478377,"greatergood.com","GreaterGood","1.3%"
5478377,"store.greatergood.com","GreaterGood","1.3%"
5478382,"greatvaluevacations.com","Great Value Vacations","2%"
5478384,"greenchef.com","Green Chef","$16.25"
5478387,"greenmangaming.com","Green Man Gaming","1.6%"
5478393,"greetingcarduniverse.com","Greeting Card Universe","0.4%"
5478403,"groupon.com","Groupon","3.9%"
5478406,"growgorgeous.com","Grow Gorgeous","7.2%"
5478422,"shop.guess.com","Guess","2.6%"
5478422,"guess.com","Guess","2.6%"
5478460,"haband.com","Haband","3.3%"
5478464,"haggar.com","Haggar.com","4.6%"
5478465,"haircarechoices.com","Beauty Care Choices","0.5%"
5478465,"beautycarechoices.com","Beauty Care Choices","0.5%"
5478481,"halloweencostumes.com","HalloweenCostumes","5.2%"
5478483,"halston.com","Halston","3.3%"
5478487,"hampdenclothing.com","Hampden Clothing","9.8%"
5478492,"handybook.com","Handy.com","$13.00"
5478492,"handy.com","Handy.com","$16.25"
5478496,"hannaandersson.com","Hanna Andersson","2%"
5478499,"hansonellis.com","HansonEllis","4.6%"
5478516,"harryanddavid.com","Harry & David","2%"
5478518,"harveynichols.com","Harvey Nichols","3.9%"
5478522,"hatley.com","Hatley","3.3%"
5478523,"hats.com","Hats.com","6.5%"
5478528,"hawaiianairlines.com","Hawaiian Airlines","1%"
5478529,"hawesandcurtis.com","Hawes and Curtis","3.9%"
5478542,"hbx.com","HBX","6.5%"
5478545,"hdis.com","HDIS","6.5%"
5478553,"withings.com","Withings","4.6%"
5478553,"health.nokia.com","Withings","4.6%"
5478555,"healthproductsforyou.com","HealthyProductsForYou","3.3%"
5478559,"healthycell.com","Healthycell","3.3%"
5478575,"heatandcool.com","Heat & Cool","2.6%"
5478592,"helzberg.com","Helzberg Diamonds","2.6%"
5478608,"hertz.com","Hertz","2%"
5478611,"heydude.com","HEYDUDE","2.6%"
5478611,"heydudeshoesusa.com","HEYDUDE","2.6%"
5478624,"highlights.com","Highlights For Children","2.6%"
5478625,"shop.highsierra.com","High Sierra","3.3%"
5478633,"hiphopbling.com","Hip Hop Bling","7.8%"
5478648,"hobbylobby.com","Hobby Lobby","1.3%"
5478649,"hobbytron.com","HobbyTron.com","7.8%"
5478656,"hockeyworld.com","Perani's Hockey World","3.3%"
5478661,"holidayautos.com","Holiday Autos","3.3%"
5478672,"homary.com","Homary","4.6%"
5478674,"homeandcooksales.com","All-Clad Factory Seconds","6.5%"
5478677,"cricut.com","Cricut","3.9%"
5478679,"homedics.com","HoMedics","1.3%"
5478689,"homesick.com","Homesick Candles","3.9%"
5478689,"homesickcandles.com","Homesick Candles","3.3%"
5478699,"honest.com","The Honest Company","2.6%"
5478708,"hookandtackle.com","Hook & Tackle","5.2%"
5478711,"hootsuite.com","HootSuite","13%"
5478717,"horizn-studios.com","Horizn Studios","9.8%"
5478721,"horseloverz.com","HorseLoverZ.com","2%"
5478732,"hostgator.com","Hostgator","45.5%"
5478734,"hosting.co.uk","HOSTING.co.uk","32.5%"
5478736,"hostpapa.com","Hostpapa","9.8%"
5478742,"hotelplanner.com","HotelPlanner.com","26%"
5478755,"hottopic.com","Hot Topic","0.7%"
5478763,"houseofinks.com","HouseofInks","3.3%"
5478764,"houseofstaunton.com","House of Staunton","2%"
5478810,"hsn.com","HSN","2%"
5478813,"hudsonjeans.com","Hudson Jeans","3.3%"
5478838,"hydroblu.com","HydroBlu","5.2%"
5478839,"hydroflask.com","Hydro Flask","2.6%"
5478855,"iberia.com","IBERIA","0.7%"
5478881,"idrive.com","IDrive","$9.75"
5478893,"ihg.com","IHG","2.6%"
5478902,"us.illamasqua.com","Illamasqua","6.5%"
5478904,"illy.com","illy","3.9%"
5478904,"shop.illy.com","illy","3.9%"
5478920,"incase.com","Incase","3.9%"
5478921,"incipio.com","Incipio","3.9%"
5478929,"indochino.com","Indochino","2%"
5478931,"infinitealoe.shop","InfiniteAloe","6.5%"
5478933,"anntaylor.com","Ann Taylor","0.7%"
5478937,"informit.com","Pearson Education (InformIT)","5.2%"
5478939,"inhabitny.com","Inhabit","7.8%"
5478940,"inkcartridges.com","InkCartridges.com","1.3%"
5478942,"inkfactory.com","Ink Factory","5.2%"
5478959,"inspiredcases.com","Inspired Cases","5.2%"
5478997,"interserver.net","Interserver","$65.00"
5479006,"invitehealth.com","Invite Health","9.8%"
5479009,"iolo.com","Iolo System Mechanic","26%"
5479018,"iqair.com","IQAir","4.6%"
5479026,"store.irobot.com","iRobot","5.2%"
5479026,"irobot.com","iRobot","5.2%"
5479030,"irvsluggage.com","Irv's Luggage","3.9%"
5479035,"isa-professional.com","ISA Professional","6.5%"
5479046,"italist.com","Italist","7.8%"
5479051,"itgovernanceusa.com","IT Governance","9.1%"
5479070,"iwantproof.com","Proof Eyewear","6.5%"
5479084,"jackssurfboards.com","Jack's Surfboards","5.2%"
5479095,"jalbum.net","Jalbum","13%"
5479096,"jameco.com","JAMECO","3.3%"
5479104,"jansport.com","JanSport","1.3%"
5479107,"jared.com","Jared Jewelers","1.3%"
5479108,"jarlolondon.com","Jarlo London","2.6%"
5479116,"jcpenney.com","JCPenney","2%"
5479130,"jellybelly.com","JellyBelly","5.9%"
5479136,"jessops.com","Jessops","3.3%"
5479138,"aviasales.com","JetRadar.com","24%"
5479138,"jetradar.com","JetRadar.com","24%"
5479140,"jeulia.com","Jeulia Jewelry","3.3%"
5479148,"jewlr.com","Jewlr","2%"
5479155,"jinsoon.com","JINsoon","3.3%"
5479160,"jny.com","Jones NY","1.3%"
5479167,"joesnewbalanceoutlet.com","Joes New Balance Outlet","1.3%"
5479170,"johnhardy.com","John Hardy","1.6%"
5479173,"johnnie-o.com","johnnie O","6.5%"
5479177,"johnsonfitness.com","Johnson Fitness and Wellness","2.6%"
5479178,"johnstonmurphy.com","Johnston & Murphy","2.6%"
5479185,"jomalone.com","Jo Malone","3.9%"
5479192,"josbank.com","Jos. A. Bank","2%"
5479199,"journeys.com","Journeys","5.2%"
5479202,"joylot.com","JoyLot","3.3%"
5479218,"juicycouture.com","Juicy Couture","3.3%"
5479223,"junejacobs.com","June Jacobs","7.3%"
5479225,"jurlique.com","Jurlique","5.9%"
5479231,"justblinds.com","Just Blinds","1.3%"
5479236,"justflowers.com","JustFlowers.com","11.7%"
5479237,"justfly.com","JUSTFLY","6.5%"
5479270,"karmaloop.com","Karmaloop","3.9%"
5479279,"katespade.com","Kate Spade","2.6%"
5479281,"katom.com","Katom","3.9%"
5479287,"kay.com","Kay Jewelers","3.9%"
5479288,"keds.com","Keds","2%"
5479293,"keepsakequilting.com","Keepsake Quilting","3.9%"
5479299,"kendrascott.com","Kendra Scott","3.9%"
5479301,"kennethcole.com","Kenneth Cole","5.2%"
5479308,"keurig.com","Keurig","5.2%"
5479312,"keywestaloe.com","Key West Aloe","6.5%"
5479326,"kidrobot.com","Kidrobot","6.5%"
5479331,"kidsfootlocker.com","Kids Foot Locker","2.6%"
5479335,"kidstir.com","Kidstir","5.2%"
5479336,"kiehls.com","Kiehl's","2.6%"
5479339,"kikocosmetics.com","Kiko","3.9%"
5479350,"kinguin.net","Kinguin","6.5%"
5479361,"kiwico.com","KiwiCo","6.5%"
5479378,"klymit.gathroutdoors.com","Klymit","9.8%"
5479378,"klymit.com","Klymit","9.8%"
5479383,"knetbooks.com","Knetbooks.com","5.2%"
5479386,"knix.com","Knix","3.9%"
5479387,"knockaround.com","Knockaround","6.5%"
5479397,"kohls.com","Kohl's","16.7%"
5479400,"koleimports.com","Kole Imports","2%"
5479412,"korres.com","KORRES","3.3%"
5479413,"korwater.com","KOR Water","6.5%"
5479426,"kruveinc.com","KRUVE","5.2%"
5479431,"kule.com","Kule","2.6%"
5479432,"kurtgeiger.com","Kurt Geiger","1%"
5479451,"lagence.com","L'Agence","4.6%"
5479451,"lagencefashion.com","L'Agence","4.6%"
5479459,"lamadeclothing.com","LAmade Clothing","5.2%"
5479474,"landsend.com","Lands' End","5.2%"
5479474,"business.landsend.com","Lands' End","5.2%"
5479475,"lanebryant.com","Lane Bryant","1.3%"
5479476,"us.laneige.com","Laneige","5.9%"
5479476,"laneige.com","Laneige","5.9%"
5479482,"laplink.com","Laplink","0.7%"
5479487,"laroche-posay.us","La Roche-Posay","7.2%"
5479499,"latamairlines.com","LATAM Airlines","1.3%"
5479511,"laurenmoshi.com","Lauren Moshi","2%"
5479525,"la-z-boy.com","La-Z-Boy","2.6%"
5479526,"lazyone.com","LazyOne","5.2%"
5479527,"lbclighting.com","LBC Lighting","5.2%"
5479528,"lbcmodern.com","LBC Modern","5.2%"
5479555,"leatherman.com","Leatherman","3.3%"
5479564,"lecreuset.com","Le Creuset","2.6%"
5479573,"lifeextension.com","LifeExtension","6.5%"
5479580,"legionathletics.com","Legion Athletics","7.8%"
5479583,"lehmans.com","Lehman's","5.2%"
5479587,"scuba.com","Scuba.com","3.3%"
5479587,"leisurepro.com","Scuba.com","3.3%"
5479593,"lenovo.com","Lenovo","2%"
5479594,"lenox.com","Lenox","0.7%"
5479596,"lenspure.com","LensPure","5.2%"
5479603,"leonisa.com","Leonisa","2.6%"
5479627,"lids.com","Lids","5.2%"
5479633,"lifeisgood.com","Life is good","5.2%"
5479638,"lifestride.com","LifeStride","3.9%"
5479642,"liftopia.com","Liftopia.com","2%"
5479649,"lightinthebox.com","LightInTheBox","2%"
5479653,"lightsonline.com","LightsOnline.com","5.9%"
5479657,"theframery.com","The Framery","3.9%"
5479657,"liingoeyewear.com","The Framery","3.9%"
5479659,"lillianvernon.com","Lillian Vernon","5.2%"
5479666,"limogesjewelry.com","Limoges Jewelry","7.8%"
5479669,"lindtusa.com","Lindt Chocolatier","2.6%"
5479686,"training.linuxfoundation.org","The Linux Foundation","13%"
5479711,"livingdna.com","Living DNA","5.9%"
5479712,"livingproof.com","Living Proof","1.3%"
5479719,"ln-cc.com","LN-CC","3.3%"
5479721,"localflavor.com","LocalFlavor.com","7.8%"
5479727,"logitech.com","Logitech","2.6%"
5479741,"lolaroseglobal.com","Lola Rose","6.5%"
5479742,"lolelife.com","Lole","3.9%"
5479767,"lorman.com","Lorman","19.5%"
5479768,"lornajane.com","Lorna Jane","3.3%"
5479793,"lovesac.com","Lovesac","1.3%"
5479795,"love-scent.com","Love Scent Pheromone","19.5%"
5479801,"lowes.com","Lowe's","16.7%"
5479806,"lspace.com","L*Space","3.3%"
5479811,"luckybrand.com","Lucky Brand","4.6%"
5479813,"luckyshotusa.com","Lucky Shot USA","5.2%"
5479820,"lugz.com","Lugz Footwear","5.2%"
5479834,"lunarship.com","Lunarship Software","0.7%"
5479847,"lyft.com","Lyft","$2.60"
5479860,"rz.mackeeper.com","MacKeeper","32.5%"
5479860,"mackeeper.com","MacKeeper","32.5%"
5479865,"macofalltrades.com","Mac of all Trades","2%"
5479866,"macpaw.com","MacPaw","52%"
5479868,"macys.com","Macy's","16.7%"
5479882,"magazineline.com","MagazineLine","2.6%"
5479884,"magazines.com","Magazines.com","6.5%"
5479899,"magoosh.com","Magoosh","5.2%"
5479910,"majorlens.com","Major Lens","7.8%"
5479933,"malinandgoetz.com","Malin+Goetz","3.3%"
5479941,"manduka.com","Manduka","1.3%"
5479955,"manukadoctor.com","Manuka Doctor","6%"
5479961,"marcfisherfootwear.com","Marc Fisher Footwear","1.3%"
5479967,"marika.com","Marika","6.5%"
5479971,"marissacollections.com","Marissa Collections","2.6%"
5479974,"marketxls.com","MarketXLS","6.5%"
5479974,"track.flexlinkspro.com","MarketXLS","10.4%"
5479984,"marshall.com","Marshall Headphones","3.3%"
5479984,"marshallheadphones.com","Marshall Headphones","3.3%"
5479985,"marshalls.com","Marshalls","2%"
5480002,"masterdynamic.com","Master & Dynamic","3.3%"
5480019,"matissefootwear.com","Matisse Footwear","4.2%"
5480023,"mattandnat.com","Matt & Nat","2.6%"
5480024,"mattressfirm.com","Mattress Firm","3.9%"
5480027,"maurices.com","Maurices","2.6%"
5480043,"us.mcmworldwide.com","MCM","1.3%"
5480043,"mcmworldwide.com","MCM","1.3%"
5480063,"medjetassist.com","Medjet","9.8%"
5480076,"melissaanddoug.com","Melissa and Doug","2%"
5480092,"menswearhouse.com","The Men's Wearhouse","3.3%"
5480100,"merrell.com","Merrell","2%"
5480109,"meundies.com","MeUndies","3.9%"
5480119,"michaelkors.com","Michael Kors","3.3%"
5480121,"michaelstars.com","Michael Stars","6.5%"
5480136,"peets.com","Peet's Coffee","5.2%"
5480137,"mignonnegavigan.com","Migonne Gavigan","3.9%"
5480138,"miir.com","MiiR","2.6%"
5480141,"mikasa.com","Mikasa","2.6%"
5480142,"milanoo.com","Milanoo","9.1%"
5480147,"militarywatchexchange.com","Military Watch Exchange","5.9%"
5480161,"mindware.com","Mindware","0.7%"
5480161,"mindware.orientaltrading.com","Mindware","0.7%"
5480165,"minervacrafts.com","Minerva Crafts","10.4%"
5480165,"minerva.com","Minerva Crafts","10.4%"
5480202,"mizunousa.com","Mizuno","5.2%"
5480230,"modernbathroom.com","Modern Bathroom","3.3%"
5480235,"modlily.com","Modlily.com","9.8%"
5480240,"charlesandcolvard.com","Charles and Colvard","3.3%"
5480240,"moissanite.com","Charles and Colvard","6.5%"
5480259,"monicavinader.com","Monica Vinader","3.3%"
5480262,"monoprice.com","Monoprice","2%"
5480265,"monspeakix.com","Mons Peak IX","6.5%"
5480277,"monticelloshop.org","Monticello Shop","5.2%"
5480281,"moo.com","Moo","5.2%"
5480298,"motivxtools.com","Motivx Tools","6.5%"
5480313,"mountainhardwear.com","Mountain Hardwear","5.2%"
5480314,"mountainhouse.com","Mountain House","6.5%"
5480322,"moviesunlimited.com","Movies Unlimited","9.1%"
5480331,"mrp.com","MRP.com","4.6%"
5480332,"mrsfields.com","Mrs. Fields","5.2%"
5480336,"mscdirect.com","MSC","1.3%"
5480343,"mtdparts.com","MTD Parts","2.6%"
5480354,"murrayscheese.com","Murray's Cheese","3.9%"
5480384,"my1styears.com","My 1st Years","2.6%"
5480391,"mybag.com","MyBag","5.2%"
5480402,"mychicagosteak.com","Chicago Steak Company","5.2%"
5480404,"mycleaningproducts.com","MyCleaningProducts.com","19.5%"
5480414,"myevergreen.com","My Evergreen","4.6%"
5480429,"mykitsch.com","KITSCH","6.5%"
5480430,"mylabbox.com","myLab Box","9.8%"
5480436,"mymemories.com","MyMemories","9.8%"
5480461,"tabcat.com","TabCat","6.5%"
5480472,"myweddingfavors.com","My Wedding Favors","4.6%"
5480474,"mzskin.com","MZ Skin","2.6%"
5480475,"naadam.co","Naadam","3.9%"
5480481,"nailsinc.com","Nails Inc","5.2%"
5480481,"us.nailsinc.com","Nails Inc","5.2%"
5480486,"nambe.com","Nambe","4.6%"
5480497,"nasm.org","National Academy of Sports Medicine","6.5%"
5480502,"nationalcar.com","National Car Rental","2%"
5480509,"nativeunion.com","Native Union","5.2%"
5480510,"natnast.com","Nat Nast","4.2%"
5480515,"nhc.com","Natural Healthy Concepts","6.5%"
5480517,"naturalizer.com","Naturalizer","3.3%"
5480523,"naturepedic.com","Naturepedic","6.5%"
5480527,"nautica.com","Nautica","1.6%"
5480536,"nealsyardremedies.com","Neal's Yard Remedies","5.2%"
5480536,"us.nealsyardremedies.com","Neal's Yard Remedies","5.2%"
5480537,"nearlynatural.com","Nearly Natural","5.2%"
5480540,"levelsleep.com","Nectar Sleep","7.8%"
5480540,"nectarsleep.com","Nectar Sleep","7.8%"
5480547,"nestbedding.com","Nest Bedding","2%"
5480557,"networksolutions.com","Network Solutions","$65.00"
5480567,"newark.com","Newark","1.6%"
5480568,"newarrivaldress.com","NewArrivalDress US","7.8%"
5480569,"newbalance.com","New Balance","4.6%"
5480573,"neweggbusiness.com","Newegg Business","0.7%"
5480574,"newegg.com","Newegg","1.3%"
5480575,"newellbrands.com","FoodSaver","2%"
5480575,"foodsaver.com","FoodSaver","2%"
5480575,"calphalon.com","FoodSaver","2%"
5480576,"neweracap.com","New Era Cap","2.6%"
5480585,"newspapers.com","Newspapers.com","13%"
5480589,"newyorkcomedyclub.com","New York Comedy Club","2.9%"
5480591,"newyorkpass.com","The New York Pass","3.9%"
5480607,"nike.com","NIKE","2%"
5480611,"ninashoes.com","Nina Shoes","4.6%"
5480613,"ninewest.com","Nine West","2%"
5480614,"ninjakitchen.com","Ninja Kitchen","2.6%"
5480641,"nordictrack.com","NordicTrack","2.6%"
5480643,"nordvpn.com","NordVPN","29.3%"
5480646,"noritakechina.com","Noritake","3.3%"
5480662,"novica.com","NOVICA","19.5%"
5480673,"numehair.com","NuMe","10.4%"
5480673,"numeusa.com","NuMe","10.4%"
5480674,"nunnbush.com","Nunn Bush","3.9%"
5480680,"nutrisystem.com","NutriSystem","$19.50"
5480682,"nuu-muu.com","Nuu-Muu","5.2%"
5480686,"nydj.com","NYDJ","2.6%"
5480698,"oakleysi.com","Oakley Standard Issue","2.6%"
5480699,"oakley.com","Oakley","5.9%"
5480737,"oldnavy.gap.com","Old Navy","2.6%"
5480740,"olehenriksen.com","Ole Henriksen","2.6%"
5480747,"omahasteaks.com","Omaha Steaks","5.2%"
5480749,"omcgear.com","OMCgear","5.2%"
5480766,"onehanesplace.com","OneHanesPlace.com","0.7%"
5480774,"oneteaspoon.com","ONETEASPOON","6.5%"
5480776,"onetravel.com","OneTravel","$16.25"
5480804,"ooma.com","Ooma","$130.00"
5480806,"oo-software.com","O&O Software","26%"
5480827,"oreilly.com","O'Reilly","0.7%"
5480837,"origins.com","Origins","3.9%"
5480843,"oroton.com","Oroton","3.6%"
5480843,"oroton.com.au","Oroton","3.6%"
5480845,"orvis.com","Orvis","0.3%"
5480851,"otterbox.com","OtterBox","4.6%"
5480856,"ouidad.com","Ouidad","2.6%"
5480868,"outlandusa.com","Outland USA","1.6%"
5480871,"whirlpool.com","Whirlpool","2%"
5480881,"overtons.com","Overton's","6.5%"
5480886,"us.oxfordbiolabs.com","Oxford Biolabs","6.5%"
5480886,"oxbiolabs.com","Oxford Biolabs","6.5%"
5480894,"pacificcoast.com","Pacific Coast Feather Company","3.9%"
5480896,"pacsun.com","PacSun","0.7%"
5480901,"banter.com","Banter by Piercing Pagoda","2.6%"
5480901,"pagoda.com","Banter by Piercing Pagoda","2.6%"
5480910,"palaceresorts.com","Palace Resorts","2.6%"
5480910,"ad.doubleclick.net","Palace Resorts","2.6%"
5480916,"palmbeachperfumes.com","Palm Beach Perfumes","7.8%"
5480923,"pandasecurity.com","Panda Security","22.8%"
5480938,"paragon-software.com","Paragon Software Group","5.2%"
5480939,"paragonsports.com","Paragon Sports","5.2%"
5480952,"pariscityvision.com","ParisCityVision.com","6.5%"
5480965,"parksleepfly.com","Park Sleep Fly","13%"
5480972,"parts-express.com","Parts Express","3.9%"
5480985,"patchmd.com","PatchMD","5.2%"
5480988,"patpat.com","PatPat","7.8%"
5480990,"patrickjames.com","Patrick James","4.6%"
5480992,"paulaschoice.com","Paula's Choice","4.6%"
5480993,"paulayoung.com","Paula Young","3.3%"
5480999,"pavers.us","Pavers","0.7%"
5481001,"paychex.com","Paychex","$260.00"
5481010,"pcrichard.com","P.C. Richard & Son","1.6%"
5481046,"peoplefinders.com","PeopleFinders","$3.25"
5481057,"perfectlensworld.com","PerfectLensWorld","5.2%"
5481068,"perfume.com","Perfume.com","0.7%"
5481071,"perriconemd.com","Perricone MD","7.2%"
5481072,"perryellis.com","Perry Ellis","2.6%"
5481073,"personalabs.com","PersonaLabs","6.5%"
5481073,"shop.personalabs.com","PersonaLabs","6.5%"
5481083,"personalizedplanet.com","Personalized Planet","6.5%"
5481096,"petcarerx.com","PetCareRx","3.9%"
5481098,"petco.com","Petco","2%"
5481101,"peterglenn.com","Peter Glenn","5.9%"
5481105,"peterthomasroth.com","Peter Thomas Roth Labs","6.5%"
5481114,"petsmart.com","PetSmart","2%"
5481119,"pfaltzgraff.com","The Pfaltzgraff Co.","3.9%"
5481120,"pfflyers.com","PF Flyers","2%"
5481132,"usa.philips.com","Philips","2.6%"
5481140,"phone.com","Phone.com","$16.25"
5481169,"picanova.com","Picanova","5.2%"
5481175,"pictureframes.com","Picture Frames","3.3%"
5481178,"picturesongold.com","PicturesOnGold.com","3.3%"
5481189,"pimsleur.com","Pimsleur","9.8%"
5481190,"pinemeadowgolf.com","pinemeadowgolf.com","6.5%"
5481198,"pinnaclesys.com","Pinnacle Studio","6.5%"
5481208,"pixiemarket.com","Pixie Market","5.2%"
5481239,"plowhearth.com","Plow & Hearth","3.3%"
5481239,"plowandhearth.com","Plow & Hearth","3.3%"
5481264,"polynesia.com","Polynesian Cultural Center","3.3%"
5481279,"poppysports.com","Poppy Sports","5.9%"
5481309,"power-systems.com","Power Systems","6.5%"
5481312,"practk.com","Practk","5.2%"
5481315,"prana.com","prAna","3.3%"
5481338,"prestigia.com","Prestigia Europe","3.3%"
5481339,"prettygreen.com","Pretty Green","3.3%"
5481341,"prettylittlething.us","PrettyLittleThing","4.6%"
5481355,"princess.com","Princess Cruise Lines","2%"
5481358,"printerpix.com","PrinterPix","6.5%"
5481367,"proactiv.com","Proactiv","6.5%"
5481378,"professionalsupplementcenter.com","Professional Supplement Center","6.5%"
5481382,"proflowers.com","Proflowers","5.2%"
5481386,"prohealth.com","ProHealth","1.3%"
5481393,"promodirect.com","Promo Direct, Inc.","3.9%"
5481409,"provizsports.com","Proviz","3.9%"
5481416,"psprint.com","PsPrint","5.2%"
5481419,"publicdata.com","PublicData.com","48.8%"
5481420,"publicdesire.com","Public Desire","3.9%"
5481420,"us.publicdesire.com","Public Desire","3.9%"
5481436,"purefishing.com","Pure Fishing","3.3%"
5481449,"purevpn.com","PureVPN","16.3%"
5481453,"purlisse.com","Purlisse","6.5%"
5481455,"purosound.com","Puro Sound","6.5%"
5481470,"qnlabs.com","Quantum Nutrition Labs","5.2%"
5481478,"quayaustralia.com","Quay","5.2%"
5481478,"quay.com","Quay","5.2%"
5481488,"quickzip.com","QuickZip","8.5%"
5481493,"quill.com","Quill","4.6%"
5481499,"qustodio.com","Qustodio","13%"
5481512,"parkinn.com","Radisson Hotel Group","5.2%"
5481512,"radissonhotels.com","Radisson Hotel Group","3.9%"
5481512,"radissonhotelgroup.com","Radisson Hotel Group","2.6%"
5481513,"radleylondon.com","Radley & Co. Ltd.","3.3%"
5481522,"rainbowlight.com","Rainbow Light","3.3%"
5481534,"ramybrook.com","Ramy Brook","0.7%"
5481536,"rapala.com","Rapala","3.9%"
5481543,"ravean.com","Ravean","6.5%"
5481547,"rawgeneration.com","Raw Generation","2.6%"
5481548,"ray-ban.com","Ray-Ban","5.9%"
5481555,"rcwilley.com","R.C. Willey","1.5%"
5481561,"readyproject.com","Ready Project","9.8%"
5481565,"reallygoodstuff.com","Really Good Stuff","3.9%"
5481566,"us.shop.realmadrid.com","Real Madrid Shop","3.3%"
5481572,"rebeccaminkoff.com","Rebecca Minkoff","2.6%"
5481586,"redbubble.com","RedBubble","3.3%"
5481591,"reddress.com","Red Dress Boutique","3.3%"
5481597,"redroof.com","Red Roof","2%"
5481600,"reeds.com","Reeds Jewelers","4.6%"
5481604,"refrigiwear.com","RefrigiWear","5.2%"
5481633,"relaxtheback.com","Relax The Back","3.3%"
5481646,"rentalcars.com","RentalCars.com","3.9%"
5481647,"reolink.com","Reolink","2%"
5481658,"restaurant.com","Restaurant.com","13%"
5481659,"restockit.com","ReStockIt.com","3.3%"
5481672,"revitalash.com","RevitaLash","3.3%"
5481674,"revivalanimal.com","Revival Animal Health","2%"
5481675,"reviveskincare.com","ReVive Skincare","13%"
5481676,"revo.com","Revo","3.9%"
5481698,"ripleys.com","Ripley's Believe It or Not!","2%"
5481701,"riptapparel.com","RIPTapparel","6.5%"
5481703,"ritani.com","Ritani","2.6%"
5481706,"riverbum.com","Riverbum","4.6%"
5481719,"robertgraham.us","Robert Graham","2.6%"
5481722,"robinsonsshoes.com","Robinson's Shoes","1%"
5481724,"rockbottomgolf.com","Rock Bottom Golf","1.3%"
5481725,"rocketdog.com","Rocket Dog","3.3%"
5481726,"rocketlanguages.com","Rocket Languages","13%"
5481739,"rockyboots.com","Rocky Boots","9.8%"
5481745,"rokform.com","Rokform","5.2%"
5481746,"roku.com","Roku","6.5%"
5481764,"rosesonly.com","Roses Only","5.2%"
5481767,"rosewe.com","Rosewe","2%"
5481769,"ross-simons.com","Ross-Simons","2%"
5481779,"roxio.com","Roxio","6.5%"
5481784,"royaldoulton.com","Royal Doulton","3.9%"
5481790,"ruelala.com","Rue La La","2%"
5481803,"russellstover.com","Russell Stover Candies","3.3%"
5481806,"dtlr.com","DTLR","2%"
5481806,"ruvilla.com","DTLR","2%"
5481812,"rw-co.com","RW&CO.","0.3%"
5481813,"ryderwear.com","Ryderwear","6.5%"
5481813,"au.ryderwear.com","Ryderwear","6.5%"
5481814,"ryka.com","Ryka","2%"
5481818,"saatchiart.com","Saatchi Art","2.6%"
5481821,"sabonnyc.com","Sabon","5.2%"
5481821,"sabonusa.com","Sabon","5.2%"
5481821,"us.sabon.com","Sabon","5.2%"
5481824,"sachinandbabi.com","Sachin & Babi","2.6%"
5481836,"saksoff5th.com","Saks Off 5TH","2.6%"
5481847,"saltlife.com","SaltLife","2.6%"
5481848,"saltwaterfish.com","Saltwaterfish.com","3.3%"
5481850,"samash.com","Sam Ash","4.2%"
5481851,"samedelman.com","Sam Edelman","4.6%"
5481853,"shop.samsonite.com","Samsonite","3.3%"
5481853,"samsonite.com","Samsonite","3.3%"
5481855,"samsung.com","Samsung","2%"
5481858,"sandals.com","Sandals & Beaches Resorts","3.9%"
5481876,"satyajewelry.com","Satya Jewelry","3.9%"
5481877,"saucony.com","Saucony","2%"
5481878,"savannahs.com","Savannahs","5.2%"
5481885,"savilerowco.com","Savile Row Company Ltd","6.5%"
5481888,"saxxunderwear.com","SAXX Underwear","5.2%"
5481894,"scarosso.com","Scarosso","5.2%"
5481896,"scdkey.com","SCDKey","5.2%"
5481909,"schutz-shoes.com","Schutz Shoes","3.9%"
5481914,"scorebig.com","ScoreBig","1.3%"
5481916,"scosche.com","Scosche","3.9%"
5481917,"scotchporter.com","Scotch Porter","3.3%"
5481922,"scoutbags.com","SCOUT Bags","3.3%"
5481940,"seatgeek.com","SeatGeek","0.7%"
5481942,"discoverycove.com","SeaWorld Parks and Entertainment","2.6%"
5481942,"seaworldentertainment.com","SeaWorld Parks and Entertainment","2.6%"
5481942,"sesameplace.com","SeaWorld Parks and Entertainment","2.6%"
5481942,"adventureisland.com","SeaWorld Parks and Entertainment","2.6%"
5481942,"watercountryusa.com","SeaWorld Parks and Entertainment","2.6%"
5481942,"aquatica.com","SeaWorld Parks and Entertainment","2.6%"
5481942,"buschgardens.com","SeaWorld Parks and Entertainment","2.6%"
5481942,"unitedparks.com","SeaWorld Parks and Entertainment","2.6%"
5481956,"securemac.com","SecureMac","13%"
5481964,"selectaticket.com","SelectATicket","3.3%"
5481965,"selectblinds.com","Select Blinds","4.6%"
5481983,"sentrypc.com","SentryPC","26%"
5481985,"sephora.com","Sephora","16.7%"
5481988,"sequin-nyc.com","Sequin","5.2%"
5481999,"seven7jeans.com","Seven 7 Jeans","6.5%"
5482016,"sharperimage.com","Sharper Image","1.3%"
5482026,"sheetmusicplus.com","Sheet Music Plus","3.9%"
5482028,"shelterlogic.com","ShelterLogic","5.2%"
5482029,"shelving.com","Shelving, Inc","4.6%"
5482035,"shipstation.com","ShipStation","$26.00"
5482038,"shiseido.com","Shiseido","5.2%"
5482041,"shoebacca.com","Shoebacca","3.9%"
5482048,"shoemall.com","Shoemall.com","2.6%"
5482069,"shop.advanceautoparts.com","Advance Auto Parts","3.9%"
5482093,"us.delsey.com","DELSEY Paris","2%"
5482095,"shopdisney.com","Disney Store","2%"
5482095,"disneystore.com","Disney Store","2%"
5482096,"shopduer.com","DUER","1.3%"
5482102,"shop.fultonfishmarket.com","Fulton Fish Market","0.7%"
5482102,"fultonfishmarket.com","Fulton Fish Market","0.7%"
5482103,"garageclothing.com","Garage Clothing","3.3%"
5482107,"shophorne.com","Shop Horne","3.9%"
5482116,"lego.com","LEGO","3.9%"
5482116,"shop.lego.com","LEGO","3.9%"
5482117,"shoplet.com","Shoplet.com","2%"
5482119,"shop.lifefitness.com","Life Fitness","5.2%"
5482119,"lifefitness.com","Life Fitness","4.2%"
5482125,"shop.musictoday.com","Musictoday","5.2%"
5482127,"shop.nhl.com","NHLshop","5.2%"
5482130,"shop.nixplay.com","nixplay","3.3%"
5482130,"nixplay.com","nixplay","3.3%"
5482137,"ozobot.com","Ozobot","2%"
5482143,"shop.panasonic.com","Panasonic","5.2%"
5482147,"puma.com","PUMA","3.3%"
5482154,"store.scholastic.com","Scholastic","2%"
5482154,"shop.scholastic.com","Scholastic","2%"
5482154,"teacherexpress.scholastic.com","Scholastic","1.6%"
5482164,"shop.techsmith.com","TechSmith","4.7%"
5482164,"techsmith.com","TechSmith","5.2%"
5482165,"tessabit.com","Tessabit","9.8%"
5482165,"shop.tessabit.com","Tessabit","6.5%"
5482171,"shop.com","SHOP.com","3.3%"
5482176,"usa.canon.com","Canon","3.3%"
5482176,"shop.usa.canon.com","Canon","3.3%"
5482179,"shopvida.com","VIDA","8.5%"
5482184,"shopwss.com","ShopWSS","4.6%"
5482202,"showpo.com","SHOWPO","3.9%"
5482208,"shutterstock.com","Shutterstock","6.5%"
5482224,"silpada.com","Silpada","6.5%"
5482227,"silvercuisine.com","Silver Cuisine by bistroMD","4.6%"
5482232,"silverrushstyle.com","SilverRushStyle","9.8%"
5482250,"simpli-home.com","simpli-home","2%"
5482256,"simplychocolate.com","Simply Chocolate","3.3%"
5482289,"skechers.com","Skechers","7.8%"
5482301,"skinceuticals.com","SkinCeuticals","3.9%"
5482309,"skiphop.com","Skip Hop","1.3%"
5482311,"skis.com","Skis.com","2.6%"
5482317,"skullcandy.com","Skullcandy","6.5%"
5482330,"sleefs.com","SLEEFS","5.2%"
5482332,"mybloomingbaby.com","Sleeping Baby","6.5%"
5482332,"sleepingbaby.com","Sleeping Baby","6.5%"
5482338,"slidebelts.com","SlideBelts","6.5%"
5482343,"slipcovershop.com","SlipCoverShop","2%"
5482350,"smartbuyglasses.com.sg","SmartBuyGlasses","3.9%"
5482350,"smartbuyglasses.com","SmartBuyGlasses","5.2%"
5482398,"soccergarage.com","SoccerGarage.com","4.6%"
5482426,"softwarekeep.com","Software Keep","6.5%"
5482427,"softwarestars.org","softwarestars - INT","13%"
5482457,"sorel.com","Sorel","2.6%"
5482462,"soulinsole.com","Soul Insole","13%"
5482462,"deals.getsoulinsole.io","Soul Insole","$9.75"
5482462,"getsoulinsole.io","Soul Insole","$9.75"
5482466,"sourcebmx.com","Sourcebmx","1%"
5482466,"us.sourcebmx.com","Sourcebmx","1%"
5482471,"southwestvacations.com","Southwest Vacations","1.3%"
5482490,"speckproducts.com","Speck","3.3%"
5482496,"us.speedo.com","Speedo","5.2%"
5482505,"sperry.com","Sperry","3.3%"
5482508,"spinlife.com","SpinLife","4.2%"
5482513,"spirithalloween.com","Spirit Halloween","1.3%"
5482518,"spokeo.com","Spokeo","$3.25"
5482541,"spraysmarter.com","SpraySmarter.com","2.6%"
5482547,"sproutsocial.com","Sprout Social","32.5%"
5482548,"spyassociates.com","SpyAssociates.com","3.9%"
5482559,"stacyadams.com","Stacy Adams","2.6%"
5482560,"stadiumgoods.com","Stadium Goods","1.3%"
5482560,"int.stadiumgoods.com","Stadium Goods","1.3%"
5482566,"standardsandpractices.com","Standards and Practices","5.9%"
5482584,"statelinetack.com","Statelinetack.com","3.9%"
5482589,"stdcheck.com","STDCheck.com","9.8%"
5482590,"steaksandgame.com","Steaks And Game","6.5%"
5482593,"steelseries.com","SteelSeries","5.2%"
5482594,"steepandcheap.com","SteepandCheap","1.3%"
5482603,"stevemadden.com","Steve Madden","1.3%"
5482611,"stilacosmetics.com","Stila Cosmetics","5.2%"
5482612,"stio.com","Stio","2%"
5482613,"stjohnknits.com","St. John Knits","3.9%"
5482628,"christysports.com","Christy Sports","0.7%"
5482634,"store.ezydog.com","EzyDog","5.9%"
5482635,"faithgateway.com","FaithGateway","4.2%"
5482635,"store.faithgateway.com","FaithGateway","4.2%"
5482648,"store.metmuseum.org","The Met Store","3.3%"
5482655,"petsafe.com","PetSafe","5.2%"
5482656,"razer.com","Razer","3.3%"
5482667,"shop.westerndigital.com","WesternDigital","3.3%"
5482667,"store.westerndigital.com","WesternDigital","3.3%"
5482667,"westerndigital.com","WesternDigital","3.3%"
5482668,"lrus.wolterskluwer.com","Wolters Kluwer Law & Business","3.9%"
5482668,"law-store.wolterskluwer.com","Wolters Kluwer Law & Business","3.9%"
5482676,"straighttalk.com","Straight Talk","$6.50"
5482681,"strawberrynet.com","StrawberryNET","4.9%"
5482687,"striderite.com","Stride Rite","0.7%"
5482693,"stuartweitzman.com","Stuart Weitzman","6.5%"
5482694,"stubhub.com","StubHub","3.3%"
5482706,"stylewe.com","StyleWe","9.1%"
5482707,"carparts.com","CarParts.com","3.3%"
5482718,"sucuri.net","Sucuri","$136.36"
5482722,"sugarfina.com","Sugarfina","3.3%"
5482726,"summithut.com","Summit Hut","5.9%"
5482742,"sunnysports.com","Sunny Sports","3.3%"
5482749,"superbillets.com","SuperBillets US","4.7%"
5482750,"superboleteria.com","SuperBoletería","5.9%"
5482751,"supercheapsigns.com","Super Cheap Signs","5.2%"
5482760,"superjeweler.com","SuperJeweler","7.8%"
5482767,"us.supersmart.com","SuperSmart","6.5%"
5482767,"supersmart.com","SuperSmart","6.5%"
5482768,"superstar.com","SuperStar Tickets","4.6%"
5482786,"surlatable.com","Sur La Table","2.6%"
5482794,"sutrofootwear.com","Sutro Footwear","6.5%"
5482796,"suzannesomers.com","Suzanne Somers","5.2%"
5482800,"svmoscow.com","SVMoscow","9.1%"
5482800,"sv77.com","SVMoscow","9.1%"
5482810,"sweatybetty.com","Sweaty Betty","5.2%"
5482813,"swellbottle.com","S'well","2.6%"
5482813,"swell.com","S'well","2.6%"
5482834,"sylvane.com","Sylvane","3.9%"
5482839,"szul.com","Szul","7.8%"
5482847,"tags.com","TAGS Apparel","6.5%"
5482857,"takingshape.com","Taking Shape","5.2%"
5482867,"tanga.com","Tanga.com","13%"
5482868,"silkcutunderwear.com","SilkCut Underwear","5.2%"
5482876,"targetoptical.com","Target Optical","2.6%"
5482881,"tascperformance.com","tasc Performance","5.2%"
5482888,"tatcha.com","Tatcha","5.2%"
5482892,"taxact.com","TaxAct","6.5%"
5482894,"taxslayer.com","TaxSlayer","6.5%"
5482896,"taylormorriseyewear.com","Taylor Morris Eyewear","5.2%"
5482905,"teamgat.com","GAT Sport","6.5%"
5482905,"gatsport.com","GAT Sport","6.5%"
5482912,"tech21.com","Tech21","3.1%"
5482914,"techforless.com","Tech For Less","3.3%"
5482933,"teleflora.com","Teleflora","7.8%"
5482936,"tello.com","Tello","32.5%"
5482937,"tellurideangler.com","Telluride Angler","5.2%"
5482944,"temptu.com","Temptu","2.1%"
5482950,"terminalserviceplus.com","Terminal Service Plus","13%"
5482950,"tsplus.net","Terminal Service Plus","13%"
5482957,"testclear.com","Testclear.com","7.8%"
5482962,"teva.com","Teva","2.6%"
5482964,"textbooks.com","Textbooks.com","2.6%"
5483000,"theblackbox.com","BlackBow","5.2%"
5483000,"theblackbow.com","BlackBow","5.2%"
5483007,"bouqs.com","Bouqs","2.6%"
5483014,"thechessstore.com","The Chess Store, Inc.","5.2%"
5483019,"thecompanystore.com","The Company Store","3.3%"
5483036,"thefruitcompany.com","The Fruit Company","2%"
5483037,"thefryecompany.com","The Frye Company","5.2%"
5483049,"thegreatcoursesplus.com","The Great Courses","3.3%"
5483049,"wondrium.com","The Great Courses","2.6%"
5483049,"thegreatcourses.com","The Great Courses","3.3%"
5483057,"the-house.com","The House","2.6%"
5483059,"thehut.com","The Hut","5.2%"
5483063,"theirishstore.com","The Irish Store","1.3%"
5483079,"themacateam.com","The Maca Team","6.5%"
5483093,"thenomadik.com","The Nomadik","9.8%"
5483103,"theperfectrug.com","The Perfect Rug","5.2%"
5483110,"thepopcornfactory.com","The Popcorn Factory","3.9%"
5483148,"thetightspot.com","The Tight Spot","3.3%"
5483156,"thetwistergroup.com","The Twister Group","2.6%"
5483161,"thewalkingcompany.com","The Walking Company","1.3%"
5483162,"thewarmingstore.com","The Warming Store","6.5%"
5483178,"thinslimfoods.com","Thin Slim Foods","9.8%"
5483179,"thirdlove.com","ThirdLove","1.3%"
5483185,"thorlo.com","Thorlos Socks","3.9%"
5483189,"threadbeast.com","ThreadBeast","6.5%"
5483195,"thrifty.com","Thrifty","0.7%"
5483205,"ticketclub.com","Ticket Club","32.5%"
5483207,"ticketliquidator.com","TicketLiquidator","6.5%"
5483208,"frontgatetickets.com","Ticketmaster","3.3%"
5483208,"ticketmaster.ca","Ticketmaster","3.3%"
5483208,"ticketmaster.com","Ticketmaster","3.3%"
5483209,"ticketnetwork.com","TicketNetwork","9.4%"
5483228,"tillys.com","Tillys","2.6%"
5483229,"timberland.com","Timberland","0.7%"
5483235,"timepiecesusa.com","Time Pieces","10.4%"
5483239,"timex.com","Timex","0.7%"
5483251,"tirerack.com","The Tire Rack","3.9%"
5483253,"clearancechair.com","Clearance Chair","3.3%"
5483253,"titanchair.com","Clearance Chair","3.3%"
5483278,"tomatoink.com","TomatoInk.com","16.3%"
5483279,"tomboyx.com","TomboyX","3.3%"
5483281,"tommybahama.com","Tommy Bahama","2%"
5483282,"tommyjohn.com","Tommy John","3.3%"
5483286,"toms.com","TOMS","3.3%"
5483318,"totaldiabetessupply.com","Total Diabetes Supply","2.6%"
5483320,"totalgymdirect.com","Total Gym","4.9%"
5483326,"totalwireless.com","Total Wireless","$6.50"
5483329,"touchofmodern.com","Touch Of Modern","0.7%"
5483336,"tourradar.com","TourRadar","5.2%"
5483337,"tours4fun.com","Tours4Fun","13%"
5483339,"tous.com","TOUS","3.3%"
5483347,"tracfone.com","Tracfone Wireless","$6.50"
5483361,"traeger.com","Traeger Grills","2.6%"
5483362,"trafalgarstore.com","Trafalgar Store","6.5%"
5483370,"trampolinepartsandsupply.com","Trampoline Parts and Supply","3.9%"
5483394,"traveltalktours.com","Travel Talk Tours","4.6%"
5483403,"treblab.com","TREBLAB","9.8%"
5483411,"trendmicro.com","Trend Micro","13%"
5483427,"trinaturk.com","Trina Turk","3.3%"
5483429,"trinityroad.com","Trinity Road Websites","0.7%"
5483430,"tripadvisor.in","TripAdvisor","5.9%"
5483430,"tripadvisor.jp","TripAdvisor","5.9%"
5483430,"tripadvisor.ie","TripAdvisor","5.9%"
5483430,"tripadvisor.com.tr","TripAdvisor","5.9%"
5483430,"tripadvisor.fr","TripAdvisor","5.9%"
5483430,"tripadvisor.com.eg","TripAdvisor","5.9%"
5483430,"tripadvisor.de","TripAdvisor","5.9%"
5483430,"tripadvisor.com.tw","TripAdvisor","5.9%"
5483430,"tripadvisor.com.mx","TripAdvisor","5.9%"
5483430,"tripadvisor.co.za","TripAdvisor","5.9%"
5483430,"tripadvisor.com.ar","TripAdvisor","5.9%"
5483430,"tripadvisor.cl","TripAdvisor","5.9%"
5483430,"tripadvisor.com.vn","TripAdvisor","5.9%"
5483430,"tripadvisor.co.uk","TripAdvisor","5.9%"
5483430,"tripadvisor.co.il","TripAdvisor","5.9%"
5483430,"tripadvisor.se","TripAdvisor","5.9%"
5483430,"tripadvisor.com","TripAdvisor","5.9%"
5483430,"tripadvisor.com.my","TripAdvisor","5.9%"
5483430,"tripadvisor.it","TripAdvisor","5.9%"
5483430,"tripadvisor.com.pe","TripAdvisor","5.9%"
5483430,"tripadvisor.ca","TripAdvisor","5.9%"
5483430,"tripadvisor.pt","TripAdvisor","5.9%"
5483430,"tripadvisor.es","TripAdvisor","5.9%"
5483430,"tripadvisor.com.hk","TripAdvisor","5.9%"
5483430,"tripadvisor.at","TripAdvisor","5.9%"
5483430,"tripadvisor.com.au","TripAdvisor","5.9%"
5483430,"tripadvisor.co","TripAdvisor","5.9%"
5483430,"tripadvisor.be","TripAdvisor","5.9%"
5483430,"tripadvisor.com.gr","TripAdvisor","5.9%"
5483430,"tripadvisor.co.kr","TripAdvisor","5.9%"
5483430,"tripadvisor.ch","TripAdvisor","5.9%"
5483430,"tripadvisor.co.id","TripAdvisor","5.9%"
5483430,"tripadvisor.com.ph","TripAdvisor","5.9%"
5483430,"tripadvisor.dk","TripAdvisor","5.9%"
5483430,"tripadvisor.com.sg","TripAdvisor","5.9%"
5483430,"tripadvisor.com.br","TripAdvisor","5.9%"
5483430,"tripadvisor.co.nz","TripAdvisor","5.9%"
5483430,"tripadvisor.nl","TripAdvisor","5.9%"
5483430,"tripadvisor.com.ve","TripAdvisor","5.9%"
5483435,"nl.trip.com","Trip.com","3.6%"
5483435,"trip.com","Trip.com","4.9%"
5483453,"trueleafmarket.com","TrueLeaf","1.3%"
5483465,"trustedhousesitters.com","TrustedHousesitters","$22.75"
5483466,"trustedtours.com","Trusted Tours and Attractions","3.3%"
5483502,"tvstoreonline.com","TV Store Online","7.8%"
5483508,"twigby.com","Twigby","$3.25"
5483510,"twillory.com","Twillory","2.6%"
5483525,"ubsuper.com","UB Super","6.5%"
5483529,"udemy.com","Udemy","17.6%"
5483530,"ugears.us","UGears","4.6%"
5483531,"ugg.com","UGG","1.3%"
5483552,"jbl.com","JBL","3.9%"
5483578,"ullapopken.com","Ulla Popken","2.6%"
5483579,"ulta.com","ULTA Beauty","2%"
5483603,"unbeatablesale.com","UnbeatableSale.com","6.5%"
5483618,"unionbay.com","UNIONBAY","5.2%"
5483633,"upack.com","UPack","$32.50"
5483641,"urbanears.com","Urbanears","3.3%"
5483651,"usa.1more.com","1MORE","5.2%"
5483653,"dawgsusa.com","DAWGS","7.8%"
5483656,"hudsonreed.com","Hudson Reed","0.5%"
5483656,"usa.hudsonreed.com","Hudson Reed","0.5%"
5483659,"us.allsaints.com","AllSaints","1.3%"
5483659,"allsaints.com","AllSaints","1.3%"
5483660,"usa.loccitane.com","L'Occitane en Provence","1.6%"
5483660,"loccitane.com","L'Occitane en Provence","1.6%"
5483663,"us.amorepacific.com","AmorePacific","6.5%"
5483663,"amorepacific.com","AmorePacific","5.2%"
5483666,"usa.tommy.com","Tommy Hilfiger","1.3%"
5483677,"dockers.com","Dockers","4.6%"
5483677,"us.dockers.com","Dockers","4.6%"
5483682,"us.espaskincare.com","ESPA Skincare","7.2%"
5483689,"hunterboots.com","Hunter Boot","2%"
5483690,"levi.com","Levi's","2.6%"
5483690,"us.levi.com","Levi's","2.1%"
5483692,"longtallsally.com","Long Tall Sally","3.9%"
5483695,"us.mavi.com","Mavi","3.9%"
5483695,"mavi.com","Mavi","3.9%"
5483697,"us.myprotein.com","Myprotein","5.2%"
5483697,"myprotein.com","Myprotein","5.2%"
5483701,"uspoloassn.com","US Polo Association Store","2.6%"
5483711,"us.stuartslondon.com","Stuarts London","2.6%"
5483712,"us.sulwhasoo.com","Sulwhasoo","2.6%"
5483717,"us.wconcept.com","W Concept","3.9%"
5483717,"wconcept.com","W Concept","3.9%"
5483718,"us.zavvi.com","Zavvi","3.3%"
5483718,"zavvi.com","Zavvi","3.3%"
5483725,"vailvalleyanglers.com","Vail Valley Anglers","5.2%"
5483728,"valleyfoodstorage.com","Valley Food Storage","9.1%"
5483737,"vanityplanet.com","Vanity Planet","7.8%"
5483740,"vannabelt.com","Vanna Belt","2%"
5483741,"vans.com","Vans","1.3%"
5483758,"vegamour.com","Vegamour","3.3%"
5483761,"vegas.com","VEGAS.com","3.9%"
5483770,"veronicabeard.com","Veronica Beard","1.6%"
5483790,"viagogo.com","Viagogo","4.6%"
5483809,"vilebrequin.com","Vilebrequin","5.2%"
5483813,"vimeo.com","Vimeo","6.5%"
5483818,"vincecamuto.com","Vince Camuto","2%"
5483826,"vineyardvines.com","Vineyard Vines","1.3%"
5483835,"vipre.com","VIPRE Security Group","19.5%"
5483838,"virginatlantic.com","Virgin Atlantic","1.3%"
5483859,"vitalchoice.com","Vital Choice Wild Seafood & Organics","2%"
5483870,"personanutrition.com","Persona Nutrition","6.5%"
5483872,"vitaminshoppe.com","Vitamin Shoppe","0.7%"
5483874,"vitamix.com","Vitamix","6.5%"
5483882,"vive.com","HTC Vive and HTC Phone","2.6%"
5483891,"vixpaulahermanny.com","ViX Swimwear","1.3%"
5483899,"voidu.com","Voidu","4.6%"
5483919,"vsslgear.com","VSSL","6.5%"
5483927,"walgreens.com","Walgreens","2.6%"
5483947,"watchco.com","The Watch Co","4.6%"
5483950,"watchmaxx.com","WatchMaxx","2.6%"
5483956,"waterford.com","Waterford","3.9%"
5483961,"way.com","Way.com","4.6%"
5483976,"webhostingpad.com","Web Hosting Pad","$45.50"
5483980,"webroot.com","Webroot","9.4%"
5483982,"webstore.ansi.org","ANSI","6.5%"
5483995,"wedgwood.com","Wedgwood","0.7%"
5484013,"wemakebeauty.com","WeMakeBeauty","2%"
5484017,"west49.com","West 49","1.3%"
5484037,"whitehouseblackmarket.com","White House Black Market","2%"
5484044,"whittard.com","Whittard of Chelsea","4.6%"
5484079,"winebasket.com","Winebasket","6.5%"
5484083,"wine.com","Wine.com","3.9%"
5484089,"win-rar.com","WinRAR","22.8%"
5484093,"att.com","AT&T","$81.25"
5484107,"wolfandbadger.com","Wolf & Badger","2%"
5484108,"wolfermans.com","Wolferman's","2%"
5484109,"wolfgangusa.com","Wolfgang Man & Beast","7.8%"
5484111,"wolverine.com","Wolverine","2%"
5484117,"wondershare.com","Wondershare","19.5%"
5484117,"edrawsoft.com","Wondershare","19.5%"
5484127,"woot.com","Woot!","7.8%"
5484141,"world.intimissimi.com","Intimissimi","0.7%"
5484141,"us.intimissimi.com","Intimissimi","0.7%"
5484141,"intimissimi.com","Intimissimi","0.7%"
5484145,"worldpetexpress.net","World Pet Express","7.8%"
5484157,"wrangler.com","Wrangler","3.9%"
5484167,"worldwidestereo.com","World Wide Stereo","2%"
5484169,"wyomingflyfishing.com","WyomingFlyFishing.com","4.6%"
5484176,"xcvi.com","XCVI","2%"
5484190,"yankeecandle.com","Yankee Candle","2.6%"
5484198,"yesasia.com","YesAsia.com","1.3%"
5484200,"yesbobbleheads.com","Yes Bobbleheads","6.5%"
5484202,"yesstyle.com","YesStyle","2.6%"
5484206,"ylang23.com","YLANG23","3.9%"
5484252,"zales.com","Zales","1.3%"
5484269,"zenmed.com","ZENMED","6.5%"
5484281,"zipcar.com","Zipcar","$19.50"
5484282,"ziprecruiter.com","ZipRecruiter","$3.25"
5484289,"zobha.com","Zobha","4.2%"
5506275,"123print.com","123Print","1.3%"
5506276,"13deals.com","That Daily Deals","3.9%"
5506276,"thatdailydeal.com","That Daily Deals","3.9%"
5506281,"1stincoffee.com","1st in Coffee","2%"
5506295,"365inlove.com","365 Printing Inc","6.5%"
5506299,"3gorillas.com","3Gorillas.com","3.3%"
5506301,"48hourslogo.com","48hourslogo","$13.00"
5506304,"4hfl.com","Health Fitness & Longevity 4HFL.com","9.8%"
5506308,"5littlemonkeysbed.com","5 Little Monkeys Bedding, Inc.","3.3%"
5506312,"80stees.com","80sTees.com","0.3%"
5506317,"911healthshop.com","911HealthShop.com","6.5%"
5506321,"abacopolarized.com","Abaco Polarized","13%"
5506334,"accessoryconcierge.com","Accessory Concierge","13%"
5506335,"accompanyus.com","Accompany Fashion","6.5%"
5506336,"accuquilt.com","AccuQuilt","5.2%"
5506340,"acmetools.com","Acme Tools","2%"
5506354,"adornmonde.com","Adornmonde","6.5%"
5506356,"adultclothdiaper.com","AdultClothDiaper.Com","6.5%"
5506380,"airweave.com","airweave","0.7%"
5506381,"aiseesoft.com","Aiseesoft","26%"
5506385,"alaskagoldbrand.com","Alaska Gold Seafood","5.2%"
5506392,"alen.com","Alen","3.3%"
5506413,"allurez.com","Allurez","0.7%"
5506420,"amazinggrass.com","Amazing Grass","3.3%"
5506429,"americanfamilysafety.com","American Family Safety","9.8%"
5506430,"americanflags.com","AmericanFlags.com","6.5%"
5506434,"americantrench.com","American Trench","3.9%"
5506440,"amorebeds.com","Amore Beds","2.6%"
5506446,"andieswim.com","Andie","3.3%"
5506448,"angeliquelingerie.com","Angelique, Inc","11.7%"
5506467,"anygolds.com","anygolds","5.2%"
5506469,"apparelnbags.com","ApparelnBags","3.3%"
5506470,"applevacations.com","Apple Vacations","1.3%"
5506471,"applian.com","Applian Technologies","3.3%"
5506473,"apppresser.com","AppPresser","13%"
5506484,"arizonasun.com","Arizona Sun Products, Inc.","9.8%"
5506486,"aromatechscent.com","AromaTech","13%"
5506489,"artemest.com","Artemest","3.3%"
5506495,"artificialplantsandtrees.com","Artificial Plants And Trees","3.3%"
5506497,"artistworks.com","ArtistWorks","5.2%"
5506499,"artoftea.com","Art of Tea","6.5%"
5506501,"artscow.com","ArtsCow.com","$0.07"
5506511,"asos.com","ASOS","0.7%"
5506528,"us.vidaglow.com","Vida Glow","2.6%"
5506541,"aviyamattress.com","Aviya Mattress","6.5%"
5506547,"axvoice.com","Axvoice Inc.","13%"
5506558,"babyfoot.com","Baby Foot","9.8%"
5506561,"babytula.com","Baby Tula","2.6%"
5506582,"bargainjunkie.com","Bargain Junkie Holdings","3.9%"
5506594,"batteryship.com","BatteryShip","3.9%"
5506602,"beachcandyswimwear.com","BeachCandy Swimwear","3.3%"
5506615,"beautyplussalon.com","Beauty Plus Salon","1.3%"
5506621,"becextech.com","BecexTech","0.7%"
5506627,"beinharimtours.com","Bein Harim Tourism Services LTD","9.8%"
5506647,"bestchoiceproducts.com","Best Choice Products","3.3%"
5506649,"petsuppliesnet.com","Best Deal Pet Supply","5.2%"
5506649,"bestdealpetsupply.com","Best Deal Pet Supply","5.2%"
5506662,"besttrafficschool.com","BESTtrafficschool.com","22.8%"
5506672,"bibles.com","Bibles.com","6.5%"
5506673,"biblio.com","Biblio","3.3%"
5506676,"bigpoppasmokers.com","Big Poppa Smokers","6.5%"
5506689,"biocidesystems.com","Biocide Systems","9.8%"
5506697,"bizzthemes.com","Spletra d.o.o.","21.5%"
5506709,"blairtg.com","Blair Technology Group","6.5%"
5506722,"bloomsbythebox.com","BloomsByTheBox","0.7%"
5506781,"brainmdhealth.com","BrainMD Health","16.3%"
5506781,"brainmd.com","BrainMD Health","16.3%"
5506791,"brentwoodhome.com","Brentwood Home","6.5%"
5506794,"brightlocal.com","BrightLocal","13%"
5506808,"brooklynindustries.com","Brooklyn Industries","3.9%"
5506810,"brooksbrothers.com","Brooks Brothers","1.3%"
5506838,"buybackworld.com","BuyBackWorld","2%"
5506842,"buycoolshirts.com","Buycoolshirts.com","13%"
5506850,"buymediasupply.com","BuyMediaSupply","4.6%"
5506853,"buyorganicnuts.com","Braga Organic Farms Inc","3.3%"
5506862,"cables.com","Cables.com","7.2%"
5506871,"californiateahouse.com","California Tea House","9.8%"
5506878,"cambriabike.com","Cambria Bicycle Outfitter","$0.33"
5506892,"canvashq.com","CanvasHQ","6.5%"
5506903,"carcovers.com","CarCovers.com","6.5%"
5506906,"cargo-works.com","Cargo Works","5.2%"
5506923,"cateandchloe.com","Cate & Chloe","6.5%"
5506925,"catsplay.com","CatsPlay Furniture","3.9%"
5506926,"caudabe.com","Caudabe LLC","6.5%"
5506929,"cawineclub.com","The California Wine Club","2%"
5506938,"centurymartialarts.com","Century Martial Arts","3.3%"
5506952,"checkoutstore.com","CheckOutStore, Inc.","2.6%"
5506954,"chelseacharles.com","Chelsea Charles Jewelry","6.5%"
5506961,"chesshouse.com","ChessHouse.com","5.2%"
5506977,"shop.keranique.com","Keranique","9.8%"
5506977,"christiebrinkleyauthenticskincare.com","Keranique","9.8%"
5506989,"civantskincare.com","Civant LLC","3.3%"
5506993,"clatterans.com","Clatterans","6.5%"
5506995,"clearlyfiltered.com","Clearly Filtered","13%"
5507003,"clickandgrow.com","Click & Grow","13%"
5507005,"clickinks.com","ClickInks.com","18.2%"
5507011,"massagenaturals.com","Massage Naturals","6.5%"
5507014,"cloverbyclove.com","Clover","7.8%"
5507026,"cobra.com","Cobra Electronics","5.2%"
5507027,"cocomelody.com","CocoMelody","6.5%"
5507028,"cocotique.com","COCOTIQUE","$3.25"
5507054,"condor.com","Condor","1.3%"
5507063,"contourliving.com","Contour Living","6.5%"
5507067,"coolhockey.com","Cool Hockey","4.6%"
5507070,"coophomegoods.com","Coop Home Goods","2.6%"
5507070,"coopsleepgoods.com","Coop Home Goods","2.6%"
5507078,"corporatehousingbyowner.com","Corporate Housing by Owner","9.8%"
5507095,"covenanteyes.com","Covenant Eyes","$13.00"
5507098,"coversandall.com","Covers And All","6.5%"
5507108,"craftresumes.com","Boosta","9.8%"
5507109,"craftsy.com","Craftsy","13%"
5507113,"crazydogtshirts.com","Crazy Dog Tshirts","6.5%"
5507118,"creativebug.com","Creativebug LLC","$5.20"
5507132,"crowdcow.com","Crowd Cow","3.9%"
5507137,"crystalplus.com","Crystal Plus, Inc.","5.2%"
5507148,"currentboutique.com","Current Boutique","5.2%"
5507153,"customink.com","CustomInk","2.6%"
5507154,"customon.com","Customon","9.8%"
5507164,"cyberchimps.com","CyberChimps","19.5%"
5507167,"cyclevin.com","CycleVIN - Motor Vehicle VIN Search","$3.25"
5507168,"cynthiarowland.com","Cynthia Rowland","16.3%"
5507172,"daily-harvest.com","Daily Harvest","$3.25"
5507175,"dancewearsolutions.com","Dancewear Solutions","3.9%"
5507191,"dealsie.com","Dealsie.com","13%"
5507195,"decadeawards.com","Decade Awards","2%"
5507197,"decibullz.com","Decibullz Custom Earphones","5.2%"
5507199,"decoratorsbest.com","DecoratorsBest","6.5%"
5507202,"defendershield.com","DefenderShield","6.5%"
5507218,"designerwellness.com","Designer Protein","13%"
5507218,"designerprotein.com","Designer Protein","13%"
5507221,"designityourselfgiftbaskets.com","Design It Yourself Gift Baskets","9.8%"
5507226,"dessy.com","Dessy Group","3.3%"
5507235,"dialmycalls.com","DialMyCalls.com","9.8%"
5507245,"digestinol.com","Digestinol Research","6.5%"
5507258,"discovernight.com","DISCOVER NIGHT","9.8%"
5507263,"diythemes.com","DIYthemes","21.5%"
5507288,"doordash.com","DoorDash","$1.95"
5507289,"doortodoorco.com","Door to Door","2.3%"
5507300,"drcolbert.com","Dr. Colbert","13%"
5507302,"dreamcloudsleep.com","DreamCloud","7.8%"
5507323,"duradry.com","Novadore USA, Inc (Duradry)","1.3%"
5507327,"e4hats.com","e4Hats.com, Inc.","9.8%"
5507342,"easyrollerdice.com","Easy Roller Dice","6.5%"
5507347,"ebid.net","eBid","16.3%"
5507355,"ecogearfx.com","EcoGear FX, Inc.","6.5%"
5507359,"ecoterrabeds.com","Eco Terra Beds","6.5%"
5507366,"editorr.com","editorr","3.3%"
5507370,"eggwhitesint.com","Egg Whites International","7.8%"
5507386,"electronicexpress.com","Electronic Express","2.3%"
5507387,"electronicwhiteboardswarehouse.com","Electronic Whiteboards Warehouse","3.3%"
5507387,"paper-machines.com","Electronic Whiteboards Warehouse","3.3%"
5507393,"elitejewels.com","Elite Jewels Inc.","7.8%"
5507396,"elitesports.com","Elite Sports","6.5%"
5507422,"enemasupply.com","EnemaSupply.com","7%"
5507436,"epowhost.com","ePowHost.com","$6.50"
5507438,"epumps.com","ePumps.com","2%"
5507445,"esaregistration.org","EsaRegistration.org","6.5%"
5507446,"escortradar.com","Escort Radar","3.9%"
5507457,"marcopolohotels.com","Marco Polo Hotels","3.3%"
5507461,"evereve.com","Evereve","3.3%"
5507477,"examedge.com","Exam Edge","9.8%"
5507493,"eyeko.com","Eyeko","9.8%"
5507495,"ezcontacts.com","EzContacts","2%"
5507500,"ezpzfun.com","ezpz","5.2%"
5507506,"factory.jcrew.com","J.Crew Factory","2%"
5507510,"fairwaygolfusa.com","Fairway Golf, Inc.","3.9%"
5507521,"fansedge.com","FansEdge","5.2%"
5507542,"fewmoda.com","FEW MODA","2%"
5507551,"filtersdelivered.com","Filters Delivered","6.5%"
5507555,"findcostume.com","Find Costume","4.2%"
5507561,"finestationery.com","FineStationery","2%"
5507562,"finestglasses.com","finestglasses.com","7.8%"
5507563,"finetuxedos.com","FineTuxedos","5.2%"
5507564,"finnandemma.com","FINN + EMMA, LLC","6.5%"
5507577,"fivefingertees.com","Five Finger Tees","6.5%"
5507579,"flagsconnections.com","Flags connections","7.8%"
5507588,"fleximounts.com","FLEXIMOUNTS","4.6%"
5507600,"fluffycrate.com","Fluffy Crate","9.8%"
5507601,"fluidstance.com","FluidStance","5.2%"
5507603,"fnp.com","Ferns N Petals","4.6%"
5507609,"foodhuggers.com","Food Huggers Inc","9.8%"
5507613,"forbesandlewis.com","FORBES & LEWIS","6.5%"
5507618,"hims.com","Hims, Inc.","$9.75"
5507625,"foryourparty.com","ForYourParty","3.9%"
5507630,"foxcreekleather.com","Fox Creek Leather","5.2%"
5507631,"framebridge.com","Framebridge","2.6%"
5507652,"fridayparts.com","FridayParts","2.6%"
5507658,"frontera.com","Frontera Furniture Company","3.3%"
5507662,"frostnyc.com","FrostNYC","3.3%"
5507664,"fsjshoes.com","FSJshoes.com","8.5%"
5507686,"gaffos.com","Gaffos.com","4.6%"
5507687,"gaia.com","Gaia","16.3%"
5507694,"gamefly.com","Gamefly","6.5%"
5507701,"gardeniajewel.com","GardeniaJewel","3.9%"
5507705,"gazelle.com","Gazelle","2%"
5507708,"gearxs.com","OverHalfSale","3.3%"
5507708,"overhalfsale.com","OverHalfSale","3.3%"
5507710,"geekalliance.com","Geek Alliance LLC","0.7%"
5507720,"generationtea.com","Generation Tea","13%"
5507726,"gentjon.com","Gentleman Jon","9.8%"
5507730,"germanfoodbox.com","International Web Concepts Inc.","$13.00"
5507731,"german-slippers.com","German Slippers","3.3%"
5507753,"ghostek.com","Ghostek LLC","6.5%"
5507754,"giantbomb.com","Giant Bomb","$2.08"
5507768,"giztop.com","Giztop.com","2%"
5507783,"globein.com","GlobeIn","6.5%"
5507784,"glowhost.com","GlowHost.com","$81.25"
5507794,"goby.co","Goby","6.5%"
5507819,"goodmorningsnoresolution.com","Good Morning Snore Solution®","16.3%"
5507824,"gorillawear.com","Gorilla Wear","6.5%"
5507825,"goskills.com","GoSkills","6.5%"
5507828,"gosun.co","GoSun","6.5%"
5507832,"gotogate.com","Gotogate","2%"
5507839,"graceandstella.com","Grace & Stella Co.","11.4%"
5507841,"graciousstyle.com","Gracious Style","5.5%"
5507844,"grammarly.com","Grammarly","$13.00"
5507848,"gravityforms.com","Gravity Forms","13%"
5507851,"lively.com","Live!y","$32.50"
5507851,"greatcall.com","Live!y","$32.50"
5507853,"greekcreations.com","Greek Creations","3.3%"
5507855,"greekgear.com","Greekgear","6.5%"
5507857,"greenbeanbuddy.com","Green Bean Buddy","19.5%"
5507860,"greenkidcrafts.com","Green Kid Crafts","6.5%"
5507869,"grokker.com","Grokker","$4.55"
5507874,"group-mail.com","Groupmail Ltd.","19.5%"
5507893,"hairmax.com","HairMax","6.5%"
5507894,"halfpricedrapes.com","Half Price Drapes","13%"
5507909,"hansensurf.com","Hansen Surfboards","3.9%"
5507912,"happsy.com","Happsy","5.2%"
5507924,"store.hasselblad.com","Victor Hasselblad AB","1.3%"
5507924,"hasselblad.com","Victor Hasselblad AB","1.3%"
5507926,"hatclub.com","Hat Club","3.9%"
5507934,"hawaiicoffeecompany.com","Hawaii Coffee Company","6.5%"
5507951,"xchair.com","X-Chair","2%"
5507951,"healthyback.com","X-Chair","2%"
5507955,"healthymale.com","HealthyMale","32.5%"
5507956,"healthywage.com","HealthyWage","$39.00"
5507957,"hear-better.com","HearBetter","16.3%"
5507961,"heartsmart.com","Heartsmart","3.3%"
5507966,"heimdalsecurity.com","Heimdal Security","32.5%"
5507986,"hidden24.com","Hidden24 VPN","42.3%"
5507986,"victoryvpn.com","Hidden24 VPN","42.3%"
5507986,"hidden24.co.uk","Hidden24 VPN","42.3%"
5507989,"highbridgeaudio.com","HighBridge","6.5%"
5508003,"hitchfit.com","Hitch Fit","5.2%"
5508017,"homeaircheck.com","Home Air Check/Prism Analytical Technologies","3.3%"
5508020,"homechef.com","Home Chef","$65.00"
5508025,"homehealthcareshoppe.com","HomeHealthCareShoppe.com","3.3%"
5508031,"baseballmonkey.com","Baseball Monkey","3.9%"
5508032,"homesewingdepot.com","Home Sewing Depot","5.2%"
5508034,"hometownherocbd.com","Hometown Hero","2.6%"
5508035,"homewetbar.com","HomeWetBar.com","2%"
5508039,"honeycolony.com","HoneyColony","3.3%"
5508040,"honeyfund.com","Honeyfund","$0.65"
5508044,"hookedupshapewear.com","Montelle Intimates","3.3%"
5508044,"montelleintimates.com","Montelle Intimates","3.3%"
5508049,"horsesaddleshop.com","HorseSaddleShop.com","3.3%"
5508061,"hottperfume.com","HottPerfume","8.1%"
5508068,"houseofscuba.com","House of Scuba","4.6%"
5508072,"hughesnet.com","HughesNet","$97.50"
5508079,"hurom.com","HUROM","0.7%"
5508085,"hyphensleep.com","Hyphen Sleep","11.7%"
5508089,"iberiaexpress.com","Iberia Express","1.1%"
5508090,"i-blason.com","i-Blason","5.2%"
5508124,"imyfone.com","iMyFone","26%"
5508130,"indianselections.com","Indian Selections","9.8%"
5508142,"ink4less.com","Ink4Less","3.3%"
5508145,"inkplustoner.com","InkPlusToner.com","1.3%"
5508150,"innovatoys.com","InnovaToys & Gifts","5.2%"
5508172,"intheholegolf.com","IN THE HOLE! Golf","3.9%"
5508177,"inventorysource.com","Inventory Source","6.5%"
5508179,"invitationinabottle.com","Invitation In A Bottle","9.8%"
5508180,"ionoxygen.com","ION Stabilized Oxygen","9.8%"
5508182,"ipromo.com","iPromo","5.2%"
5508192,"isopurewater.com","IsoPure Water","3.3%"
5508195,"itcosmetics.com","IT Cosmetics","3.3%"
5508197,"stellarwp.com","StellarWP","16.3%"
5508197,"ithemes.com","StellarWP","16.3%"
5508201,"itsworthmore.com","ItsWorthMore","0.7%"
5508218,"javasok.com","Sok It","9.8%"
5508218,"sok-it.com","Sok It","9.8%"
5508225,"jerkysnob.com","Jerky Snob","6.5%"
5508229,"jettylife.com","Jetty","6.5%"
5508239,"jmclaughlin.com","J.McLaughlin","2%"
5508259,"julep.com","Julep","5.2%"
5508263,"justfreestuff.com","Just Free Stuff","$0.16"
5508297,"keetsa.com","Keetsa","4.6%"
5508297,"shop.keetsa.com","Keetsa","4.6%"
5508328,"kitbag.com","Kitbag","3.3%"
5508328,"fanaticsinc.com","Kitbag","3.3%"
5508329,"kitchenaid.com","KitchenAid","16.7%"
5508330,"kitchen-universe.com","Kitchen Universe","3.9%"
5508333,"kiyonna.com","Kiyonna Clothing","5.2%"
5508345,"koacoffee.com","Koa  Coffee","6.5%"
5508357,"kremp.com","Kremp Florist","1.3%"
5508360,"krochetkids.org","Krochet Kids","6.5%"
5508362,"kswiss.com","K-Swiss","2.6%"
5508364,"kurgo.com","Kurgo","4.6%"
5508371,"lacrossemonkey.com","Lacrosse Monkey","3.3%"
5508384,"lanmodo.com","Lanmodo","3.9%"
5508387,"larsonjewelers.com","Larson Jewelers","9.8%"
5508388,"labeauty.com","LaserAway Beauty","9.8%"
5508388,"laseraway.com","LaserAway Beauty","9.8%"
5508391,"lasvegasperks.com","Las Vegas Perks","13%"
5508392,"latexforless.com","Latex For Less","6.5%"
5508393,"lather.com","LATHER","7.8%"
5508399,"lavenderfieldsonline.com","Lavender Fields","3.3%"
5508414,"ledequipped.com","LED Equipped","6.5%"
5508415,"ledmall.com","LEDMALL.COM","6.5%"
5508443,"lifefone.com","Lifefone","$48.75"
5508447,"lifelinefitness.com","Lifeline Fitness","3.3%"
5508449,"lifterlms.com","LifterLMS","16.3%"
5508454,"lightingnewyork.com","Lighting New York","1.3%"
5508466,"linensandhutch.com","Linens & Hutch","4.6%"
5508471,"linktrackr.com","LinkTrackr","19.5%"
5508472,"lionbrand.com","Lion Brand Yarn","3.3%"
5508478,"liquidiv.com","Liquid I.V.","9.8%"
5508478,"liquid-iv.com","Liquid I.V.","9.8%"
5508487,"littlepassports.com","Little Passports","3.9%"
5508488,"littlespoon.com","Little Spoon Organic","3.3%"
5508489,"liveandsleep.com","Live and Sleep","6.2%"
5508494,"livehome3d.com","Live Home 3D","19.5%"
5508505,"loft.com","LOFT","0.7%"
5508515,"londontownusa.com","LONDONTOWN, INC.","5.2%"
5508520,"lookoptic.com","LOOK Optic","1.3%"
5508523,"loraliedesigns.com","Loralie Designs","9.8%"
5508526,"lostmydoggie.com","LostMyDoggie.com","$13.00"
5508533,"lovebookonline.com","LoveBook","9.8%"
5508535,"lovegoodly.com","Love Goodly","5.2%"
5508541,"lovemybubbles.com","Bubbles Bodywear","5.2%"
5508545,"lovewellness.com","Love Wellness","3.3%"
5508557,"lulus.com","Lulus","6.5%"
5508571,"luxlair.com","LUX LAIR","4.6%"
5508572,"luxorlinens.com","Luxor Linens","6.5%"
5508574,"lysse.com","Lyssé","3.3%"
5508575,"mabelslabels.com","Mabel's Labels","6.5%"
5508581,"madison-reed.com","Madison-Reed","13%"
5508583,"magazine-agent.com","Magazine-Agent.com","19.5%"
5508586,"magicalshuttle.com","Magical Shuttle","$3.81"
5508586,"magicalshuttle.co.uk","Magical Shuttle","$3.81"
5508601,"maliadesigns.com","Malia Designs","11.7%"
5508620,"masonzone.com","Zone - Mason Zone","13%"
5508626,"masterofproject.com","Master of Project Academy","9.8%"
5508628,"matchasource.com","Gotcha Matcha","5.9%"
5508628,"gotchamatcha.com","Gotcha Matcha","5.9%"
5508630,"matchingdonors.com","MatchingDonors.com","16.3%"
5508638,"matteformen.com","Matte For Men","4.6%"
5508642,"maximumslim.com","Maximum Slim","19.5%"
5508649,"medicalcarealert.com","Medical Care Alert","9.8%"
5508660,"mejuri.com","Mejuri","3.9%"
5508680,"mersea.com","Mer Sea & Co.","2%"
5508682,"metrofax.com","MetroFax","$19.50"
5508684,"metrolinedirect.com","MetrolineDirect.com","0.7%"
5508693,"mickeymonthly.com","Mickey Monthly","9.8%"
5508702,"milkmakeup.com","Milk Makeup","3.9%"
5508711,"minibardelivery.com","Minibar Delivery","$7.80"
5508715,"minimuseum.com","Mini Museum LLC","0.7%"
5508722,"minted.com","minted.","1.3%"
5508724,"miraclenoodle.com","Miracle Noodle","6.5%"
5508730,"mitesoff.com.au","UNGEX Pty Ltd","5.2%"
5508730,"ungexau.com","UNGEX Pty Ltd","5.2%"
5508731,"mixbook.com","Mixbook","3.9%"
5508732,"mlbshop.com","MLBShop.com","5.2%"
5508733,"mmaoverload.com","MMA Overload","4.6%"
5508746,"mochahost.com","MochaHost","13%"
5508747,"moddedzone.com","ModdedZone","2%"
5508748,"modernartisans.com","Modern Artisans","6.5%"
5508752,"modernnursery.com","Modern Nursery","3.3%"
5508759,"momentumwatch.com","Momentum Watch","7.8%"
5508772,"moonpig.com","Moonpig","6.5%"
5508781,"mosaicweightedblankets.com","Mosaic Weighted Blankets","6.5%"
5508797,"mozello.com","Mozello SIA","19.5%"
5508799,"mpgsport.com","MPG Sport","2.6%"
5508807,"mumshandmade.com","Mum's Handmade","6.5%"
5508808,"munchkin.com","Munchkin","5.2%"
5508830,"mychoicesoftware.com","My Choice Software LLC.","3.3%"
5508832,"mycubanstore.com","MyCubanStore.com","3.9%"
5508854,"mylivia.com","Livia","6.5%"
5508859,"myollie.com","Ollie Pets","$39.00"
5508885,"nashuanutrition.com","Nashua Nutrition","3.3%"
5508890,"nationalunderwriter.com","NationalUnderwriter and LawCatalog","6.5%"
5508891,"nativeshoes.com","Native","2%"
5508900,"naturehills.com","Nature Hills Nursery","3.9%"
5508911,"neostrata.com","NEOSTRATA","9.1%"
5508911,"exuviance.com","NEOSTRATA","9.1%"
5508912,"nestedbean.com","NESTED BEAN INC.","2%"
5508914,"net-a-porter.com","NET-A-PORTER","1.6%"
5508923,"newtonbaby.com","Newton Baby, Inc.","3.3%"
5508930,"nextbigideaclub.com","Next Big Idea Club","5.2%"
5508933,"nflshop.com","NFLShop.com","5.2%"
5508934,"nfstrike.com","NFSTRIKE","5.2%"
5508936,"ninetypluscellars.com","90+ Cellars Wine Shop","6.5%"
5508937,"ninjaforms.com","Ninja Forms","13%"
5508940,"nisim.com","Nisim International","9.8%"
5508950,"nolahsleep.com","Nolah Sleep","$6.50"
5508950,"nolahmattress.com","Nolah Sleep","$6.50"
5508954,"nomatic.com","NOMATIC.com","9.8%"
5508962,"nordicpure.com","Nordic Pure Air Filters","3.3%"
5508966,"northwestregisteredagent.com","Northwest Registered Agent LLC","$65.00"
5508973,"nuclear-coffee.com","Nuclear-Coffee","13%"
5508986,"nydesignerfabrics.com","NY Designer Fabrics","3.9%"
5508989,"nzxt.com","NZXT","3.3%"
5509004,"officialhcgdietplan.com","Official HGC Diet Plan","26%"
5509007,"ogio.com","OGIO","3.9%"
5509012,"oka-b.com","Oka-B","6.5%"
5509016,"oliveandpiper.com","olive + piper","3.9%"
5509017,"olivela.com","Olivela","1.3%"
5509019,"olivercabell.com","Oliver Cabell","0.7%"
5509022,"olmafood.com","OLMA IV Inc.","2%"
5509027,"onceuponatee.net","Once Upon a Tee","3.3%"
5509036,"onlineamishfurniture.com","Amish Furniture","2.6%"
5509040,"onlocationtours.com","On Location Tours","6.5%"
5509041,"onlykidshangers.com","Only Kids Hangers","5.2%"
5509055,"ora.organic","Ora Organic","9.8%"
5509063,"oseamalibu.com","OSEA Malibu","10.4%"
5509084,"packagingsuppliesbymail.com","Packaging Material Direct, In","2%"
5509095,"palmbeachjewelry.com","PalmBeach Jewelry","6.5%"
5509111,"paperhouseproductions.com","Paper House Productions","9.8%"
5509118,"partsgeek.com","PartsGeek.com","$0.26"
5509124,"patchcollection.com","Patch Collection","0.7%"
5509127,"patriotsoftware.com","Patriot Software","$13.00"
5509129,"paulsmith.com","Paul Smith","2.6%"
5509148,"pennyandgrace.com","Penny + Grace","$3.25"
5509156,"personalizedfriendlysongs.com","Friendly Songs","13%"
5509160,"petcube.com","Petcube","9.8%"
5509161,"petflow.com","PetFlow.com","5.9%"
5509164,"petmate.com","Petmate","6.5%"
5509165,"petplate.com","PetPlate","$16.25"
5509170,"pfile.com","Get Smart Products","5.2%"
5509171,"pgprint.com","Pgprint.com","9.8%"
5509174,"philosophersguild.com","Unemployed Philosophers Guild","6.5%"
5509177,"phoozy.com","PHOOZY","6.5%"
5509180,"photocanvasland.com","PhotoCanvasLand.com","6.5%"
5509183,"physiciannutrients.com","Physician Nutrients","6.5%"
5509202,"pintoranch.com","Pinto Ranch","3.3%"
5509206,"piscifun.com","Piscifun","6.5%"
5509207,"pishposhbaby.com","pishposhbaby","3.9%"
5509211,"pixelyoursite.com","pixelyoursite","13%"
5509214,"plaekids.co","PLAE.co","2.6%"
5509214,"plae.co","PLAE.co","2.6%"
5509214,"kidsshoes.com","PLAE.co","2.6%"
5509217,"planetbeauty.com","Planet Beauty Inc","3.3%"
5509224,"plazancosmetics.com","PLAZAN Cosmetics","7.8%"
5509228,"plrproducts.com","PLR Products","32.5%"
5509232,"plushbeds.com","PlushBeds","9.8%"
5509233,"plushible.com","Plushible.com","5.2%"
5509237,"poeticjusticejeans.com","Poetic Justice","5.9%"
5509241,"poochperks.com","Pooch Perks Inc.","6.5%"
5509249,"popsockets.com","PopSockets","7.8%"
5509250,"popuptee.com","PopUpTee.com","7.8%"
5509255,"positivepromotions.com","Positive Promotions","3.3%"
5509268,"presentermedia.com","Presenter Media","13%"
5509274,"pretty-attitude.com","Pretty Attitude","6.5%"
5509278,"prideshack.com","Pride Shack","13%"
5509288,"printcandies.com","PrintCandies.com","7.8%"
5509309,"proozy.com","Proozy","3.9%"
5509322,"psychobunny.com","Psycho Bunny","3.3%"
5509324,"publicgoods.com","Public Goods","6.5%"
5509326,"puffy.com","Puffy Mattress","14.6%"
5509331,"purelyalpaca.com","PurelyAlpaca","6.5%"
5509338,"purple.com","Purple Mattress","1.3%"
5509343,"qbedding.com","Qbedding Inc","2.6%"
5509360,"radiofence.com","RadioFence.com","2.6%"
5509372,"rawpawspetfood.com","Raw Paws Pet Food","6.5%"
5509373,"rawspicebar.com","RawSpiceBar","16.3%"
5509377,"readers.com","Readers.com","3.9%"
5509392,"reddremedies.com","Redd Remedies","9.8%"
5509395,"redshelf.com","RedShelf","3.3%"
5509397,"refinergolf.com","ReFiner Golf Company","7.8%"
5509400,"regenepure.com","Regenepure","6.5%"
5509410,"renttherunway.com","Rent The Runway","6.5%"
5509415,"reservebar.com","ReserveBar","2%"
5509432,"revive.social","Revive Social","35.8%"
5509433,"revoamerica.com","Revo America Corp.","3.3%"
5509461,"rockfordcollection.com","Rockford Collection","2.3%"
5509465,"rodial.co.uk","Rodial","4.6%"
5509465,"us.rodial.com","Rodial","4.6%"
5509481,"rubberchickencards.com","Rubber Chicken Cards","32.5%"
5509487,"ruggedoutdoors.com","Rugged Outdoors, Inc","0.5%"
5509505,"saganlife.com","Sagan Life","7.8%"
5509505,"saganpotablewater.com","Sagan Life","7.8%"
5509512,"saloonbox.com","SaloonBox","0.7%"
5509517,"sanctuaryclothing.com","Sanctuary Clothing","3.3%"
5509520,"sansiled.com","SANSI LED LIGHTING INC.","13%"
5509535,"scentbox.com","ScentBox.com","$5.20"
5509548,"agoda.com","Agoda","3.9%"
5509551,"searspartsdirect.com","Sears PartsDirect","2.6%"
5509552,"sears.com","Sears","1.3%"
5509555,"sebastiancruzcouture.com","Sebastian Cruz Couture","6.5%"
5509564,"securesafetysolutions.com","Personal Safety Corporation","6.5%"
5509576,"selectwisely.com","SelectWisely LLC","9.8%"
5509577,"self-counsel.com","Self-Counsel Press","6.5%"
5509581,"sellersavingsdirect.com","Seller Savings Direct","13%"
5509602,"sewingmachinesplus.com","Sewingmachinesplus.com","6.5%"
5509611,"shart.com","Shirtframe / Shart.com","5.2%"
5509615,"sheddefender.com","Shed Defender","5.2%"
5509621,"shippingeasy.com","ShippingEasy","$96.85"
5509622,"shipt.com","Shipt","6.5%"
5509640,"shop.chiefs.com","KC Chiefs Pro Shop","5.2%"
5509641,"shop.clevelandbrowns.com","Cleveland Browns Shop","5.2%"
5509652,"shop.gessato.com","Gessato","5.9%"
5509653,"shop.giants.com","NY Giants Fan Shop","5.2%"
5509659,"shop.greatlowcarb.com","Great Low Carb Bread Company","0.7%"
5509659,"greatlowcarb.com","Great Low Carb Bread Company","0.7%"
5509685,"reebok.com","Reebok","3.3%"
5509694,"shop.texassports.com","Texas Longhorns Official Shop","5.2%"
5509703,"shopus.furbo.com","Furbo Dog Camera","6.5%"
5509703,"furbo.com","Furbo Dog Camera","6.5%"
5509705,"shopworn.com","The Solist","2%"
5509705,"thesolist.com","The Solist","2%"
5509732,"simplyworkout.com","simplyWORKOUT","7.8%"
5509743,"sizzlefish.com","Sizzlefish","9.8%"
5509756,"sky-tours.com","Skytours US","$7.48"
5509757,"sleekshop.com","SleekShop","1.3%"
5509758,"sleepez.com","Sleep EZ USA, Inc.","6.5%"
5509761,"sleeptightmouthpiece.com","SleepTight Mouthpiece","$13.00"
5509785,"snakeriverfarms.com","Snake River Farms","3.3%"
5509797,"snoremeds.com","SnoreMeds","16.3%"
5509800,"snowjoe.com","Shop Joe","1.3%"
5509805,"soccer.com","SOCCER.com","1.3%"
5509811,"society6.com","Society6","2.6%"
5509815,"sockpanda.com","Sock Panda","6.5%"
5509817,"softsurroundings.com","Soft Surroundings","5.2%"
5509823,"sokoglam.com","Soko Glam","2.6%"
5509827,"solorganix.com","SOL Organics","9.1%"
5509835,"soulnation.com","Soul Electronics","6.5%"
5509835,"soulelectronics.com","Soul Electronics","6.5%"
5509845,"sovereignlaboratories.com","Sovereign Laboratories LLC","6.5%"
5509858,"spiritjersey.com","Spirit Jersey","5.2%"
5509861,"spohn.net","Spohn Performance, Inc.","3.3%"
5509864,"sportsboxco.com","Sports Box Co.","4.6%"
5509867,"sprayplanet.com","Spray Planet","3.3%"
5509874,"squattypotty.com","Squatty Potty","3.3%"
5509879,"stackedskincare.com","StackedSkincare","5.2%"
5509882,"stampington.com","Stampington & Company","3.9%"
5509883,"starlightlighting.ca","Starlight Lighting","7.2%"
5509888,"statgeartools.com","Statgear","7.8%"
5509895,"stegmannusa.com","Stegmann Clogs","2.6%"
5509897,"steinersports.com","Steiner Sports","6.5%"
5509911,"stonetiledepot.com","StoneTileDepot","6.5%"
5509917,"store.alivecor.com","Kardia","6.5%"
5509917,"store.kardia.com","Kardia","6.5%"
5509923,"store.hifiman.com","HIFIMAN","3.3%"
5509928,"store.mykeyport.com","Keyport, Inc.","4.6%"
5509928,"mykeyport.com","Keyport, Inc.","4.6%"
5509929,"store.nascar.com","NASCARShop","3.9%"
5509940,"storq.com","Storq Inc","5.2%"
5509979,"sunsky-online.com","Sunsky","3.9%"
5509981,"supcase.com","SupCase","5.2%"
5509985,"supergoop.com","Supergoop!","3.9%"
5509986,"superherostuff.com","SuperHeroStuff.com","6.5%"
5509990,"supremesuspensions.com","Supreme Suspensions","3.3%"
5509998,"sensorpro.epsilon.com","Shopper's Voice: Coupons. Samples. Free Stuff","$1.95"
5509998,"survey.eu.epidm.net","Shopper's Voice: Coupons. Samples. Free Stuff","$1.95"
5510001,"survivalfrog.com","Survival Frog","7.8%"
5510024,"swyftfilings.com","Swyft Filings","$65.00"
5510038,"tailwindapp.com","Tailwind","9.8%"
5510040,"talbots.com","Talbots","1.3%"
5510041,"talkspace.com","Talkspace","$325.00"
5510049,"taosfootwear.com","Taos Footwear","1.3%"
5510051,"taragrinna-swimwear.com","Tara Grinna","9.8%"
5510061,"teabloom.com","Teabloom","7.8%"
5510065,"teamviewer.com","TeamViewer","6.5%"
5510067,"teavivre.com","TeaVivre","7.8%"
5510074,"teethnightguard.com","TeethNightGuard.com","5.2%"
5510077,"tefl.ie","The TEFL Institute of Ireland","6.5%"
5510083,"tempurpedic.com","Tempur-Pedic","1.3%"
5510088,"terrathread.com","Terra Thread","6.5%"
5510118,"thedarkknot.com","The Dark Knot Limited","6.5%"
5510125,"thefutonshop.com","The Futon Shop","3.3%"
5510142,"thelumicharge.com","Lumi Charge","3.3%"
5510144,"themeisle.com","Themeisle","35.8%"
5510154,"thepersonalbarber.com","The Personal Barber","2.6%"
5510160,"therapyg.com","Therapy-G","13%"
5510172,"thespoiledmama.com","The Spoiled Mama","6.5%"
5510179,"theteabook.com","The TeaBook","6.5%"
5510180,"theteaspot.com","The Tea Spot","3.3%"
5510197,"thinoptics.com","ThinOPTICS","16.3%"
5510201,"thisisj.com","This is J","1.3%"
5510210,"threads4thought.com","Threads 4 Thought","3.3%"
5510240,"tonybianco.com","Tony Bianco","1.3%"
5510241,"toolstoday.com","Tools Today","2%"
5510255,"tossabledigits.com","Tossable Digits","32.5%"
5510274,"trainpetdog.com","TrainPetDog.com","32.5%"
5510282,"traversebayfarms.com","Traverse Bay Farms","6.5%"
5510285,"treadlabs.com","Tread Labs","9.8%"
5510291,"tremormiracle.com","TremorMiracle","13%"
5510300,"trivago.com","Trivago","$1.95"
5510303,"trophycentral.com","TrophyCentral","2%"
5510304,"tropicaloasis.com","Tropical Oasis","6.5%"
5510306,"trubrain.com","truBrain","21.1%"
5510329,"tulsabodyjewelry.com","Tulsa Body Jewelry","9.8%"
5510336,"tuxedocloseouts.com","Tuxedo Closeouts","9.8%"
5510366,"unigearshop.com","Unigear","9.8%"
5510368,"unisciencegroup.com","Uniscience Group","6.5%"
5510371,"universalstandard.com","Universal Standard","2.6%"
5510386,"urthbox.com","UrthBox","2%"
5510391,"chantelle.com","Chantelle Lingerie","2.6%"
5510391,"us.chantelle.com","Chantelle Lingerie","2.6%"
5510395,"usjewelryfactory.com","US Jewelry Factory","3.3%"
5510396,"us.maje.com","Maje","3.3%"
5510403,"v4ink.com","V4ink","11.7%"
5510443,"veginout.com","Vegin' Out","6.5%"
5510457,"viator.com","Viator","7.8%"
5510460,"victoriaemerson.com","Victoria Emerson","5.2%"
5510475,"vinitysoft.com","Vinity Soft inc.","16.3%"
5510482,"viofo.com","VIOFO","0.7%"
5510483,"vipoutlet.com","VIP OUTLET","0.5%"
5510488,"virtualpbx.com","VirtualPBX","$1,105.00"
5510491,"vishaskincare.com","Visha Skincare","6.5%"
5510500,"vitacup.com","VitaCup","$13.00"
5510503,"vitaliving.com","Vita Living","7.8%"
5510504,"vitasprings.com","VitaSprings.com","6.5%"
5510514,"vnyl.org","VNYL","3.3%"
5510518,"volcanicacoffee.com","Volcanica Coffee Company","6.5%"
5510536,"walkinlab.com","Walk-In Lab, LLC","3.3%"
5510540,"wallsrepublic.com","Walls Republic","4.6%"
5510541,"waltlife.com","Walt Life, Inc.","7.8%"
5510542,"wanderlustandco.com","Wanderlust + Co","2%"
5510548,"warpweftworld.com","Warp + Weft","9.8%"
5510564,"wearpanda.com","Panda Optical","9.8%"
5510578,"wellnessbriefs.com","Unique Wellness","4.6%"
5510590,"whiteandwarren.com","White + Warren","2%"
5510591,"whizlabs.com","Whizlabs.com","9.8%"
5510595,"wholesalescarvesusa.com","Wholesale Scarves","3.3%"
5510613,"winkylux.com","Winky Lux","5.2%"
5510626,"womensuits.com","Womensuits.com","6.5%"
5510633,"woodzee.com","Woodzee Inc.","9.8%"
5510659,"wyzant.com","Wyzant","6.5%"
5510661,"xaxe.com","Xaxe.com","7.8%"
5510674,"yogadownload.com","YogaDownload","7.8%"
5510679,"yogisurprise.com","Yogi Surprise","$10.40"
5510695,"yummielife.com","Yummie","6.5%"
5510695,"yummie.com","Yummie","6.5%"
5510711,"zerohalliburton.com","ZERO Halliburton","3.3%"
5510715,"zipjob.com","ZipJob","4.6%"
5510726,"zoomget.com","Zoomget","6.5%"
5510729,"zquiet.com","ZQuiet","9.8%"
5512442,"aerosoles.com","Aerosoles","3.9%"
5512447,"aloyoga.com","Alo Yoga","8.5%"
5512450,"andreassous.com","André Assous","4.6%"
5512454,"applesofgold.com","Apples of Gold","5.2%"
5512460,"ashleyfurniture.com","Ashley","2%"
5512461,"audiobooks.com","Audiobooks.com","$2.93"
5512470,"bark.com","Bark","$9.75"
5512471,"bjornqorn.com","BBQ Fans Inc.","6.5%"
5512472,"bbqgalore.com","Barbeques Galore","3.3%"
5512477,"belstaff.com","Belstaff","2.6%"
5512486,"binxybaby.com","Binxy Baby","4.6%"
5512494,"bodyjewelry.com","BodyJewelry.com","9.8%"
5512496,"bountyhunterwine.com","Bounty Hunter Rare Wine & Spirits","2%"
5512502,"brastop.com","Brastop Ltd","2.6%"
5512535,"combatflipflops.com","Combat Flip Flops","8.5%"
5512536,"competeeveryday.com","Compete Every Day LLC","4.9%"
5512543,"cynthiarowley.com","Cynthia Rowley","5.2%"
5512548,"detoxorganics.com","Detox Organics","6.5%"
5512557,"dockatot.com","DockATot","0.7%"
5512573,"everywherechair.com","Everywhere Chair","2%"
5512611,"grasshopper.com","Grasshopper Group","$65.00"
5512623,"herbdoc.com","Dr. Schulze's","1%"
5512626,"icechexx.com","Innovative Concepts in Entertainment, Inc.","3.3%"
5512626,"homearcadegames.com","Innovative Concepts in Entertainment, Inc.","3.3%"
5512632,"inkbox.com","inkbox Tattoos","3.3%"
5512652,"kerastase-usa.com","Kerastase","3.9%"
5512656,"koss.com","KOSS Stereophones","2%"
5512657,"labelyourstuff.com","Label Your Stuff","9.8%"
5512663,"lightspeedhq.com","Lightspeed","$650.00"
5512671,"lollicupstore.com","Lollicup","1.3%"
5512671,"lollicupstore2.com","Lollicup","1.3%"
5512709,"myperfectresume.com","MyPerfectResume","$3.25"
5512716,"nature.com","Nature","13%"
5512719,"neimanmarcus.com","Neiman Marcus","3.9%"
5512727,"onekingslane.com","One Kings Lane","1.3%"
5512750,"petsbest.com","Pets Best Pet Insurance","$1.56"
5512755,"cloudways.com","Cloudways","$65.00"
5512755,"platform.cloudways.com","Cloudways","$65.00"
5512762,"preply.com","Preply","$6.50"
5512769,"redlinegoods.com","Redline Automotive Accessories Corp.","4.6%"
5512773,"rogue-industries.com","Rogue Industries","5.9%"
5512776,"rushmypassport.com","RushMyPassport.com","6.5%"
5512777,"samsclub.com","Sam's Club","9.8%"
5512778,"scalpmed.com","ScalpMED","3.3%"
5512780,"sheetworld.com","Sheetworld","4.2%"
5512781,"shmoop.com","Shmoop","13%"
5512800,"snorerx.com","SnoreRx","$9.75"
5512804,"softpaws.com","Soft Paws","2%"
5512806,"splendid.com","Splendid","2.6%"
5512807,"sportsintegrity.com","SportsIntegrity.Com LLC","5.2%"
5512822,"svsound.com","SVS","4.6%"
5512838,"thejacketmaker.com","The Jacket Maker","6.5%"
5512847,"thesslstore.com","The SSL Store","3.3%"
5512855,"totallyguitars.com","Totally Guitars","32.5%"
5512857,"tovala.com","Tovala","$6.50"
5512863,"unchartedsupplyco.com","Uncharted Supply Co.","3.3%"
5512867,"us.caudalie.com","Caudalie","4.6%"
5512870,"us.marimekko.com","marimekko","5.2%"
5512870,"marimekko.com","marimekko","5.2%"
5512884,"walking-canes.net","The Siceloff Companies","4.6%"
5512896,"yourmoonphase.com","YourMoonPhase","6.5%"
5512898,"yvettesports.com","Yvette Sports","6.5%"
5512900,"zatiknaturals.com","Zatik Inc.","9.8%"
5512900,"zatiknatural.com","Zatik Inc.","9.8%"
5512902,"zesttea.com","Zest Tea","16.3%"
5513010,"dickssportinggoods.com","Dick's Sporting Goods","16.7%"
5513011,"discounttire.com","Discount Tire","2%"
5513011,"americastire.com","Discount Tire","2%"
5514608,"buildabear.com","Build-A-Bear","3.3%"
5517485,"officedepot.com","Office Depot","2.6%"
5517486,"bedbathandbeyond.com","Bed Bath & Beyond","4.6%"
5518548,"blockchain-council.org","Blockchain Council","13%"
5518557,"kelty.com","Kelty","1.3%"
5518560,"slumberjack.com","Slumberjack","1.3%"
5518562,"ultimatedirection.com","Ultimate Direction","1.3%"
5518565,"jewelryandfindings.com","jewelryandfindings","3.3%"
5518568,"avacaremedical.com","AvaCare Medical","3.3%"
5518569,"prioritypass.com","Priority Pass","6.5%"
5518602,"goodto-go.com","Good To-Go","3.9%"
5518603,"collectorsquare.com","Collector Square","4.6%"
5518612,"jerkfit.com","JerkFit","6.5%"
5518620,"prioritybicycles.com","Priority Bicycles","0.7%"
5518623,"fitnessassistant.net","X3M Consulting Ltd","26%"
5518623,"x3msoftware.com","X3M Consulting Ltd","26%"
5518632,"mysteryranch.com","Mystery Ranch Backpacks","3.3%"
5518637,"overlandsolar.com","Overland Solar","6.5%"
5518639,"pocampo.com","Po Campo","5.2%"
5518646,"ridgemerino.com","Ridge Merino","4.2%"
5518653,"guessfactory.ca","Guess Factory","2.1%"
5518653,"guessfactory.com","Guess Factory","2.6%"
5518654,"marciano.com","Guess Marciano","2.6%"
5518654,"guessbymarciano.guess.com","Guess Marciano","2.6%"
5518664,"punkdesign.shop","Punk Design","2%"
5518680,"swiftwick.com","Swiftwick","4.6%"
5518685,"bugatchi.com","Bugatchi","3.9%"
5518706,"havenly.com","Havenly","3.3%"
5518712,"mcafee.com","McAfee","$19.50"
5518723,"store.blackview.hk","Blackview","3.3%"
5518723,"blackview.hk","Blackview","3.3%"
5518726,"havaianas.com","Havaianas","8.5%"
5518738,"splits59.com","Splits59","5.2%"
5518740,"wig-supplier.com","L-email Wig","5.2%"
5518743,"tateossian.com","Tateossian","13%"
5518743,"us.tateossian.com","Tateossian","13%"
5518744,"kuiu.com","KUIU","3.3%"
5518744,"store.kuiu.com","KUIU","3.3%"
5518751,"royalapparel.net","Royal Apparel","7.8%"
5518753,"jibjab.com","JibJab.com","4.6%"
5518756,"baublebar.com","BaubleBar","2%"
5518760,"pinkblushmaternity.com","PINKBLUSH","3.3%"
5518762,"strength.com","Supplement Hunt","2%"
5518762,"supplementhunt.com","Supplement Hunt","2%"
5518764,"skybygramophone.com","Sky by Gramophone","2%"
5518765,"footjoy.com","FootJoy","5.2%"
5518770,"shopbop.com","Shopbop","2%"
5518773,"kidpik.com","Kidpik Basics","6.5%"
5518773,"shop.kidpik.com","Kidpik Basics","6.5%"
5518785,"fenix-store.com","Fenix Store","2%"
5518789,"auratenewyork.com","Aurate New York","3.9%"
5518791,"philosophy.com","Philosophy","3.9%"
5518795,"gopurepod.com","GoPure Pod","7.8%"
5518799,"turtlefur.com","Turtle Fur","3.3%"
5518801,"lensesrx.com","LensesRx","3.9%"
5518802,"arloskye.com","Arlo Skye","3.3%"
5518807,"jachsny.com","JACHS NY","3.9%"
5518809,"biossance.com","Biossance","8.5%"
5518814,"onmolecule.com","Molecule Sleep","2.6%"
5518821,"shearcomfort.com","ShearComfort Seat Covers","4.6%"
5518959,"mybkr.com","bkr","2.6%"
5518961,"uscfsales.com","US Chess Sales","2%"
5518964,"craftbeerclub.com","CraftBeerClub.com","4.6%"
5518970,"sephrausa.com","Sephra","5.2%"
5518970,"sephra.com","Sephra","5.2%"
5518973,"belightsoft.com","BeLight Software","19.5%"
5518984,"mintmobile.com","Mint Mobile","$3.25"
5518985,"thermacell.com","Thermacell Repellents","4.6%"
5518987,"roofnest.com","Roofnest","3.3%"
5518988,"1800petmeds.com","PetMeds","3.3%"
5518992,"thinx.com","Thinx","5.9%"
5519000,"summitsoft.com","Summitsoft","19.5%"
5519001,"transparentech.com","TransparenTech","5.2%"
5519001,"stockmarketeye.com","TransparenTech","5.2%"
5519007,"wandrd.com","WANDRD","6.5%"
5519016,"icancycling.com","ICAN Sports Equipment","3.3%"
5519030,"unearthedcandles.com","Candleberry","13%"
5519030,"candleberry.com","Candleberry","13%"
5519035,"flexclip.com","FlexClip","19.5%"
5519044,"dooney.com","Dooney & Bourke","2%"
5519049,"proshotcase.com","ProShotCase","6.5%"
5519050,"nau.com","Nau Clothing","4.6%"
5519052,"rover.com","Rover","3.3%"
5519054,"shop.quiltedkoala.com","Quilted Koala","9.8%"
5519071,"theoandgeorge.com","Theo+George","4.6%"
5519075,"lorextechnology.com","Lorex","1.3%"
5519075,"lorex.com","Lorex","1.3%"
5519076,"boostmobile.com","Boost Mobile","32.5%"
5519081,"gruntstyle.com","Grunt Style","2%"
5519084,"boohooman.com","boohooMAN","5.9%"
5519089,"ydesigngroup.com","Lumens","3.9%"
5519089,"lumens.com","Lumens","3.9%"
5519099,"luzernlabs.com","Luzern Labs","4.6%"
5519105,"randolphusa.com","Randolph","5.9%"
5519108,"intego.com","Intego","32.5%"
5519113,"contenta-converter.com","Contenta Software","19.5%"
5519115,"macplus-software.com","MacPlus Software","22.8%"
5519115,"noteifyapp.com","MacPlus Software","22.8%"
5519121,"mackenzieltd.com","Chesapeake Bay","2.1%"
5519121,"cbcrabcakes.com","Chesapeake Bay","2.6%"
5519148,"sparefoot.com","SpareFoot","$4.55"
5519151,"vintandyork.com","vint & york","1.3%"
5519184,"immunetree.com","Immune Tree","13%"
5519186,"demdaco.com","DEMDACO","3.3%"
5519187,"wildorchidquilts.net","Casagear","3.3%"
5519187,"casagear.com","Casagear","3.3%"
5519199,"discountramps.com","Discount Ramps","9.8%"
5519200,"tiqets.com","Tiqets","3.3%"
5519201,"vistaprint.com","Vistaprint","2.6%"
5519208,"camillejewelry.com","Camille Jewelry","6.5%"
5519221,"foxcroftcollection.com","Foxcroft","2.1%"
5519255,"theflowerfactoryusa.com","The Flower Factory","6.5%"
5519255,"theflowerfactory.com","The Flower Factory","6.5%"
5519259,"ultimatebodypress.com","Ultimate Body Press Inc","6.5%"
5519266,"junoactive.com","JunoActive","3.3%"
5519266,"junonia.com","JunoActive","3.3%"
5519279,"webeyecare.com","WebEyeCare","2.6%"
5519286,"saksfifthavenue.com","Saks Fifth Avenue","1.3%"
5519291,"anthropologie.com","Anthropologie","3.9%"
5519293,"floatiekings.com","Floatie Kings","16.3%"
5519300,"boutiquerugs.com","Boutique Rugs","2.6%"
5519304,"ecosa.com","Ecosa","1.3%"
5519305,"breobox.com","Breo Box","$6.50"
5519311,"chikoshoes.com","Chiko Shoes","6.5%"
5519314,"goodoffer24.com","goodoffer24","3.3%"
5519316,"otticanet.com","Otticanet","3.9%"
5519319,"box.com","Box.com","$97.50"
5519333,"mgemi.com","M.Gemi","5.2%"
5519350,"roka.com","ROKA","3.3%"
5519353,"leadpages.com","Leadpages","$130.00"
5519356,"desigual.com","Desigual","6.5%"
5519378,"mugler.com","Mugler","5.2%"
5519379,"magical-trip.com","MagicalTrip","5.2%"
5519383,"zoro.com","Zoro","3.9%"
5519385,"turtlebeach.com","Turtle Beach","3.9%"
5519418,"hickoryfarms.com","Hickory Farms","4.6%"
5519483,"toofaced.com","Too Faced Cosmetics","0.5%"
5519489,"autodesk.com","Autodesk","6.5%"
5519491,"praknex.com","Praknex Solutions private limited - Winmetry","45.5%"
5519491,"winmetry.com","Praknex Solutions private limited - Winmetry","45.5%"
5519493,"thetopvillas.com","Top Villas","3.3%"
5519512,"bydroom.com","Eli & Elm","1.3%"
5519512,"eliandelm.com","Eli & Elm","1.3%"
5519514,"hollyandbeau.com","Holly and Beau Ltd","6.5%"
5519518,"willowtree.com","Willow Tree","3.3%"
5519528,"babyaspen.com","Baby Aspen","4.6%"
5519529,"kateaspen.com","Kate Aspen","4.6%"
5519584,"frenchconnection.com","French Connection","1.3%"
5519584,"usa.frenchconnection.com","French Connection","2.6%"
5519592,"itshot.com","ItsHot","3.3%"
5519601,"products.theayurvedaexperience.com","The Ayurveda Experience","9.8%"
5519601,"theayurvedaexperience.com","The Ayurveda Experience","9.8%"
5519642,"looking4.com","Looking4Parking","3.3%"
5519661,"withclarity.com","With Clarity","2.6%"
5519661,"fourmine.com","With Clarity","2.6%"
5519668,"uniquerewards.com","UniqueRewards.com, Inc.","$1.30"
5519670,"bookoutlet.com","BookOutlet","2.6%"
5519680,"kotn.com","Kotn","1.3%"
5519692,"www.zola.com","Zola","6.5%"
5519692,"zola.com","Zola","6.5%"
5519693,"yaasa.com","Yaasa","3.3%"
5519698,"wristbandexpress.com","WristbandExpress.com","3.3%"
5519717,"lingoda.com","Lingoda","$38.12"
5519737,"kennethjaylane.com","Kenneth Jay Lane","4.6%"
5519742,"moltonbrown.com","Molton Brown","3.9%"
5519743,"lukalula.com","Lukalula Inc","9.8%"
5519750,"garrettwade.com","Garrett Wade","6.5%"
5519762,"us.calzedonia.com","Calzedonia","0.7%"
5519762,"calzedonia.com","Calzedonia","0.7%"
5519766,"whatgoesaroundnyc.com","What Goes Around Comes Around","2.6%"
5519771,"raen.com","RAEN","5.2%"
5519805,"unitedbyblue.com","United By Blue","3.3%"
5519882,"stockx.com","StockX","1.3%"
5519883,"finishline.com","Finish Line","5.2%"
5519899,"voipsupply.com","VoIP Supply","2%"
5519908,"herbspro.com","Herbspro","6.5%"
5519909,"discountschoolsupply.com","Discount School Supply","2.6%"
5519916,"velvet-tees.com","Velvet by Graham & Spencer","5.2%"
5519929,"weightwatchers.com","Weight Watchers","$6.50"
5519932,"ezup.com","E-Z UP","1.6%"
5519965,"yogasleep.com","Yogasleep","6.5%"
5519965,"marpac.com","Yogasleep","6.5%"
5519989,"respshop.com","Respshop","3.3%"
5519999,"koveaudio.com","Kove","7.8%"
5519999,"kovespeakers.com","Kove","7.8%"
5520015,"themusicstand.com","The Music Stand","2.6%"
5520045,"thepaisleybox.com","The Paisley Box","4.2%"
5520048,"kosterina.com","Kosterina","4.6%"
5520068,"knownhost.com","KnownHost, LLC","$61.75"
5520072,"123rf.com","123RF","13%"
5520139,"jolse.com","Jolse","4.6%"
5520185,"prioritytire.com","Priority Tire","3.9%"